Generation,Fitness,Elite_Fitness,Proxy,Proxy_norm,ESM,ESM_norm,Mutations
0,0.41314142827222544,0.37758761150188486,0.5088797728365594,0.662406011335159,-0.24317625164985657,0.3063137498166826,42F>L;54N>L;63T>E;87S>G;90G>T;153I>A;156K>Q;159A>S;176Y>I;183V>L;186T>V;188L>I;191A>N;195L>A;218N>G;221S>T;245F>H;268V>Q;272S>T;277D>G
1,0.46015267002359284,0.4069070738682145,0.5276256776045624,0.688043708087402,0.26236574053764344,0.3624850822819604,42F>L;57S>L;63T>E;85D>G;92P>V;125G>T;134D>T;156K>Q;159A>S;176Y>I;184A>G;191A>N;205I>V;245F>T;259V>I;265T>E;268V>Q;272S>T;275G>S;277D>G
2,0.46015267002359284,0.43333429475664714,0.5276256776045624,0.688043708087402,0.26236574053764344,0.3624850822819604,42F>L;57S>L;63T>E;85D>G;92P>V;125G>T;134D>T;156K>Q;159A>S;176Y>I;184A>G;191A>N;205I>V;245F>T;259V>I;265T>E;268V>Q;272S>T;275G>S;277D>G
3,0.5449405543482679,0.4654409176330496,0.5326539722414017,0.6949206177204998,1.325970458984375,0.4806633843315972,39I>L;74A>G;79T>L;82E>T;84D>N;92P>V;93T>S;102N>R;103E>K;138M>A;153I>V;176Y>L;183V>L;194T>P;205I>A;219M>A;242Y>W;258T>S;278G>S;295S>G
4,0.5568744482880706,0.4923264508111785,0.5441928576444119,0.7107016882253606,1.4185363948345184,0.4909484883149465,42F>L;65D>A;74A>G;77A>T;78T>V;138M>V;148V>A;150A>S;154T>L;176Y>L;178A>G;212D>N;216G>D;239L>A;243H>V;255N>D;265T>Q;266E>V;284T>I;295S>A
5,0.5568744482880706,0.5244667773164418,0.5441928576444119,0.7107016882253606,1.4185363948345184,0.4909484883149465,42F>L;65D>A;74A>G;77A>T;78T>V;138M>V;148V>A;150A>S;154T>L;176Y>L;178A>G;212D>N;216G>D;239L>A;243H>V;255N>D;265T>Q;266E>V;284T>I;295S>A
6,0.5697433703585747,0.5459048756870776,0.5584191010700252,0.7301581038736472,1.5089477896690369,0.5009941988521152,42F>M;46S>A;93T>S;114D>T;115L>I;138M>V;148V>A;153I>V;171F>V;176Y>L;181A>S;205I>A;219M>A;228T>K;245F>H;255N>D;266E>V;284T>I;289W>Y;293Y>S
7,0.6028862484971518,0.5665982754682767,0.5816760677132867,0.7619653207328038,1.8123855292797089,0.534709503253301,30D>A;33S>Q;40D>K;63T>A;89Y>F;92P>S;116S>Q;138M>V;148V>A;156K>Q;159A>S;163S>K;171F>V;176Y>L;178A>G;191A>N;208L>Q;270V>I;284T>I;293Y>S
8,0.6034418843933367,0.5774655081863328,0.5536002927660315,0.7235676966602352,1.9676345407962799,0.5519593934218089,39I>L;48A>S;79T>L;89Y>F;92P>S;100P>T;103E>K;128S>D;138M>V;148V>A;176Y>L;178A>G;183V>L;195L>T;216G>A;269G>S;270V>Q;272S>T;284T>I;295S>G
9,0.6357646834912447,0.5903854619025293,0.5710651713169991,0.7474534074672553,2.2910827875137327,0.5878980875015258,34T>A;42F>L;52S>K;92P>V;100P>N;103E>K;128S>D;138M>V;156K>Q;171F>A;176Y>L;182A>T;205I>V;215T>S;219M>A;262S>D;267V>I;268V>T;277D>G;284T>I
10,0.6357646834912447,0.6019176379032661,0.5710651713169991,0.7474534074672553,2.2910827875137327,0.5878980875015258,34T>A;42F>L;52S>K;92P>V;100P>N;103E>K;128S>D;138M>V;156K>Q;171F>A;176Y>L;182A>T;205I>V;215T>S;219M>A;262S>D;267V>I;268V>T;277D>G;284T>I
11,0.6357646834912447,0.6110634495374182,0.5710651713169991,0.7474534074672553,2.2910827875137327,0.5878980875015258,34T>A;42F>L;52S>K;92P>V;100P>N;103E>K;128S>D;138M>V;156K>Q;171F>A;176Y>L;182A>T;205I>V;215T>S;219M>A;262S>D;267V>I;268V>T;277D>G;284T>I
12,0.655085057932966,0.6193770346628438,0.5672659656448678,0.7422574521838508,2.5595291435718535,0.6177254603968726,68N>S;82E>T;84D>N;92P>V;100P>D;103E>K;128S>D;134D>S;138M>A;149I>V;159A>S;171F>A;176Y>L;178A>G;183V>L;208L>T;218N>S;266E>V;270V>Q;293Y>S
13,0.655085057932966,0.6275657007508608,0.5672659656448678,0.7422574521838508,2.5595291435718535,0.6177254603968726,68N>S;82E>T;84D>N;92P>V;100P>D;103E>K;128S>D;134D>S;138M>A;149I>V;159A>S;171F>A;176Y>L;178A>G;183V>L;208L>T;218N>S;266E>V;270V>Q;293Y>S
14,0.6690801498005661,0.6366680232088,0.5932791420820197,0.7778341787975825,2.602241522073746,0.6224712802304162,79T>L;92P>V;100P>D;103E>K;128S>D;129V>A;138M>A;144E>K;153I>V;159A>S;176Y>L;205I>V;208L>Q;212D>N;216G>S;228T>K;268V>S;276N>S;284T>I;295S>G
15,0.6815194295170939,0.6448390370531232,0.593625983156536,0.7783085334046138,2.7603454649448396,0.640038384993871,34T>S;56E>S;79T>L;92P>V;93T>S;103E>K;129V>A;138M>V;144E>K;148V>A;153I>V;171F>A;176Y>L;205I>V;216G>A;218N>S;228T>K;255N>D;268V>S;284T>I
16,0.6815194295170939,0.6487322912169593,0.593625983156536,0.7783085334046138,2.7603454649448396,0.640038384993871,34T>S;56E>S;79T>L;92P>V;93T>S;103E>K;129V>A;138M>V;144E>K;148V>A;153I>V;171F>A;176Y>L;205I>V;216G>A;218N>S;228T>K;255N>D;268V>S;284T>I
17,0.6815194295170939,0.6566964887896299,0.593625983156536,0.7783085334046138,2.7603454649448396,0.640038384993871,34T>S;56E>S;79T>L;92P>V;93T>S;103E>K;129V>A;138M>V;144E>K;148V>A;153I>V;171F>A;176Y>L;205I>V;216G>A;218N>S;228T>K;255N>D;268V>S;284T>I
18,0.6815225537321876,0.6632568148646728,0.5763473973114567,0.7546776044264691,2.8515335023403168,0.6501703891489241,30D>A;34T>S;39I>L;40D>K;42F>L;56E>S;92P>V;100P>D;116S>Q;128S>D;138M>A;159A>S;171F>A;176Y>L;178A>G;205I>V;208L>Q;219M>A;228T>K;284T>I
19,0.6968850226141865,0.6706557908909279,0.5972493065231675,0.7832639445655396,2.9387893617153167,0.6598654846350352,56E>S;79T>V;82E>T;92P>V;100P>D;103E>K;115L>I;116S>Q;134D>S;138M>V;159A>S;163S>K;176Y>L;182A>T;199N>T;205I>V;208L>Q;219M>A;255N>D;268V>S
20,0.7089520411912472,0.6778344620174612,0.5707735702557057,0.7470546014520434,3.233601352572441,0.6926223725080489,39I>L;79T>L;92P>V;100P>S;115L>I;128S>D;138M>A;159A>S;171F>V;176Y>L;178A>G;202Q>S;208L>Q;216G>A;218N>S;219M>A;266E>V;268V>S;284T>I;293Y>D
21,0.7089520411912472,0.6832582453691998,0.5707735702557057,0.7470546014520434,3.233601352572441,0.6926223725080489,39I>L;79T>L;92P>V;100P>S;115L>I;128S>D;138M>A;159A>S;171F>V;176Y>L;178A>G;202Q>S;208L>Q;216G>A;218N>S;219M>A;266E>V;268V>S;284T>I;293Y>D
22,0.7089520411912472,0.687687039545597,0.5707735702557057,0.7470546014520434,3.233601352572441,0.6926223725080489,39I>L;79T>L;92P>V;100P>S;115L>I;128S>D;138M>A;159A>S;171F>V;176Y>L;178A>G;202Q>S;208L>Q;216G>A;218N>S;219M>A;266E>V;268V>S;284T>I;293Y>D
23,0.7114934720980242,0.6945191825427379,0.6003155888953617,0.7874575227677102,3.110437053442001,0.6789374503824446,56E>S;79T>V;92P>V;100P>D;103E>K;115L>I;134D>S;138M>V;148V>A;159A>S;163S>K;171F>A;176Y>L;182A>T;205I>V;208L>Q;219M>A;228T>K;255N>D;268V>S
24,0.7114934720980242,0.6982561129089795,0.6003155888953617,0.7874575227677102,3.110437053442001,0.6789374503824446,56E>S;79T>V;92P>V;100P>D;103E>K;115L>I;134D>S;138M>V;148V>A;159A>S;163S>K;171F>A;176Y>L;182A>T;205I>V;208L>Q;219M>A;228T>K;255N>D;268V>S
25,0.7214093441150891,0.7008314156154004,0.5773810125825387,0.7560912206379267,3.3589111447334288,0.7065456827481588,34T>S;39I>L;79T>L;92P>V;115L>I;128S>D;138M>V;148V>A;159A>S;171F>A;176Y>L;199N>T;208L>Q;219M>A;231I>V;266E>V;268V>S;292I>G;293Y>D;296E>T
26,0.7214093441150891,0.7031609235257925,0.5773810125825387,0.7560912206379267,3.3589111447334288,0.7065456827481588,34T>S;39I>L;79T>L;92P>V;115L>I;128S>D;138M>V;148V>A;159A>S;171F>A;176Y>L;199N>T;208L>Q;219M>A;231I>V;266E>V;268V>S;292I>G;293Y>D;296E>T
27,0.7214093441150891,0.7060775603874446,0.5773810125825387,0.7560912206379267,3.3589111447334288,0.7065456827481588,34T>S;39I>L;79T>L;92P>V;115L>I;128S>D;138M>V;148V>A;159A>S;171F>A;176Y>L;199N>T;208L>Q;219M>A;231I>V;266E>V;268V>S;292I>G;293Y>D;296E>T
28,0.730950620237624,0.7113454316280617,0.5863535291299371,0.7683624159306353,3.434252941608429,0.7149169935120477,34T>S;39I>L;92P>V;100P>S;103E>K;129V>A;138M>A;148V>A;159A>S;171F>A;176Y>L;182A>T;199N>T;208L>Q;254G>E;266E>V;268V>S;284T>I;285T>D;293Y>D
29,0.731824036958153,0.7157716275138737,0.5809651265384611,0.7609930073409223,3.473907446861267,0.7193230496512518,34T>S;39I>L;82E>T;92P>V;100P>D;128S>D;138M>A;148V>A;159A>S;171F>A;176Y>L;178A>G;199N>T;205I>V;208L>Q;255N>D;266E>V;268V>S;293Y>D;296E>T
30,0.731824036958153,0.7186975780469235,0.5809651265384611,0.7609930073409223,3.473907446861267,0.7193230496512518,34T>S;39I>L;82E>T;92P>V;100P>D;128S>D;138M>A;148V>A;159A>S;171F>A;176Y>L;178A>G;199N>T;205I>V;208L>Q;255N>D;266E>V;268V>S;293Y>D;296E>T
31,0.731824036958153,0.7210730745830851,0.5809651265384611,0.7609930073409223,3.473907446861267,0.7193230496512518,34T>S;39I>L;82E>T;92P>V;100P>D;128S>D;138M>A;148V>A;159A>S;171F>A;176Y>L;178A>G;199N>T;205I>V;208L>Q;255N>D;266E>V;268V>S;293Y>D;296E>T
32,0.731824036958153,0.7226531637759119,0.5809651265384611,0.7609930073409223,3.473907446861267,0.7193230496512518,34T>S;39I>L;82E>T;92P>V;100P>D;128S>D;138M>A;148V>A;159A>S;171F>A;176Y>L;178A>G;199N>T;205I>V;208L>Q;255N>D;266E>V;268V>S;293Y>D;296E>T
33,0.7346910677337785,0.7245529687817066,0.5761917630276828,0.7544647523597896,3.535949683189392,0.726216631465488,34T>S;79T>L;92P>V;100P>S;103E>K;128S>D;137E>Q;138M>V;148V>A;159A>S;171F>A;176Y>L;178A>G;199N>T;208L>Q;219M>A;266E>V;268V>S;292I>G;296E>T
34,0.7571024697828379,0.7265197603157642,0.5895043873775285,0.7726716636975894,3.7538696229457855,0.7504299581050873,39I>L;92P>V;100P>D;103E>K;115L>I;129V>A;138M>V;148V>A;159A>S;171F>A;176Y>L;182A>T;199N>T;208L>Q;255N>D;266E>V;268V>S;284T>I;292I>G;293Y>D
35,0.7571024697828379,0.7276352389162549,0.5895043873775285,0.7726716636975894,3.7538696229457855,0.7504299581050873,39I>L;92P>V;100P>D;103E>K;115L>I;129V>A;138M>V;148V>A;159A>S;171F>A;176Y>L;182A>T;199N>T;208L>Q;255N>D;266E>V;268V>S;284T>I;292I>G;293Y>D
36,0.7571024697828379,0.7288661999007823,0.5895043873775285,0.7726716636975894,3.7538696229457855,0.7504299581050873,39I>L;92P>V;100P>D;103E>K;115L>I;129V>A;138M>V;148V>A;159A>S;171F>A;176Y>L;182A>T;199N>T;208L>Q;255N>D;266E>V;268V>S;284T>I;292I>G;293Y>D
37,0.7571024697828379,0.7300155759632684,0.5895043873775285,0.7726716636975894,3.7538696229457855,0.7504299581050873,39I>L;92P>V;100P>D;103E>K;115L>I;129V>A;138M>V;148V>A;159A>S;171F>A;176Y>L;182A>T;199N>T;208L>Q;255N>D;266E>V;268V>S;284T>I;292I>G;293Y>D
38,0.7571024697828379,0.7302028605593217,0.5895043873775285,0.7726716636975894,3.7538696229457855,0.7504299581050873,39I>L;92P>V;100P>D;103E>K;115L>I;129V>A;138M>V;148V>A;159A>S;171F>A;176Y>L;182A>T;199N>T;208L>Q;255N>D;266E>V;268V>S;284T>I;292I>G;293Y>D
39,0.7571024697828379,0.7328533704761279,0.5895043873775285,0.7726716636975894,3.7538696229457855,0.7504299581050873,39I>L;92P>V;100P>D;103E>K;115L>I;129V>A;138M>V;148V>A;159A>S;171F>A;176Y>L;182A>T;199N>T;208L>Q;255N>D;266E>V;268V>S;284T>I;292I>G;293Y>D
40,0.7571024697828379,0.7341989185988848,0.5895043873775285,0.7726716636975894,3.7538696229457855,0.7504299581050873,39I>L;92P>V;100P>D;103E>K;115L>I;129V>A;138M>V;148V>A;159A>S;171F>A;176Y>L;182A>T;199N>T;208L>Q;255N>D;266E>V;268V>S;284T>I;292I>G;293Y>D
41,0.7571024697828379,0.7353654602419882,0.5895043873775285,0.7726716636975894,3.7538696229457855,0.7504299581050873,39I>L;92P>V;100P>D;103E>K;115L>I;129V>A;138M>V;148V>A;159A>S;171F>A;176Y>L;182A>T;199N>T;208L>Q;255N>D;266E>V;268V>S;284T>I;292I>G;293Y>D
42,0.7571024697828379,0.7355330715606392,0.5895043873775285,0.7726716636975894,3.7538696229457855,0.7504299581050873,39I>L;92P>V;100P>D;103E>K;115L>I;129V>A;138M>V;148V>A;159A>S;171F>A;176Y>L;182A>T;199N>T;208L>Q;255N>D;266E>V;268V>S;284T>I;292I>G;293Y>D
43,0.7571024697828379,0.7368293179180724,0.5895043873775285,0.7726716636975894,3.7538696229457855,0.7504299581050873,39I>L;92P>V;100P>D;103E>K;115L>I;129V>A;138M>V;148V>A;159A>S;171F>A;176Y>L;182A>T;199N>T;208L>Q;255N>D;266E>V;268V>S;284T>I;292I>G;293Y>D
44,0.7571024697828379,0.7376127776234841,0.5895043873775285,0.7726716636975894,3.7538696229457855,0.7504299581050873,39I>L;92P>V;100P>D;103E>K;115L>I;129V>A;138M>V;148V>A;159A>S;171F>A;176Y>L;182A>T;199N>T;208L>Q;255N>D;266E>V;268V>S;284T>I;292I>G;293Y>D
45,0.7571024697828379,0.7387605989660095,0.5895043873775285,0.7726716636975894,3.7538696229457855,0.7504299581050873,39I>L;92P>V;100P>D;103E>K;115L>I;129V>A;138M>V;148V>A;159A>S;171F>A;176Y>L;182A>T;199N>T;208L>Q;255N>D;266E>V;268V>S;284T>I;292I>G;293Y>D
46,0.7571024697828379,0.7407384564108795,0.5895043873775285,0.7726716636975894,3.7538696229457855,0.7504299581050873,39I>L;92P>V;100P>D;103E>K;115L>I;129V>A;138M>V;148V>A;159A>S;171F>A;176Y>L;182A>T;199N>T;208L>Q;255N>D;266E>V;268V>S;284T>I;292I>G;293Y>D
47,0.7571024697828379,0.7417966068438043,0.5895043873775285,0.7726716636975894,3.7538696229457855,0.7504299581050873,39I>L;92P>V;100P>D;103E>K;115L>I;129V>A;138M>V;148V>A;159A>S;171F>A;176Y>L;182A>T;199N>T;208L>Q;255N>D;266E>V;268V>S;284T>I;292I>G;293Y>D
48,0.7571024697828379,0.742422387366487,0.5895043873775285,0.7726716636975894,3.7538696229457855,0.7504299581050873,39I>L;92P>V;100P>D;103E>K;115L>I;129V>A;138M>V;148V>A;159A>S;171F>A;176Y>L;182A>T;199N>T;208L>Q;255N>D;266E>V;268V>S;284T>I;292I>G;293Y>D
49,0.7571024697828379,0.7433306221717861,0.5895043873775285,0.7726716636975894,3.7538696229457855,0.7504299581050873,39I>L;92P>V;100P>D;103E>K;115L>I;129V>A;138M>V;148V>A;159A>S;171F>A;176Y>L;182A>T;199N>T;208L>Q;255N>D;266E>V;268V>S;284T>I;292I>G;293Y>D
50,0.7612488421435696,0.7453698403802572,0.5841339327333207,0.7653268014840094,3.83551030755043,0.7595011452833812,34T>S;37D>S;56E>T;92P>V;100P>D;103E>K;115L>I;134D>S;138M>V;171F>A;176Y>L;178A>G;199N>T;205I>V;208L>Q;219M>A;266E>V;268V>S;284T>I;293Y>D
51,0.7612488421435696,0.7462515576988833,0.5841339327333207,0.7653268014840094,3.83551030755043,0.7595011452833812,34T>S;37D>S;56E>T;92P>V;100P>D;103E>K;115L>I;134D>S;138M>V;171F>A;176Y>L;178A>G;199N>T;205I>V;208L>Q;219M>A;266E>V;268V>S;284T>I;293Y>D
52,0.7612488421435696,0.7470664181351048,0.5841339327333207,0.7653268014840094,3.83551030755043,0.7595011452833812,34T>S;37D>S;56E>T;92P>V;100P>D;103E>K;115L>I;134D>S;138M>V;171F>A;176Y>L;178A>G;199N>T;205I>V;208L>Q;219M>A;266E>V;268V>S;284T>I;293Y>D
53,0.7622574749089204,0.7480750709482715,0.5720325889686245,0.7487764889985066,3.912315362691879,0.7680350402990977,39I>L;79T>L;92P>V;100P>D;103E>K;128S>D;129V>A;138M>V;163S>K;171F>A;176Y>L;178A>G;182A>T;199N>T;208L>Q;268V>S;284T>I;291T>L;292I>G;293Y>S
54,0.7622574749089204,0.7495042178926423,0.5720325889686245,0.7487764889985066,3.912315362691879,0.7680350402990977,39I>L;79T>L;92P>V;100P>D;103E>K;128S>D;129V>A;138M>V;163S>K;171F>A;176Y>L;178A>G;182A>T;199N>T;208L>Q;268V>S;284T>I;291T>L;292I>G;293Y>S
55,0.7622574749089204,0.7500858679149379,0.5720325889686245,0.7487764889985066,3.912315362691879,0.7680350402990977,39I>L;79T>L;92P>V;100P>D;103E>K;128S>D;129V>A;138M>V;163S>K;171F>A;176Y>L;178A>G;182A>T;199N>T;208L>Q;268V>S;284T>I;291T>L;292I>G;293Y>S
56,0.7622574749089204,0.7503843258632552,0.5720325889686245,0.7487764889985066,3.912315362691879,0.7680350402990977,39I>L;79T>L;92P>V;100P>D;103E>K;128S>D;129V>A;138M>V;163S>K;171F>A;176Y>L;178A>G;182A>T;199N>T;208L>Q;268V>S;284T>I;291T>L;292I>G;293Y>S
57,0.7622574749089204,0.7519087519296488,0.5720325889686245,0.7487764889985066,3.912315362691879,0.7680350402990977,39I>L;79T>L;92P>V;100P>D;103E>K;128S>D;129V>A;138M>V;163S>K;171F>A;176Y>L;178A>G;182A>T;199N>T;208L>Q;268V>S;284T>I;291T>L;292I>G;293Y>S
58,0.7622574749089204,0.7523958192535761,0.5720325889686245,0.7487764889985066,3.912315362691879,0.7680350402990977,39I>L;79T>L;92P>V;100P>D;103E>K;128S>D;129V>A;138M>V;163S>K;171F>A;176Y>L;178A>G;182A>T;199N>T;208L>Q;268V>S;284T>I;291T>L;292I>G;293Y>S
59,0.7622574749089204,0.7532894379378114,0.5720325889686245,0.7487764889985066,3.912315362691879,0.7680350402990977,39I>L;79T>L;92P>V;100P>D;103E>K;128S>D;129V>A;138M>V;163S>K;171F>A;176Y>L;178A>G;182A>T;199N>T;208L>Q;268V>S;284T>I;291T>L;292I>G;293Y>S
60,0.7622574749089204,0.753835873403542,0.5720325889686245,0.7487764889985066,3.912315362691879,0.7680350402990977,39I>L;79T>L;92P>V;100P>D;103E>K;128S>D;129V>A;138M>V;163S>K;171F>A;176Y>L;178A>G;182A>T;199N>T;208L>Q;268V>S;284T>I;291T>L;292I>G;293Y>S
61,0.7668654487052706,0.7551927538099701,0.5654761908525943,0.7398096800465764,4.006147003173828,0.7784607781304254,39I>L;56E>T;79T>L;92P>V;128S>D;129V>A;138M>V;171F>A;176Y>L;178A>G;199N>T;205I>V;208L>Q;266E>V;268V>S;284T>I;285T>A;291T>L;292I>G;296E>T
62,0.7668654487052706,0.755830572329202,0.5654761908525943,0.7398096800465764,4.006147003173828,0.7784607781304254,39I>L;56E>T;79T>L;92P>V;128S>D;129V>A;138M>V;171F>A;176Y>L;178A>G;199N>T;205I>V;208L>Q;266E>V;268V>S;284T>I;285T>A;291T>L;292I>G;296E>T
63,0.7668654487052706,0.7569237728679473,0.5654761908525943,0.7398096800465764,4.006147003173828,0.7784607781304254,39I>L;56E>T;79T>L;92P>V;128S>D;129V>A;138M>V;171F>A;176Y>L;178A>G;199N>T;205I>V;208L>Q;266E>V;268V>S;284T>I;285T>A;291T>L;292I>G;296E>T
64,0.7668654487052706,0.7575098107121122,0.5654761908525943,0.7398096800465764,4.006147003173828,0.7784607781304254,39I>L;56E>T;79T>L;92P>V;128S>D;129V>A;138M>V;171F>A;176Y>L;178A>G;199N>T;205I>V;208L>Q;266E>V;268V>S;284T>I;285T>A;291T>L;292I>G;296E>T
65,0.77090507177565,0.7592930715852844,0.5754759328228524,0.7534857525225097,4.005334448814392,0.7783704943127102,79T>L;92P>V;100P>D;103E>K;115L>I;134D>S;138M>V;148V>A;171F>A;176Y>L;178A>G;199N>T;205I>V;208L>Q;266E>V;268V>S;284T>I;291T>L;292I>G;293Y>D
66,0.77090507177565,0.7598648715495654,0.5754759328228524,0.7534857525225097,4.005334448814392,0.7783704943127102,79T>L;92P>V;100P>D;103E>K;115L>I;134D>S;138M>V;148V>A;171F>A;176Y>L;178A>G;199N>T;205I>V;208L>Q;266E>V;268V>S;284T>I;291T>L;292I>G;293Y>D
67,0.77090507177565,0.7605034798449566,0.5754759328228524,0.7534857525225097,4.005334448814392,0.7783704943127102,79T>L;92P>V;100P>D;103E>K;115L>I;134D>S;138M>V;148V>A;171F>A;176Y>L;178A>G;199N>T;205I>V;208L>Q;266E>V;268V>S;284T>I;291T>L;292I>G;293Y>D
68,0.7735221640545843,0.7617611565596296,0.5778546982697315,0.756739053332823,4.0264343321323395,0.7807149257924821,39I>L;56E>S;92P>V;100P>D;103E>K;115L>I;138M>V;148V>A;159A>S;171F>A;176Y>L;178A>G;199N>T;208L>Q;266E>V;268V>S;284T>I;292I>G;293Y>D;296E>T
69,0.7756441832476462,0.7630881206657896,0.5681626909609544,0.7434838518699907,4.104844641685486,0.7894271824094985,37D>S;39I>L;82E>T;92P>V;100P>D;103E>K;138M>V;148V>A;171F>A;176Y>L;178A>G;182A>T;208L>Q;219M>A;266E>V;268V>S;284T>I;291T>F;292I>G;296E>T
70,0.7756441832476462,0.7633041617429076,0.5681626909609544,0.7434838518699907,4.104844641685486,0.7894271824094985,37D>S;39I>L;82E>T;92P>V;100P>D;103E>K;138M>V;148V>A;171F>A;176Y>L;178A>G;182A>T;208L>Q;219M>A;266E>V;268V>S;284T>I;291T>F;292I>G;296E>T
71,0.7756441832476462,0.7643645069415833,0.5681626909609544,0.7434838518699907,4.104844641685486,0.7894271824094985,37D>S;39I>L;82E>T;92P>V;100P>D;103E>K;138M>V;148V>A;171F>A;176Y>L;178A>G;182A>T;208L>Q;219M>A;266E>V;268V>S;284T>I;291T>F;292I>G;296E>T
72,0.7819014666367288,0.7655653908346918,0.5711851837700828,0.747617541603043,4.169351196289062,0.7965945773654514,37D>S;39I>L;92P>V;100P>D;103E>K;115L>I;138M>V;171F>A;176Y>L;178A>G;199N>T;205I>V;208L>Q;219M>A;266E>V;268V>S;284T>I;291T>L;292I>G;293Y>D
73,0.7819014666367288,0.7660289565780866,0.5711851837700828,0.747617541603043,4.169351196289062,0.7965945773654514,37D>S;39I>L;92P>V;100P>D;103E>K;115L>I;138M>V;171F>A;176Y>L;178A>G;199N>T;205I>V;208L>Q;219M>A;266E>V;268V>S;284T>I;291T>L;292I>G;293Y>D
74,0.7819014666367288,0.7680692155040701,0.5711851837700828,0.747617541603043,4.169351196289062,0.7965945773654514,37D>S;39I>L;92P>V;100P>D;103E>K;115L>I;138M>V;171F>A;176Y>L;178A>G;199N>T;205I>V;208L>Q;219M>A;266E>V;268V>S;284T>I;291T>L;292I>G;293Y>D
75,0.7819014666367288,0.7691882498066513,0.5711851837700828,0.747617541603043,4.169351196289062,0.7965945773654514,37D>S;39I>L;92P>V;100P>D;103E>K;115L>I;138M>V;171F>A;176Y>L;178A>G;199N>T;205I>V;208L>Q;219M>A;266E>V;268V>S;284T>I;291T>L;292I>G;293Y>D
76,0.7819014666367288,0.7702730592300505,0.5711851837700828,0.747617541603043,4.169351196289062,0.7965945773654514,37D>S;39I>L;92P>V;100P>D;103E>K;115L>I;138M>V;171F>A;176Y>L;178A>G;199N>T;205I>V;208L>Q;219M>A;266E>V;268V>S;284T>I;291T>L;292I>G;293Y>D
77,0.7819014666367288,0.7717575066576068,0.5711851837700828,0.747617541603043,4.169351196289062,0.7965945773654514,37D>S;39I>L;92P>V;100P>D;103E>K;115L>I;138M>V;171F>A;176Y>L;178A>G;199N>T;205I>V;208L>Q;219M>A;266E>V;268V>S;284T>I;291T>L;292I>G;293Y>D
78,0.7819014666367288,0.7723538582780324,0.5711851837700828,0.747617541603043,4.169351196289062,0.7965945773654514,37D>S;39I>L;92P>V;100P>D;103E>K;115L>I;138M>V;171F>A;176Y>L;178A>G;199N>T;205I>V;208L>Q;219M>A;266E>V;268V>S;284T>I;291T>L;292I>G;293Y>D
79,0.7819014666367288,0.7729948598279667,0.5711851837700828,0.747617541603043,4.169351196289062,0.7965945773654514,37D>S;39I>L;92P>V;100P>D;103E>K;115L>I;138M>V;171F>A;176Y>L;178A>G;199N>T;205I>V;208L>Q;219M>A;266E>V;268V>S;284T>I;291T>L;292I>G;293Y>D
80,0.7819014666367288,0.7736172905056815,0.5711851837700828,0.747617541603043,4.169351196289062,0.7965945773654514,37D>S;39I>L;92P>V;100P>D;103E>K;115L>I;138M>V;171F>A;176Y>L;178A>G;199N>T;205I>V;208L>Q;219M>A;266E>V;268V>S;284T>I;291T>L;292I>G;293Y>D
81,0.7873963486520228,0.7750260457516589,0.5715462369944193,0.7481113333507082,4.238095054030419,0.8042327837811576,37D>S;39I>L;56E>S;79T>L;92P>V;103E>K;115L>I;134D>S;138M>V;171F>A;176Y>L;178A>G;199N>T;208L>Q;219M>A;266E>V;268V>S;284T>I;291T>F;292I>G
82,0.7873963486520228,0.7757889627513904,0.5715462369944193,0.7481113333507082,4.238095054030419,0.8042327837811576,37D>S;39I>L;56E>S;79T>L;92P>V;103E>K;115L>I;134D>S;138M>V;171F>A;176Y>L;178A>G;199N>T;208L>Q;219M>A;266E>V;268V>S;284T>I;291T>F;292I>G
83,0.7873963486520228,0.7764950159122307,0.5715462369944193,0.7481113333507082,4.238095054030419,0.8042327837811576,37D>S;39I>L;56E>S;79T>L;92P>V;103E>K;115L>I;134D>S;138M>V;171F>A;176Y>L;178A>G;199N>T;208L>Q;219M>A;266E>V;268V>S;284T>I;291T>F;292I>G
84,0.7873963486520228,0.7773995364642036,0.5715462369944193,0.7481113333507082,4.238095054030419,0.8042327837811576,37D>S;39I>L;56E>S;79T>L;92P>V;103E>K;115L>I;134D>S;138M>V;171F>A;176Y>L;178A>G;199N>T;208L>Q;219M>A;266E>V;268V>S;284T>I;291T>F;292I>G
85,0.7877890080918755,0.7778938034051602,0.5692563583543675,0.7449795979183756,4.255223083496094,0.8061358981662327,37D>S;56E>S;79T>L;92P>V;100P>D;103E>K;138M>V;148V>A;171F>A;176Y>L;178A>G;199N>T;208L>Q;266E>V;268V>S;284T>I;291T>F;292I>G;293Y>D;296E>T
86,0.7877890080918755,0.7781936855429393,0.5692563583543675,0.7449795979183756,4.255223083496094,0.8061358981662327,37D>S;56E>S;79T>L;92P>V;100P>D;103E>K;138M>V;148V>A;171F>A;176Y>L;178A>G;199N>T;208L>Q;266E>V;268V>S;284T>I;291T>F;292I>G;293Y>D;296E>T
87,0.7877890080918755,0.7782121514954304,0.5692563583543675,0.7449795979183756,4.255223083496094,0.8061358981662327,37D>S;56E>S;79T>L;92P>V;100P>D;103E>K;138M>V;148V>A;171F>A;176Y>L;178A>G;199N>T;208L>Q;266E>V;268V>S;284T>I;291T>F;292I>G;293Y>D;296E>T
88,0.7877890080918755,0.7794548709547887,0.5692563583543675,0.7449795979183756,4.255223083496094,0.8061358981662327,37D>S;56E>S;79T>L;92P>V;100P>D;103E>K;138M>V;148V>A;171F>A;176Y>L;178A>G;199N>T;208L>Q;266E>V;268V>S;284T>I;291T>F;292I>G;293Y>D;296E>T
89,0.7917651957546772,0.7813223350638849,0.5753242383197297,0.7532782886674346,4.274336260557175,0.8082595845063527,37D>S;56E>T;92P>V;100P>D;103E>K;137E>K;138M>V;148V>A;171F>A;176Y>L;178A>G;199N>T;205I>V;208L>Q;266E>V;268V>S;284T>I;285T>A;291T>F;292I>G
90,0.7917651957546772,0.781542986152711,0.5753242383197297,0.7532782886674346,4.274336260557175,0.8082595845063527,37D>S;56E>T;92P>V;100P>D;103E>K;137E>K;138M>V;148V>A;171F>A;176Y>L;178A>G;199N>T;205I>V;208L>Q;266E>V;268V>S;284T>I;285T>A;291T>F;292I>G
91,0.7940459976807108,0.7824439459337698,0.5684423236245275,0.7438662893953827,4.339964282512665,0.8155515869458516,37D>S;39I>L;56E>T;79T>L;92P>V;103E>K;115L>I;138M>V;171F>A;176Y>L;178A>G;199N>T;208L>Q;219M>A;266E>V;268V>S;284T>I;285T>A;291T>F;292I>G
92,0.7940459976807108,0.7826654415901505,0.5684423236245275,0.7438662893953827,4.339964282512665,0.8155515869458516,37D>S;39I>L;56E>T;79T>L;92P>V;103E>K;115L>I;138M>V;171F>A;176Y>L;178A>G;199N>T;208L>Q;219M>A;266E>V;268V>S;284T>I;285T>A;291T>F;292I>G
93,0.7940459976807108,0.78391762856106,0.5684423236245275,0.7438662893953827,4.339964282512665,0.8155515869458516,37D>S;39I>L;56E>T;79T>L;92P>V;103E>K;115L>I;138M>V;171F>A;176Y>L;178A>G;199N>T;208L>Q;219M>A;266E>V;268V>S;284T>I;285T>A;291T>F;292I>G
94,0.794170426195262,0.7848462125504376,0.5776277600868378,0.7564286830206649,4.293109130859375,0.810345458984375,34T>S;37D>S;56E>S;92P>V;100P>D;103E>K;138M>V;148V>A;159A>S;171F>A;176Y>L;178A>G;199N>T;208L>Q;266E>V;268V>S;284T>I;291T>F;292I>G;296E>T
95,0.794170426195262,0.7850577660364071,0.5776277600868378,0.7564286830206649,4.293109130859375,0.810345458984375,34T>S;37D>S;56E>S;92P>V;100P>D;103E>K;138M>V;148V>A;159A>S;171F>A;176Y>L;178A>G;199N>T;208L>Q;266E>V;268V>S;284T>I;291T>F;292I>G;296E>T
96,0.7950991600951797,0.7865665907731303,0.5710226084896347,0.7473951967340637,4.339893442392349,0.8155437158213722,37D>S;39I>L;92P>V;100P>D;103E>K;138M>V;148V>A;171F>A;176Y>L;178A>G;199N>T;205I>V;208L>Q;219M>A;266E>V;268V>S;284T>I;285T>A;291T>F;292I>G
97,0.7950991600951797,0.7869488070492421,0.5710226084896347,0.7473951967340637,4.339893442392349,0.8155437158213722,37D>S;39I>L;92P>V;100P>D;103E>K;138M>V;148V>A;171F>A;176Y>L;178A>G;199N>T;205I>V;208L>Q;219M>A;266E>V;268V>S;284T>I;285T>A;291T>F;292I>G
98,0.7950991600951797,0.7871400186857126,0.5710226084896347,0.7473951967340637,4.339893442392349,0.8155437158213722,37D>S;39I>L;92P>V;100P>D;103E>K;138M>V;148V>A;171F>A;176Y>L;178A>G;199N>T;205I>V;208L>Q;219M>A;266E>V;268V>S;284T>I;285T>A;291T>F;292I>G
99,0.7950991600951797,0.7871400186857126,0.5710226084896347,0.7473951967340637,4.339893442392349,0.8155437158213722,37D>S;39I>L;92P>V;100P>D;103E>K;138M>V;148V>A;171F>A;176Y>L;178A>G;199N>T;205I>V;208L>Q;219M>A;266E>V;268V>S;284T>I;285T>A;291T>F;292I>G
100,0.7950991600951797,0.7874835007050599,0.5710226084896347,0.7473951967340637,4.339893442392349,0.8155437158213722,37D>S;39I>L;92P>V;100P>D;103E>K;138M>V;148V>A;171F>A;176Y>L;178A>G;199N>T;205I>V;208L>Q;219M>A;266E>V;268V>S;284T>I;285T>A;291T>F;292I>G
101,0.7950991600951797,0.7876416450805086,0.5710226084896347,0.7473951967340637,4.339893442392349,0.8155437158213722,37D>S;39I>L;92P>V;100P>D;103E>K;138M>V;148V>A;171F>A;176Y>L;178A>G;199N>T;205I>V;208L>Q;219M>A;266E>V;268V>S;284T>I;285T>A;291T>F;292I>G
102,0.7950991600951797,0.7881259279602101,0.5710226084896347,0.7473951967340637,4.339893442392349,0.8155437158213722,37D>S;39I>L;92P>V;100P>D;103E>K;138M>V;148V>A;171F>A;176Y>L;178A>G;199N>T;205I>V;208L>Q;219M>A;266E>V;268V>S;284T>I;285T>A;291T>F;292I>G
103,0.7950991600951797,0.7886043449489535,0.5710226084896347,0.7473951967340637,4.339893442392349,0.8155437158213722,37D>S;39I>L;92P>V;100P>D;103E>K;138M>V;148V>A;171F>A;176Y>L;178A>G;199N>T;205I>V;208L>Q;219M>A;266E>V;268V>S;284T>I;285T>A;291T>F;292I>G
104,0.7955951568894647,0.789293427754245,0.5762511518055446,0.7545459749786043,4.318688970804215,0.8131876634226906,39I>L;56E>T;92P>V;100P>D;103E>K;115L>I;138M>V;159A>S;171F>A;176Y>L;178A>G;199N>T;205I>V;208L>Q;266E>V;268V>S;284T>I;285T>A;291T>F;292I>G
105,0.7955951568894647,0.7894137372551604,0.5762511518055446,0.7545459749786043,4.318688970804215,0.8131876634226906,39I>L;56E>T;92P>V;100P>D;103E>K;115L>I;138M>V;159A>S;171F>A;176Y>L;178A>G;199N>T;205I>V;208L>Q;266E>V;268V>S;284T>I;285T>A;291T>F;292I>G
106,0.7955951568894647,0.7895642809248192,0.5762511518055446,0.7545459749786043,4.318688970804215,0.8131876634226906,39I>L;56E>T;92P>V;100P>D;103E>K;115L>I;138M>V;159A>S;171F>A;176Y>L;178A>G;199N>T;205I>V;208L>Q;266E>V;268V>S;284T>I;285T>A;291T>F;292I>G
107,0.7955951568894647,0.7897285758976071,0.5762511518055446,0.7545459749786043,4.318688970804215,0.8131876634226906,39I>L;56E>T;92P>V;100P>D;103E>K;115L>I;138M>V;159A>S;171F>A;176Y>L;178A>G;199N>T;205I>V;208L>Q;266E>V;268V>S;284T>I;285T>A;291T>F;292I>G
108,0.7955951568894647,0.7897608873843008,0.5762511518055446,0.7545459749786043,4.318688970804215,0.8131876634226906,39I>L;56E>T;92P>V;100P>D;103E>K;115L>I;138M>V;159A>S;171F>A;176Y>L;178A>G;199N>T;205I>V;208L>Q;266E>V;268V>S;284T>I;285T>A;291T>F;292I>G
109,0.7955951568894647,0.7898760993827453,0.5762511518055446,0.7545459749786043,4.318688970804215,0.8131876634226906,39I>L;56E>T;92P>V;100P>D;103E>K;115L>I;138M>V;159A>S;171F>A;176Y>L;178A>G;199N>T;205I>V;208L>Q;266E>V;268V>S;284T>I;285T>A;291T>F;292I>G
110,0.7955951568894647,0.7900483525967845,0.5762511518055446,0.7545459749786043,4.318688970804215,0.8131876634226906,39I>L;56E>T;92P>V;100P>D;103E>K;115L>I;138M>V;159A>S;171F>A;176Y>L;178A>G;199N>T;205I>V;208L>Q;266E>V;268V>S;284T>I;285T>A;291T>F;292I>G
111,0.7955951568894647,0.7901589467111608,0.5762511518055446,0.7545459749786043,4.318688970804215,0.8131876634226906,39I>L;56E>T;92P>V;100P>D;103E>K;115L>I;138M>V;159A>S;171F>A;176Y>L;178A>G;199N>T;205I>V;208L>Q;266E>V;268V>S;284T>I;285T>A;291T>F;292I>G
112,0.7955951568894647,0.7904106964907507,0.5762511518055446,0.7545459749786043,4.318688970804215,0.8131876634226906,39I>L;56E>T;92P>V;100P>D;103E>K;115L>I;138M>V;159A>S;171F>A;176Y>L;178A>G;199N>T;205I>V;208L>Q;266E>V;268V>S;284T>I;285T>A;291T>F;292I>G
113,0.7955951568894647,0.7905241862017319,0.5762511518055446,0.7545459749786043,4.318688970804215,0.8131876634226906,39I>L;56E>T;92P>V;100P>D;103E>K;115L>I;138M>V;159A>S;171F>A;176Y>L;178A>G;199N>T;205I>V;208L>Q;266E>V;268V>S;284T>I;285T>A;291T>F;292I>G
114,0.7955951568894647,0.7905475703928526,0.5762511518055446,0.7545459749786043,4.318688970804215,0.8131876634226906,39I>L;56E>T;92P>V;100P>D;103E>K;115L>I;138M>V;159A>S;171F>A;176Y>L;178A>G;199N>T;205I>V;208L>Q;266E>V;268V>S;284T>I;285T>A;291T>F;292I>G
115,0.7955951568894647,0.7908328089637561,0.5762511518055446,0.7545459749786043,4.318688970804215,0.8131876634226906,39I>L;56E>T;92P>V;100P>D;103E>K;115L>I;138M>V;159A>S;171F>A;176Y>L;178A>G;199N>T;205I>V;208L>Q;266E>V;268V>S;284T>I;285T>A;291T>F;292I>G
116,0.7955951568894647,0.791474611648012,0.5762511518055446,0.7545459749786043,4.318688970804215,0.8131876634226906,39I>L;56E>T;92P>V;100P>D;103E>K;115L>I;138M>V;159A>S;171F>A;176Y>L;178A>G;199N>T;205I>V;208L>Q;266E>V;268V>S;284T>I;285T>A;291T>F;292I>G
117,0.8011291031018606,0.7920440980957262,0.5790038139273646,0.7583106327859491,4.375318884849548,0.8194798760943942,34T>S;37D>S;39I>L;56E>S;79T>L;92P>V;100P>D;103E>K;138M>V;159A>S;171F>A;176Y>L;178A>G;199N>T;208L>Q;266E>V;268V>S;284T>I;291T>F;292I>G
118,0.8011291031018606,0.7921849602066423,0.5790038139273646,0.7583106327859491,4.375318884849548,0.8194798760943942,34T>S;37D>S;39I>L;56E>S;79T>L;92P>V;100P>D;103E>K;138M>V;159A>S;171F>A;176Y>L;178A>G;199N>T;208L>Q;266E>V;268V>S;284T>I;291T>F;292I>G
119,0.8011291031018606,0.7921849602066423,0.5790038139273646,0.7583106327859491,4.375318884849548,0.8194798760943942,34T>S;37D>S;39I>L;56E>S;79T>L;92P>V;100P>D;103E>K;138M>V;159A>S;171F>A;176Y>L;178A>G;199N>T;208L>Q;266E>V;268V>S;284T>I;291T>F;292I>G
120,0.8011291031018606,0.7922647151429371,0.5790038139273646,0.7583106327859491,4.375318884849548,0.8194798760943942,34T>S;37D>S;39I>L;56E>S;79T>L;92P>V;100P>D;103E>K;138M>V;159A>S;171F>A;176Y>L;178A>G;199N>T;208L>Q;266E>V;268V>S;284T>I;291T>F;292I>G
121,0.8011291031018606,0.7922647151429371,0.5790038139273646,0.7583106327859491,4.375318884849548,0.8194798760943942,34T>S;37D>S;39I>L;56E>S;79T>L;92P>V;100P>D;103E>K;138M>V;159A>S;171F>A;176Y>L;178A>G;199N>T;208L>Q;266E>V;268V>S;284T>I;291T>F;292I>G
122,0.8011291031018606,0.7925149136945712,0.5790038139273646,0.7583106327859491,4.375318884849548,0.8194798760943942,34T>S;37D>S;39I>L;56E>S;79T>L;92P>V;100P>D;103E>K;138M>V;159A>S;171F>A;176Y>L;178A>G;199N>T;208L>Q;266E>V;268V>S;284T>I;291T>F;292I>G
123,0.8011291031018606,0.7928622560276986,0.5790038139273646,0.7583106327859491,4.375318884849548,0.8194798760943942,34T>S;37D>S;39I>L;56E>S;79T>L;92P>V;100P>D;103E>K;138M>V;159A>S;171F>A;176Y>L;178A>G;199N>T;208L>Q;266E>V;268V>S;284T>I;291T>F;292I>G
124,0.8011291031018606,0.7929436083121406,0.5790038139273646,0.7583106327859491,4.375318884849548,0.8194798760943942,34T>S;37D>S;39I>L;56E>S;79T>L;92P>V;100P>D;103E>K;138M>V;159A>S;171F>A;176Y>L;178A>G;199N>T;208L>Q;266E>V;268V>S;284T>I;291T>F;292I>G
125,0.8011291031018606,0.792992435754125,0.5790038139273646,0.7583106327859491,4.375318884849548,0.8194798760943942,34T>S;37D>S;39I>L;56E>S;79T>L;92P>V;100P>D;103E>K;138M>V;159A>S;171F>A;176Y>L;178A>G;199N>T;208L>Q;266E>V;268V>S;284T>I;291T>F;292I>G
126,0.8011291031018606,0.7930722458544067,0.5790038139273646,0.7583106327859491,4.375318884849548,0.8194798760943942,34T>S;37D>S;39I>L;56E>S;79T>L;92P>V;100P>D;103E>K;138M>V;159A>S;171F>A;176Y>L;178A>G;199N>T;208L>Q;266E>V;268V>S;284T>I;291T>F;292I>G
127,0.8011291031018606,0.7930722458544067,0.5790038139273646,0.7583106327859491,4.375318884849548,0.8194798760943942,34T>S;37D>S;39I>L;56E>S;79T>L;92P>V;100P>D;103E>K;138M>V;159A>S;171F>A;176Y>L;178A>G;199N>T;208L>Q;266E>V;268V>S;284T>I;291T>F;292I>G
128,0.8011291031018606,0.7933759017214651,0.5790038139273646,0.7583106327859491,4.375318884849548,0.8194798760943942,34T>S;37D>S;39I>L;56E>S;79T>L;92P>V;100P>D;103E>K;138M>V;159A>S;171F>A;176Y>L;178A>G;199N>T;208L>Q;266E>V;268V>S;284T>I;291T>F;292I>G
129,0.8011291031018606,0.7937253635067621,0.5790038139273646,0.7583106327859491,4.375318884849548,0.8194798760943942,34T>S;37D>S;39I>L;56E>S;79T>L;92P>V;100P>D;103E>K;138M>V;159A>S;171F>A;176Y>L;178A>G;199N>T;208L>Q;266E>V;268V>S;284T>I;291T>F;292I>G
130,0.8011291031018606,0.7937253635067621,0.5790038139273646,0.7583106327859491,4.375318884849548,0.8194798760943942,34T>S;37D>S;39I>L;56E>S;79T>L;92P>V;100P>D;103E>K;138M>V;159A>S;171F>A;176Y>L;178A>G;199N>T;208L>Q;266E>V;268V>S;284T>I;291T>F;292I>G
131,0.8011291031018606,0.7937505025402045,0.5790038139273646,0.7583106327859491,4.375318884849548,0.8194798760943942,34T>S;37D>S;39I>L;56E>S;79T>L;92P>V;100P>D;103E>K;138M>V;159A>S;171F>A;176Y>L;178A>G;199N>T;208L>Q;266E>V;268V>S;284T>I;291T>F;292I>G
132,0.8011291031018606,0.7939527863433905,0.5790038139273646,0.7583106327859491,4.375318884849548,0.8194798760943942,34T>S;37D>S;39I>L;56E>S;79T>L;92P>V;100P>D;103E>K;138M>V;159A>S;171F>A;176Y>L;178A>G;199N>T;208L>Q;266E>V;268V>S;284T>I;291T>F;292I>G
133,0.8011291031018606,0.7939527863433905,0.5790038139273646,0.7583106327859491,4.375318884849548,0.8194798760943942,34T>S;37D>S;39I>L;56E>S;79T>L;92P>V;100P>D;103E>K;138M>V;159A>S;171F>A;176Y>L;178A>G;199N>T;208L>Q;266E>V;268V>S;284T>I;291T>F;292I>G
134,0.8011291031018606,0.7939527863433905,0.5790038139273646,0.7583106327859491,4.375318884849548,0.8194798760943942,34T>S;37D>S;39I>L;56E>S;79T>L;92P>V;100P>D;103E>K;138M>V;159A>S;171F>A;176Y>L;178A>G;199N>T;208L>Q;266E>V;268V>S;284T>I;291T>F;292I>G
135,0.8011291031018606,0.7939527863433905,0.5790038139273646,0.7583106327859491,4.375318884849548,0.8194798760943942,34T>S;37D>S;39I>L;56E>S;79T>L;92P>V;100P>D;103E>K;138M>V;159A>S;171F>A;176Y>L;178A>G;199N>T;208L>Q;266E>V;268V>S;284T>I;291T>F;292I>G
136,0.8011291031018606,0.7940402251565596,0.5790038139273646,0.7583106327859491,4.375318884849548,0.8194798760943942,34T>S;37D>S;39I>L;56E>S;79T>L;92P>V;100P>D;103E>K;138M>V;159A>S;171F>A;176Y>L;178A>G;199N>T;208L>Q;266E>V;268V>S;284T>I;291T>F;292I>G
137,0.8011291031018606,0.7942813109632298,0.5790038139273646,0.7583106327859491,4.375318884849548,0.8194798760943942,34T>S;37D>S;39I>L;56E>S;79T>L;92P>V;100P>D;103E>K;138M>V;159A>S;171F>A;176Y>L;178A>G;199N>T;208L>Q;266E>V;268V>S;284T>I;291T>F;292I>G
138,0.8011291031018606,0.7942813109632298,0.5790038139273646,0.7583106327859491,4.375318884849548,0.8194798760943942,34T>S;37D>S;39I>L;56E>S;79T>L;92P>V;100P>D;103E>K;138M>V;159A>S;171F>A;176Y>L;178A>G;199N>T;208L>Q;266E>V;268V>S;284T>I;291T>F;292I>G
139,0.8011291031018606,0.7945473658725596,0.5790038139273646,0.7583106327859491,4.375318884849548,0.8194798760943942,34T>S;37D>S;39I>L;56E>S;79T>L;92P>V;100P>D;103E>K;138M>V;159A>S;171F>A;176Y>L;178A>G;199N>T;208L>Q;266E>V;268V>S;284T>I;291T>F;292I>G
140,0.8011291031018606,0.794615229328412,0.5790038139273646,0.7583106327859491,4.375318884849548,0.8194798760943942,34T>S;37D>S;39I>L;56E>S;79T>L;92P>V;100P>D;103E>K;138M>V;159A>S;171F>A;176Y>L;178A>G;199N>T;208L>Q;266E>V;268V>S;284T>I;291T>F;292I>G
141,0.8011291031018606,0.794615229328412,0.5790038139273646,0.7583106327859491,4.375318884849548,0.8194798760943942,34T>S;37D>S;39I>L;56E>S;79T>L;92P>V;100P>D;103E>K;138M>V;159A>S;171F>A;176Y>L;178A>G;199N>T;208L>Q;266E>V;268V>S;284T>I;291T>F;292I>G
142,0.8011291031018606,0.7950131695940413,0.5790038139273646,0.7583106327859491,4.375318884849548,0.8194798760943942,34T>S;37D>S;39I>L;56E>S;79T>L;92P>V;100P>D;103E>K;138M>V;159A>S;171F>A;176Y>L;178A>G;199N>T;208L>Q;266E>V;268V>S;284T>I;291T>F;292I>G
143,0.8011291031018606,0.79529863363331,0.5790038139273646,0.7583106327859491,4.375318884849548,0.8194798760943942,34T>S;37D>S;39I>L;56E>S;79T>L;92P>V;100P>D;103E>K;138M>V;159A>S;171F>A;176Y>L;178A>G;199N>T;208L>Q;266E>V;268V>S;284T>I;291T>F;292I>G
144,0.8011291031018606,0.795717243100087,0.5790038139273646,0.7583106327859491,4.375318884849548,0.8194798760943942,34T>S;37D>S;39I>L;56E>S;79T>L;92P>V;100P>D;103E>K;138M>V;159A>S;171F>A;176Y>L;178A>G;199N>T;208L>Q;266E>V;268V>S;284T>I;291T>F;292I>G
145,0.8011291031018606,0.7958799008209436,0.5790038139273646,0.7583106327859491,4.375318884849548,0.8194798760943942,34T>S;37D>S;39I>L;56E>S;79T>L;92P>V;100P>D;103E>K;138M>V;159A>S;171F>A;176Y>L;178A>G;199N>T;208L>Q;266E>V;268V>S;284T>I;291T>F;292I>G
146,0.8011291031018606,0.7958799008209436,0.5790038139273646,0.7583106327859491,4.375318884849548,0.8194798760943942,34T>S;37D>S;39I>L;56E>S;79T>L;92P>V;100P>D;103E>K;138M>V;159A>S;171F>A;176Y>L;178A>G;199N>T;208L>Q;266E>V;268V>S;284T>I;291T>F;292I>G
147,0.8011291031018606,0.796136877133324,0.5790038139273646,0.7583106327859491,4.375318884849548,0.8194798760943942,34T>S;37D>S;39I>L;56E>S;79T>L;92P>V;100P>D;103E>K;138M>V;159A>S;171F>A;176Y>L;178A>G;199N>T;208L>Q;266E>V;268V>S;284T>I;291T>F;292I>G
148,0.8066233565206163,0.7970118902361344,0.5776175211675006,0.7564146798390481,4.4532722473144535,0.828141360812717,34T>S;37D>S;39I>L;56E>T;79T>L;92P>T;100P>D;103E>K;137E>K;138M>V;171F>A;176Y>L;178A>G;199N>T;208L>Q;266E>V;268V>S;284T>I;291T>F;292I>G
149,0.8066233565206163,0.7970118902361344,0.5776175211675006,0.7564146798390481,4.4532722473144535,0.828141360812717,34T>S;37D>S;39I>L;56E>T;79T>L;92P>T;100P>D;103E>K;137E>K;138M>V;171F>A;176Y>L;178A>G;199N>T;208L>Q;266E>V;268V>S;284T>I;291T>F;292I>G
150,0.8066233565206163,0.7976246373790471,0.5776175211675006,0.7564146798390481,4.4532722473144535,0.828141360812717,34T>S;37D>S;39I>L;56E>T;79T>L;92P>T;100P>D;103E>K;137E>K;138M>V;171F>A;176Y>L;178A>G;199N>T;208L>Q;266E>V;268V>S;284T>I;291T>F;292I>G
151,0.8066233565206163,0.7981498490099319,0.5776175211675006,0.7564146798390481,4.4532722473144535,0.828141360812717,34T>S;37D>S;39I>L;56E>T;79T>L;92P>T;100P>D;103E>K;137E>K;138M>V;171F>A;176Y>L;178A>G;199N>T;208L>Q;266E>V;268V>S;284T>I;291T>F;292I>G
152,0.8066233565206163,0.7985623188125893,0.5776175211675006,0.7564146798390481,4.4532722473144535,0.828141360812717,34T>S;37D>S;39I>L;56E>T;79T>L;92P>T;100P>D;103E>K;137E>K;138M>V;171F>A;176Y>L;178A>G;199N>T;208L>Q;266E>V;268V>S;284T>I;291T>F;292I>G
153,0.8066233565206163,0.7986781612866054,0.5776175211675006,0.7564146798390481,4.4532722473144535,0.828141360812717,34T>S;37D>S;39I>L;56E>T;79T>L;92P>T;100P>D;103E>K;137E>K;138M>V;171F>A;176Y>L;178A>G;199N>T;208L>Q;266E>V;268V>S;284T>I;291T>F;292I>G
154,0.8066233565206163,0.7988294308097493,0.5776175211675006,0.7564146798390481,4.4532722473144535,0.828141360812717,34T>S;37D>S;39I>L;56E>T;79T>L;92P>T;100P>D;103E>K;137E>K;138M>V;171F>A;176Y>L;178A>G;199N>T;208L>Q;266E>V;268V>S;284T>I;291T>F;292I>G
155,0.8066233565206163,0.7994496750912373,0.5776175211675006,0.7564146798390481,4.4532722473144535,0.828141360812717,34T>S;37D>S;39I>L;56E>T;79T>L;92P>T;100P>D;103E>K;137E>K;138M>V;171F>A;176Y>L;178A>G;199N>T;208L>Q;266E>V;268V>S;284T>I;291T>F;292I>G
156,0.8066233565206163,0.7999814037313759,0.5776175211675006,0.7564146798390481,4.4532722473144535,0.828141360812717,34T>S;37D>S;39I>L;56E>T;79T>L;92P>T;100P>D;103E>K;137E>K;138M>V;171F>A;176Y>L;178A>G;199N>T;208L>Q;266E>V;268V>S;284T>I;291T>F;292I>G
157,0.8066280048802793,0.8003868630006701,0.5728493370974024,0.7498935084813064,4.478485101461411,0.8309427890512678,37D>S;39I>L;56E>T;92P>T;100P>D;103E>K;115L>I;137E>K;138M>V;171F>A;176Y>L;178A>G;199N>T;208L>Q;219M>A;266E>V;268V>S;284T>I;291T>F;292I>G
158,0.8066280048802793,0.8007606585211655,0.5728493370974024,0.7498935084813064,4.478485101461411,0.8309427890512678,37D>S;39I>L;56E>T;92P>T;100P>D;103E>K;115L>I;137E>K;138M>V;171F>A;176Y>L;178A>G;199N>T;208L>Q;219M>A;266E>V;268V>S;284T>I;291T>F;292I>G
159,0.8083637119498486,0.8014175950636211,0.574357419354334,0.7519560259249374,4.492845910787582,0.8325384345319535,39I>L;92P>T;100P>D;103E>K;115L>I;138M>V;148V>A;159A>S;171F>A;176Y>L;178A>G;199N>T;208L>Q;219M>S;266E>V;268V>S;284T>I;285T>A;291T>F;292I>G
160,0.8083637119498486,0.8018886087373497,0.574357419354334,0.7519560259249374,4.492845910787582,0.8325384345319535,39I>L;92P>T;100P>D;103E>K;115L>I;138M>V;148V>A;159A>S;171F>A;176Y>L;178A>G;199N>T;208L>Q;219M>S;266E>V;268V>S;284T>I;285T>A;291T>F;292I>G
161,0.8083637119498486,0.8022654076567588,0.574357419354334,0.7519560259249374,4.492845910787582,0.8325384345319535,39I>L;92P>T;100P>D;103E>K;115L>I;138M>V;148V>A;159A>S;171F>A;176Y>L;178A>G;199N>T;208L>Q;219M>S;266E>V;268V>S;284T>I;285T>A;291T>F;292I>G
162,0.8083637119498486,0.8033159236928236,0.574357419354334,0.7519560259249374,4.492845910787582,0.8325384345319535,39I>L;92P>T;100P>D;103E>K;115L>I;138M>V;148V>A;159A>S;171F>A;176Y>L;178A>G;199N>T;208L>Q;219M>S;266E>V;268V>S;284T>I;285T>A;291T>F;292I>G
163,0.8083637119498486,0.8033159236928236,0.574357419354334,0.7519560259249374,4.492845910787582,0.8325384345319535,39I>L;92P>T;100P>D;103E>K;115L>I;138M>V;148V>A;159A>S;171F>A;176Y>L;178A>G;199N>T;208L>Q;219M>S;266E>V;268V>S;284T>I;285T>A;291T>F;292I>G
164,0.8083637119498486,0.8038929078389281,0.574357419354334,0.7519560259249374,4.492845910787582,0.8325384345319535,39I>L;92P>T;100P>D;103E>K;115L>I;138M>V;148V>A;159A>S;171F>A;176Y>L;178A>G;199N>T;208L>Q;219M>S;266E>V;268V>S;284T>I;285T>A;291T>F;292I>G
165,0.8083637119498486,0.8043507311369676,0.574357419354334,0.7519560259249374,4.492845910787582,0.8325384345319535,39I>L;92P>T;100P>D;103E>K;115L>I;138M>V;148V>A;159A>S;171F>A;176Y>L;178A>G;199N>T;208L>Q;219M>S;266E>V;268V>S;284T>I;285T>A;291T>F;292I>G
166,0.8083637119498486,0.8047403109858914,0.574357419354334,0.7519560259249374,4.492845910787582,0.8325384345319535,39I>L;92P>T;100P>D;103E>K;115L>I;138M>V;148V>A;159A>S;171F>A;176Y>L;178A>G;199N>T;208L>Q;219M>S;266E>V;268V>S;284T>I;285T>A;291T>F;292I>G
167,0.8083637119498486,0.8049762622725486,0.574357419354334,0.7519560259249374,4.492845910787582,0.8325384345319535,39I>L;92P>T;100P>D;103E>K;115L>I;138M>V;148V>A;159A>S;171F>A;176Y>L;178A>G;199N>T;208L>Q;219M>S;266E>V;268V>S;284T>I;285T>A;291T>F;292I>G
168,0.8083637119498486,0.8051815172254098,0.574357419354334,0.7519560259249374,4.492845910787582,0.8325384345319535,39I>L;92P>T;100P>D;103E>K;115L>I;138M>V;148V>A;159A>S;171F>A;176Y>L;178A>G;199N>T;208L>Q;219M>S;266E>V;268V>S;284T>I;285T>A;291T>F;292I>G
169,0.8083637119498486,0.805351631669489,0.574357419354334,0.7519560259249374,4.492845910787582,0.8325384345319535,39I>L;92P>T;100P>D;103E>K;115L>I;138M>V;148V>A;159A>S;171F>A;176Y>L;178A>G;199N>T;208L>Q;219M>S;266E>V;268V>S;284T>I;285T>A;291T>F;292I>G
170,0.8086863459288384,0.805789803438079,0.5798004967125933,0.7594002100513948,4.468280780315399,0.8298089755905999,34T>S;37D>S;39I>L;56E>T;79T>L;92P>T;100P>D;103E>K;138M>V;159A>S;171F>A;176Y>L;178A>G;199N>T;208L>Q;266E>V;268V>S;284T>I;291T>F;292I>G
171,0.8086863459288384,0.8060582709429834,0.5798004967125933,0.7594002100513948,4.468280780315399,0.8298089755905999,34T>S;37D>S;39I>L;56E>T;79T>L;92P>T;100P>D;103E>K;138M>V;159A>S;171F>A;176Y>L;178A>G;199N>T;208L>Q;266E>V;268V>S;284T>I;291T>F;292I>G
172,0.8086863459288384,0.8062193812159155,0.5798004967125933,0.7594002100513948,4.468280780315399,0.8298089755905999,34T>S;37D>S;39I>L;56E>T;79T>L;92P>T;100P>D;103E>K;138M>V;159A>S;171F>A;176Y>L;178A>G;199N>T;208L>Q;266E>V;268V>S;284T>I;291T>F;292I>G
173,0.8086863459288384,0.8063463936700845,0.5798004967125933,0.7594002100513948,4.468280780315399,0.8298089755905999,34T>S;37D>S;39I>L;56E>T;79T>L;92P>T;100P>D;103E>K;138M>V;159A>S;171F>A;176Y>L;178A>G;199N>T;208L>Q;266E>V;268V>S;284T>I;291T>F;292I>G
174,0.8086863459288384,0.8063969375555113,0.5798004967125933,0.7594002100513948,4.468280780315399,0.8298089755905999,34T>S;37D>S;39I>L;56E>T;79T>L;92P>T;100P>D;103E>K;138M>V;159A>S;171F>A;176Y>L;178A>G;199N>T;208L>Q;266E>V;268V>S;284T>I;291T>F;292I>G
175,0.8086863459288384,0.8064688497579219,0.5798004967125933,0.7594002100513948,4.468280780315399,0.8298089755905999,34T>S;37D>S;39I>L;56E>T;79T>L;92P>T;100P>D;103E>K;138M>V;159A>S;171F>A;176Y>L;178A>G;199N>T;208L>Q;266E>V;268V>S;284T>I;291T>F;292I>G
176,0.8086863459288384,0.8064736492458896,0.5798004967125933,0.7594002100513948,4.468280780315399,0.8298089755905999,34T>S;37D>S;39I>L;56E>T;79T>L;92P>T;100P>D;103E>K;138M>V;159A>S;171F>A;176Y>L;178A>G;199N>T;208L>Q;266E>V;268V>S;284T>I;291T>F;292I>G
177,0.8086863459288384,0.8064736492458896,0.5798004967125933,0.7594002100513948,4.468280780315399,0.8298089755905999,34T>S;37D>S;39I>L;56E>T;79T>L;92P>T;100P>D;103E>K;138M>V;159A>S;171F>A;176Y>L;178A>G;199N>T;208L>Q;266E>V;268V>S;284T>I;291T>F;292I>G
178,0.8086863459288384,0.8064736492458896,0.5798004967125933,0.7594002100513948,4.468280780315399,0.8298089755905999,34T>S;37D>S;39I>L;56E>T;79T>L;92P>T;100P>D;103E>K;138M>V;159A>S;171F>A;176Y>L;178A>G;199N>T;208L>Q;266E>V;268V>S;284T>I;291T>F;292I>G
179,0.8086863459288384,0.8064736492458896,0.5798004967125933,0.7594002100513948,4.468280780315399,0.8298089755905999,34T>S;37D>S;39I>L;56E>T;79T>L;92P>T;100P>D;103E>K;138M>V;159A>S;171F>A;176Y>L;178A>G;199N>T;208L>Q;266E>V;268V>S;284T>I;291T>F;292I>G
180,0.8086863459288384,0.8064736492458896,0.5798004967125933,0.7594002100513948,4.468280780315399,0.8298089755905999,34T>S;37D>S;39I>L;56E>T;79T>L;92P>T;100P>D;103E>K;138M>V;159A>S;171F>A;176Y>L;178A>G;199N>T;208L>Q;266E>V;268V>S;284T>I;291T>F;292I>G
181,0.8086863459288384,0.806508554973614,0.5798004967125933,0.7594002100513948,4.468280780315399,0.8298089755905999,34T>S;37D>S;39I>L;56E>T;79T>L;92P>T;100P>D;103E>K;138M>V;159A>S;171F>A;176Y>L;178A>G;199N>T;208L>Q;266E>V;268V>S;284T>I;291T>F;292I>G
182,0.8086863459288384,0.8066182345485416,0.5798004967125933,0.7594002100513948,4.468280780315399,0.8298089755905999,34T>S;37D>S;39I>L;56E>T;79T>L;92P>T;100P>D;103E>K;138M>V;159A>S;171F>A;176Y>L;178A>G;199N>T;208L>Q;266E>V;268V>S;284T>I;291T>F;292I>G
183,0.8086863459288384,0.8066182345485416,0.5798004967125933,0.7594002100513948,4.468280780315399,0.8298089755905999,34T>S;37D>S;39I>L;56E>T;79T>L;92P>T;100P>D;103E>K;138M>V;159A>S;171F>A;176Y>L;178A>G;199N>T;208L>Q;266E>V;268V>S;284T>I;291T>F;292I>G
184,0.8086863459288384,0.8067239500805526,0.5798004967125933,0.7594002100513948,4.468280780315399,0.8298089755905999,34T>S;37D>S;39I>L;56E>T;79T>L;92P>T;100P>D;103E>K;138M>V;159A>S;171F>A;176Y>L;178A>G;199N>T;208L>Q;266E>V;268V>S;284T>I;291T>F;292I>G
185,0.8086863459288384,0.8067351611513575,0.5798004967125933,0.7594002100513948,4.468280780315399,0.8298089755905999,34T>S;37D>S;39I>L;56E>T;79T>L;92P>T;100P>D;103E>K;138M>V;159A>S;171F>A;176Y>L;178A>G;199N>T;208L>Q;266E>V;268V>S;284T>I;291T>F;292I>G
186,0.8086863459288384,0.8067351611513575,0.5798004967125933,0.7594002100513948,4.468280780315399,0.8298089755905999,34T>S;37D>S;39I>L;56E>T;79T>L;92P>T;100P>D;103E>K;138M>V;159A>S;171F>A;176Y>L;178A>G;199N>T;208L>Q;266E>V;268V>S;284T>I;291T>F;292I>G
187,0.8086863459288384,0.8067668098331425,0.5798004967125933,0.7594002100513948,4.468280780315399,0.8298089755905999,34T>S;37D>S;39I>L;56E>T;79T>L;92P>T;100P>D;103E>K;138M>V;159A>S;171F>A;176Y>L;178A>G;199N>T;208L>Q;266E>V;268V>S;284T>I;291T>F;292I>G
188,0.8086863459288384,0.8068508997555117,0.5798004967125933,0.7594002100513948,4.468280780315399,0.8298089755905999,34T>S;37D>S;39I>L;56E>T;79T>L;92P>T;100P>D;103E>K;138M>V;159A>S;171F>A;176Y>L;178A>G;199N>T;208L>Q;266E>V;268V>S;284T>I;291T>F;292I>G
189,0.8086863459288384,0.8069208661344526,0.5798004967125933,0.7594002100513948,4.468280780315399,0.8298089755905999,34T>S;37D>S;39I>L;56E>T;79T>L;92P>T;100P>D;103E>K;138M>V;159A>S;171F>A;176Y>L;178A>G;199N>T;208L>Q;266E>V;268V>S;284T>I;291T>F;292I>G
190,0.8086863459288384,0.8069738851209174,0.5798004967125933,0.7594002100513948,4.468280780315399,0.8298089755905999,34T>S;37D>S;39I>L;56E>T;79T>L;92P>T;100P>D;103E>K;138M>V;159A>S;171F>A;176Y>L;178A>G;199N>T;208L>Q;266E>V;268V>S;284T>I;291T>F;292I>G
191,0.8086863459288384,0.8069738851209174,0.5798004967125933,0.7594002100513948,4.468280780315399,0.8298089755905999,34T>S;37D>S;39I>L;56E>T;79T>L;92P>T;100P>D;103E>K;138M>V;159A>S;171F>A;176Y>L;178A>G;199N>T;208L>Q;266E>V;268V>S;284T>I;291T>F;292I>G
192,0.8086863459288384,0.8069873857541656,0.5798004967125933,0.7594002100513948,4.468280780315399,0.8298089755905999,34T>S;37D>S;39I>L;56E>T;79T>L;92P>T;100P>D;103E>K;138M>V;159A>S;171F>A;176Y>L;178A>G;199N>T;208L>Q;266E>V;268V>S;284T>I;291T>F;292I>G
193,0.8101471889502401,0.8071162659958503,0.5782575007580361,0.7572899431497727,4.495202648639679,0.8328002942932976,34T>S;37D>S;39I>L;79T>L;92P>T;100P>D;103E>K;138M>V;159A>S;171F>A;176Y>L;178A>G;199N>T;208L>Q;266E>V;268V>S;284T>I;285T>D;291T>F;292I>G
194,0.8101471889502401,0.8071678256898167,0.5782575007580361,0.7572899431497727,4.495202648639679,0.8328002942932976,34T>S;37D>S;39I>L;79T>L;92P>T;100P>D;103E>K;138M>V;159A>S;171F>A;176Y>L;178A>G;199N>T;208L>Q;266E>V;268V>S;284T>I;285T>D;291T>F;292I>G
195,0.8101471889502401,0.8072025377514459,0.5782575007580361,0.7572899431497727,4.495202648639679,0.8328002942932976,34T>S;37D>S;39I>L;79T>L;92P>T;100P>D;103E>K;138M>V;159A>S;171F>A;176Y>L;178A>G;199N>T;208L>Q;266E>V;268V>S;284T>I;285T>D;291T>F;292I>G
196,0.8101471889502401,0.8072910984081311,0.5782575007580361,0.7572899431497727,4.495202648639679,0.8328002942932976,34T>S;37D>S;39I>L;79T>L;92P>T;100P>D;103E>K;138M>V;159A>S;171F>A;176Y>L;178A>G;199N>T;208L>Q;266E>V;268V>S;284T>I;285T>D;291T>F;292I>G
197,0.8101471889502401,0.8073709254675928,0.5782575007580361,0.7572899431497727,4.495202648639679,0.8328002942932976,34T>S;37D>S;39I>L;79T>L;92P>T;100P>D;103E>K;138M>V;159A>S;171F>A;176Y>L;178A>G;199N>T;208L>Q;266E>V;268V>S;284T>I;285T>D;291T>F;292I>G
198,0.8101471889502401,0.8073709254675928,0.5782575007580361,0.7572899431497727,4.495202648639679,0.8328002942932976,34T>S;37D>S;39I>L;79T>L;92P>T;100P>D;103E>K;138M>V;159A>S;171F>A;176Y>L;178A>G;199N>T;208L>Q;266E>V;268V>S;284T>I;285T>D;291T>F;292I>G
199,0.8101471889502401,0.8075412536128911,0.5782575007580361,0.7572899431497727,4.495202648639679,0.8328002942932976,34T>S;37D>S;39I>L;79T>L;92P>T;100P>D;103E>K;138M>V;159A>S;171F>A;176Y>L;178A>G;199N>T;208L>Q;266E>V;268V>S;284T>I;285T>D;291T>F;292I>G
