Generation,Seed,Elite_Fitness,Best_Fitness,Mean_Fitness,Best_Proxy,Best_Proxy_norm,Best_ESM,Best_ESM_norm,ESM_cache,Fitness_cache
0,42,0.370112273656562,0.4162797496459011,0.3096399432990936,0.5112041401232211,0.6655849149076333,-0.215087890625,0.3094346788194444,300,0
1,42,0.3902263815280453,0.4162797496459011,0.3447251525202117,0.5112041401232211,0.6655849149076333,-0.215087890625,0.3094346788194444,570,0
2,42,0.4171313927699478,0.4502971075840617,0.3713042523470603,0.5237214406993603,0.6827041076219532,0.15624696811040242,0.3506941075678225,838,0
3,42,0.4418167490470018,0.4664184446838273,0.39423882901133833,0.5293939374350037,0.6904620554476963,0.3335977892080943,0.3703997543564549,1107,0
4,42,0.45870049131925505,0.4892881441945486,0.4160826146648011,0.5386158039104213,0.7030742723085215,0.5789896607398987,0.39766551785998877,1377,0
5,42,0.47871578254551544,0.5167862606945508,0.4329625412050141,0.5444792108638822,0.7110933170688688,0.9016062716643015,0.43351180796270017,1645,0
6,42,0.49493351618649867,0.5322779552721354,0.44837377680083346,0.5565343963002466,0.7275805014611157,1.0371917764345804,0.4485768640482867,1915,0
7,42,0.5125906164079537,0.5326731094282894,0.46175213683128097,0.5504155652207101,0.7192121278010127,1.0745503425598144,0.4527278158399794,2183,0
8,42,0.5194106653789402,0.5341687283547739,0.4746379138743914,0.5523615268509773,0.7218735077016215,1.0835144062836966,0.45372382292041075,2452,0
9,42,0.533737865699814,0.5594116344248014,0.4905932217965263,0.5323528027178057,0.6945087254692307,1.5136159300804137,0.501512881120046,2722,0
10,42,0.5444198307220017,0.5847312459951121,0.498913309903967,0.5502904539339016,0.7190410202833348,1.7445292274157207,0.5271699141573023,2990,0
11,42,0.5549799690168196,0.5847312459951121,0.5083654886027875,0.5502904539339016,0.7190410202833348,1.7445292274157207,0.5271699141573023,3258,0
12,42,0.5653496538504849,0.6084276427510141,0.51609845000181,0.5657549838781636,0.7401909692473189,1.9676188111305237,0.5519576456811692,3526,0
13,42,0.5778073273029476,0.6084276427510141,0.5220817510681773,0.5657549838781636,0.7401909692473189,1.9676188111305237,0.5519576456811692,3795,0
14,42,0.585246781834414,0.6125025829063164,0.5297675517531455,0.5633006567490796,0.7368343270662671,2.032957947254181,0.559217549694909,4063,0
15,42,0.5964923113955721,0.6205005974483129,0.5397988314995437,0.56707266165885,0.7419930814300324,2.115891510248184,0.5684323900275761,4332,0
16,42,0.6029874482195884,0.6205005974483129,0.5486959295393828,0.56707266165885,0.7419930814300324,2.115891510248184,0.5684323900275761,4601,0
17,42,0.6093382412028873,0.6396051712781203,0.5530125935916815,0.5656578833305226,0.7400581704080147,2.3689849734306336,0.596553885936737,4868,0
18,42,0.6143941859522762,0.6517973636503329,0.561581317078844,0.5699915413834659,0.7459850655013323,2.502880851427714,0.6114312057141904,5136,0
19,42,0.6194470482298323,0.6517973636503329,0.5670471426179543,0.5699915413834659,0.7459850655013323,2.502880851427714,0.6114312057141904,5404,0
20,42,0.6293270996952153,0.6619603830107268,0.5765829350034547,0.5720455021986308,0.7487941496811512,2.622713204224904,0.6247459115805449,5673,0
21,42,0.6378258371826183,0.6619603830107268,0.58452537555606,0.5720455021986308,0.7487941496811512,2.622713204224904,0.6247459115805449,5941,0
22,42,0.6409478364040658,0.6619603830107268,0.5874103984809054,0.5720455021986308,0.7487941496811512,2.622713204224904,0.6247459115805449,6210,0
23,42,0.6440857096591298,0.6619603830107268,0.5939361811546954,0.5720455021986308,0.7487941496811512,2.622713204224904,0.6247459115805449,6480,0
24,42,0.6476898988383077,0.6727580417837498,0.5953461374803326,0.5636329894399593,0.7372888393906962,2.8059178709983827,0.645101985666487,6750,0
25,42,0.6503331485582179,0.6727580417837498,0.5982143941176936,0.5636329894399593,0.7372888393906962,2.8059178709983827,0.645101985666487,7019,0
26,42,0.6575375722575979,0.6798645987037499,0.6062110575644606,0.5647066826528807,0.7387572679002021,2.8916239500045777,0.654624883333842,7288,0
27,42,0.6582464225963014,0.6798645987037499,0.6084408481287323,0.5647066826528807,0.7387572679002021,2.8916239500045777,0.654624883333842,7556,0
28,42,0.66172938060512,0.6873568996799584,0.609539730235072,0.5660400217384342,0.7405807991496343,2.980919913450877,0.6645466570500974,7826,0
29,42,0.666463775381149,0.6873568996799584,0.6140436711314101,0.5660400217384342,0.7405807991496343,2.980919913450877,0.6645466570500974,8096,0
30,42,0.6695454127290095,0.6873568996799584,0.6144922056926136,0.5660400217384342,0.7405807991496343,2.980919913450877,0.6645466570500974,8365,0
31,42,0.6718012028422644,0.6873568996799584,0.6186253063582083,0.5660400217384342,0.7405807991496343,2.980919913450877,0.6645466570500974,8634,0
32,42,0.6734746475947085,0.6873568996799584,0.6198159664584102,0.5660400217384342,0.7405807991496343,2.980919913450877,0.6645466570500974,8904,0
33,42,0.6759300775247694,0.7003482409387701,0.6228431800727634,0.566908884848908,0.7417690932982081,3.1433680236339567,0.6825964470704396,9173,0
34,42,0.6766823565448606,0.7003482409387701,0.624284584875419,0.566908884848908,0.7417690932982081,3.1433680236339567,0.6825964470704396,9443,0
35,42,0.6777033804848791,0.7003482409387701,0.6244779993368851,0.566908884848908,0.7417690932982081,3.1433680236339567,0.6825964470704396,9712,0
36,42,0.6790853851731031,0.7003482409387701,0.6242854957739633,0.566908884848908,0.7417690932982081,3.1433680236339567,0.6825964470704396,9979,0
37,42,0.6797996053404584,0.7003482409387701,0.6241360114563513,0.566908884848908,0.7417690932982081,3.1433680236339567,0.6825964470704396,10249,0
38,42,0.6842358982564654,0.7111902107125212,0.6260957312899956,0.5602770486006323,0.7326991119477194,3.3177489916483562,0.7019721101831506,10519,0
39,42,0.6867677791161366,0.7111902107125212,0.6328205202930071,0.5602770486006323,0.7326991119477194,3.3177489916483562,0.7019721101831506,10789,0
40,42,0.688491939710454,0.7111902107125212,0.6316137639819346,0.5602770486006323,0.7326991119477194,3.3177489916483562,0.7019721101831506,11058,0
41,42,0.6897272755277261,0.7111902107125212,0.6319723065657198,0.5602770486006323,0.7326991119477194,3.3177489916483562,0.7019721101831506,11327,0
42,42,0.691841700516161,0.7119418715365621,0.6343814312797578,0.5761572350931075,0.7544175304877552,3.2436421593030293,0.6937380177003365,11592,0
43,42,0.6940078415388999,0.7119418715365621,0.6406807070594062,0.5761572350931075,0.7544175304877552,3.2436421593030293,0.6937380177003365,11861,0
44,42,0.6963836367130701,0.7119418715365621,0.6416822120130082,0.5761572350931075,0.7544175304877552,3.2436421593030293,0.6937380177003365,12130,0
45,42,0.6971021667333057,0.7119418715365621,0.6420529191486118,0.5761572350931075,0.7544175304877552,3.2436421593030293,0.6937380177003365,12400,0
46,42,0.6982398920155131,0.7119418715365621,0.6473096047188158,0.5761572350931075,0.7544175304877552,3.2436421593030293,0.6937380177003365,12669,0
47,42,0.7005636239452911,0.7119418715365621,0.6490914725772179,0.5761572350931075,0.7544175304877552,3.2436421593030293,0.6937380177003365,12937,0
48,42,0.7016356975648932,0.7119418715365621,0.6505762964151567,0.5761572350931075,0.7544175304877552,3.2436421593030293,0.6937380177003365,13207,0
49,42,0.701691489622663,0.7119418715365621,0.6517561075000992,0.5761572350931075,0.7544175304877552,3.2436421593030293,0.6937380177003365,13476,0
50,42,0.7043756915059993,0.7186076089866018,0.6550303810219269,0.571326824876273,0.7478112560048334,3.3548258423805235,0.7060917602645026,13744,0
51,42,0.706399681107317,0.7197683208202528,0.654267507900437,0.5690537250483303,0.744702467989659,3.381740319728851,0.7090822577476501,14012,0
52,42,0.7085193077202879,0.7197683208202528,0.6563982511202172,0.5690537250483303,0.744702467989659,3.381740319728851,0.7090822577476501,14281,0
53,42,0.7091995086276061,0.7197683208202528,0.6545350834481058,0.5690537250483303,0.744702467989659,3.381740319728851,0.7090822577476501,14550,0
54,42,0.7117320687224318,0.7292910975638709,0.655961455575875,0.5706740753162596,0.7469185279406566,3.495628360907237,0.7217364845452485,14820,0
55,42,0.7124871623348898,0.7292910975638709,0.6572316835270885,0.5706740753162596,0.7469185279406566,3.495628360907237,0.7217364845452485,15089,0
56,42,0.7140056166942699,0.7292910975638709,0.6598578968281299,0.5706740753162596,0.7469185279406566,3.495628360907237,0.7217364845452485,15357,0
57,42,0.7146710927498784,0.7292910975638709,0.6561981108395878,0.5706740753162596,0.7469185279406566,3.495628360907237,0.7217364845452485,15627,0
58,42,0.7154417759127153,0.7292910975638709,0.6598962146841854,0.5706740753162596,0.7469185279406566,3.495628360907237,0.7217364845452485,15897,0
59,42,0.7167075288988549,0.734554432595668,0.6596622229948017,0.5730183464909385,0.7501246529170317,3.550933329264323,0.7278814810293692,16167,0
60,42,0.717511384808973,0.734554432595668,0.6605783959561923,0.5730183464909385,0.7501246529170317,3.550933329264323,0.7278814810293692,16437,0
61,42,0.7182631784697069,0.734554432595668,0.6653203934143206,0.5730183464909385,0.7501246529170317,3.550933329264323,0.7278814810293692,16707,0
62,42,0.7195322088704945,0.734554432595668,0.6647894687539554,0.5730183464909385,0.7501246529170317,3.550933329264323,0.7278814810293692,16974,0
63,42,0.7202476610889915,0.734554432595668,0.6663837099768115,0.5730183464909385,0.7501246529170317,3.550933329264323,0.7278814810293692,17243,0
64,42,0.7209569549106905,0.734554432595668,0.6687459274682184,0.5730183464909385,0.7501246529170317,3.550933329264323,0.7278814810293692,17512,0
65,42,0.7217910170822998,0.7351472734227571,0.6725525549854894,0.5713566622992763,0.7478520629337224,3.567321272691091,0.7297023636323434,17780,0
66,42,0.7236601188444814,0.7355209813807398,0.6699417907720391,0.5791628671788553,0.7585281607783104,3.5309468547503156,0.7256607616389239,18049,0
67,42,0.7241610046095797,0.7355209813807398,0.6720709380610421,0.5791628671788553,0.7585281607783104,3.5309468547503156,0.7256607616389239,18319,0
68,42,0.7245074950989523,0.7355209813807398,0.6722117431816966,0.5791628671788553,0.7585281607783104,3.5309468547503156,0.7256607616389239,18587,0
69,42,0.7246293955621037,0.7355209813807398,0.6727284756517691,0.5791628671788553,0.7585281607783104,3.5309468547503156,0.7256607616389239,18856,0
70,42,0.7252988447231711,0.7355209813807398,0.6746426426253741,0.5791628671788553,0.7585281607783104,3.5309468547503156,0.7256607616389239,19125,0
71,42,0.7253844766362305,0.7355209813807398,0.6759020208596104,0.5791628671788553,0.7585281607783104,3.5309468547503156,0.7256607616389239,19394,0
72,42,0.7257109848775626,0.7355209813807398,0.6755826182615524,0.5791628671788553,0.7585281607783104,3.5309468547503156,0.7256607616389239,19662,0
73,42,0.7265912077642402,0.7355209813807398,0.6775099553699803,0.5791628671788553,0.7585281607783104,3.5309468547503156,0.7256607616389239,19932,0
74,42,0.728290798936591,0.7355209813807398,0.6755614428496401,0.5791628671788553,0.7585281607783104,3.5309468547503156,0.7256607616389239,20201,0
75,42,0.7286299638979121,0.7355209813807398,0.6776661461716016,0.5791628671788553,0.7585281607783104,3.5309468547503156,0.7256607616389239,20471,0
76,42,0.729845999355055,0.7399019516507483,0.6804002889550795,0.5668958208479294,0.7417512264147685,3.6519846479098,0.7391094053233112,20739,0
77,42,0.7301230637692541,0.7399019516507483,0.6807503734871218,0.5668958208479294,0.7417512264147685,3.6519846479098,0.7391094053233112,21007,0
78,42,0.7310529548764146,0.7399019516507483,0.6804016461969179,0.5668958208479294,0.7417512264147685,3.6519846479098,0.7391094053233112,21277,0
79,42,0.731891427649378,0.7409196251058565,0.6823296979149963,0.5729087579569648,0.7499747749764195,3.6333496193091075,0.7370388465899009,21545,0
80,42,0.732446876338218,0.7409196251058565,0.683166754428065,0.5729087579569648,0.7499747749764195,3.6333496193091075,0.7370388465899009,21812,0
81,42,0.7334661726494105,0.7409196251058565,0.6864604810379283,0.5729087579569648,0.7499747749764195,3.6333496193091075,0.7370388465899009,22079,0
82,42,0.7336458570687955,0.7409196251058565,0.6830805702951355,0.5729087579569648,0.7499747749764195,3.6333496193091075,0.7370388465899009,22346,0
83,42,0.734138451074591,0.7409196251058565,0.685827043833844,0.5729087579569648,0.7499747749764195,3.6333496193091075,0.7370388465899009,22616,0
84,42,0.7350058717251358,0.7428008409783222,0.6872985287019534,0.5644634326643662,0.7384245888688242,3.702087398370107,0.7446763775966786,22885,0
85,42,0.7357154793837931,0.7428008409783222,0.6853305137253964,0.5644634326643662,0.7384245888688242,3.702087398370107,0.7446763775966786,23154,0
86,42,0.7367519874087457,0.7438404086654732,0.6877879141681984,0.5712817044677612,0.7477495474148732,3.67948557138443,0.7421650634871589,23423,0
87,42,0.7367519874087457,0.7438404086654732,0.6857308659800988,0.5712817044677612,0.7477495474148732,3.67948557138443,0.7421650634871589,23691,0
88,42,0.7371824148176312,0.7438404086654732,0.6872507436187202,0.5712817044677612,0.7477495474148732,3.67948557138443,0.7421650634871589,23959,0
89,42,0.7381914255819858,0.745365271608596,0.688077812096575,0.5697086099177737,0.7455981163938417,3.7073893288771314,0.7452654809863479,24228,0
90,42,0.7387825039248502,0.745365271608596,0.690332749220625,0.5697086099177737,0.7455981163938417,3.7073893288771314,0.7452654809863479,24496,0
91,42,0.7394753650669764,0.745365271608596,0.6914721321510435,0.5697086099177737,0.7455981163938417,3.7073893288771314,0.7452654809863479,24765,0
92,42,0.7398469724414269,0.745365271608596,0.6903238331608779,0.5697086099177737,0.7455981163938417,3.7073893288771314,0.7452654809863479,25034,0
93,42,0.7405630015135745,0.7491393616038062,0.691774035545422,0.5732909540373157,0.7504974825933203,3.737015787760417,0.7485573097511574,25304,0
94,42,0.7414904074622908,0.7491393616038062,0.6912138856415825,0.5732909540373157,0.7504974825933203,3.737015787760417,0.7485573097511574,25573,0
95,42,0.7417536728481399,0.7491393616038062,0.6906459191219247,0.5732909540373157,0.7504974825933203,3.737015787760417,0.7485573097511574,25842,0
96,42,0.7419243382938704,0.7491393616038062,0.6921269885470446,0.5732909540373157,0.7504974825933203,3.737015787760417,0.7485573097511574,26109,0
97,42,0.7425865038049178,0.7515885863703518,0.6931833164586299,0.5717413081033055,0.7483781208969292,3.776680501302083,0.7529645001446759,26378,0
98,42,0.7429663751552413,0.7515885863703518,0.6935548298456454,0.5717413081033055,0.7483781208969292,3.776680501302083,0.7529645001446759,26648,0
99,42,0.7431153287470237,0.7515885863703518,0.6939026210236375,0.5717413081033055,0.7483781208969292,3.776680501302083,0.7529645001446759,26918,0
100,42,0.7433252354706638,0.7515885863703518,0.6955186024855495,0.5717413081033055,0.7483781208969292,3.776680501302083,0.7529645001446759,27187,0
101,42,0.7433252354706638,0.7515885863703518,0.6937645980590675,0.5717413081033055,0.7483781208969292,3.776680501302083,0.7529645001446759,27456,0
102,42,0.7433252354706638,0.7515885863703518,0.6942710990208989,0.5717413081033055,0.7483781208969292,3.776680501302083,0.7529645001446759,27725,0
103,42,0.743341897852636,0.7515885863703518,0.6956072528812066,0.5717413081033055,0.7483781208969292,3.776680501302083,0.7529645001446759,27995,0
104,42,0.743344987499112,0.7515885863703518,0.6950888785620183,0.5717413081033055,0.7483781208969292,3.776680501302083,0.7529645001446759,28264,0
105,42,0.7440870346363918,0.7539090071833905,0.6953925433523516,0.5664529435304573,0.7411455285567927,3.834411625067393,0.7593790694519326,28534,0
106,42,0.7440870346363918,0.7539090071833905,0.6965680616086863,0.5664529435304573,0.7411455285567927,3.834411625067393,0.7593790694519326,28802,0
107,42,0.7444101353651678,0.7539090071833905,0.6967982145873002,0.5664529435304573,0.7411455285567927,3.834411625067393,0.7593790694519326,29070,0
108,42,0.7446600127944802,0.7539090071833905,0.6945928323850594,0.5664529435304573,0.7411455285567927,3.834411625067393,0.7593790694519326,29338,0
109,42,0.7456787541252603,0.7542348446494167,0.6969305997477491,0.5714779507010073,0.7480179421111549,3.8120930830637616,0.756899231451529,29607,0
110,42,0.7460565128611003,0.7542348446494167,0.6983746908325204,0.5714779507010073,0.7480179421111549,3.8120930830637616,0.756899231451529,29877,0
111,42,0.7460565128611003,0.7542348446494167,0.6975165226052391,0.5714779507010073,0.7480179421111549,3.8120930830637616,0.756899231451529,30145,0
112,42,0.7463517895486839,0.7542348446494167,0.6994673151543409,0.5714779507010073,0.7480179421111549,3.8120930830637616,0.756899231451529,30415,0
113,42,0.74655607335595,0.7542348446494167,0.6984472601012076,0.5714779507010073,0.7480179421111549,3.8120930830637616,0.756899231451529,30685,0
114,42,0.7467363484227397,0.7542348446494167,0.6965940779102454,0.5714779507010073,0.7480179421111549,3.8120930830637616,0.756899231451529,30954,0
115,42,0.7471089498791403,0.7542348446494167,0.6987107649670835,0.5714779507010073,0.7480179421111549,3.8120930830637616,0.756899231451529,31221,0
116,42,0.7475520919681118,0.7562867059058858,0.6986547170735963,0.5775017248728702,0.7562563119009033,3.80669758717219,0.7562997319080211,31490,0
117,42,0.747561046875208,0.7562867059058858,0.6998810411775832,0.5775017248728702,0.7562563119009033,3.80669758717219,0.7562997319080211,31758,0
118,42,0.7484628469867649,0.7567606683190515,0.7015706513364982,0.5765855481996585,0.7550033097113598,3.8176243980725606,0.7575138220080623,32028,0
119,42,0.7486818598168111,0.7567606683190515,0.6998146688833858,0.5765855481996585,0.7550033097113598,3.8176243980725606,0.7575138220080623,32298,0
120,42,0.748951402380926,0.7567606683190515,0.7029760187149637,0.5765855481996585,0.7550033097113598,3.8176243980725606,0.7575138220080623,32565,0
121,42,0.7492786756502617,0.7567606683190515,0.7031236586406638,0.5765855481996585,0.7550033097113598,3.8176243980725606,0.7575138220080623,32833,0
122,42,0.7492854076941163,0.7567606683190515,0.7022579905647012,0.5765855481996585,0.7550033097113598,3.8176243980725606,0.7575138220080623,33103,0
123,42,0.7495624867622955,0.7567606683190515,0.7053908443685261,0.5765855481996585,0.7550033097113598,3.8176243980725606,0.7575138220080623,33372,0
124,42,0.7502666832954533,0.7567606683190515,0.7066391408466011,0.5765855481996585,0.7550033097113598,3.8176243980725606,0.7575138220080623,33638,0
125,42,0.751338846212486,0.7575583277001177,0.7075306542938126,0.5703935838919869,0.7465349159376029,3.8605438232421876,0.7622826470269097,33906,0
126,42,0.7517474511970047,0.7575583277001177,0.7073977180010973,0.5703935838919869,0.7465349159376029,3.8605438232421876,0.7622826470269097,34175,0
127,42,0.7517474511970047,0.7575583277001177,0.7082340269423365,0.5703935838919869,0.7465349159376029,3.8605438232421876,0.7622826470269097,34444,0
128,42,0.7518879530346416,0.7575583277001177,0.7087002723337514,0.5703935838919869,0.7465349159376029,3.8605438232421876,0.7622826470269097,34714,0
129,42,0.7518902608259317,0.7575583277001177,0.7090344732094729,0.5703935838919869,0.7465349159376029,3.8605438232421876,0.7622826470269097,34983,0
130,42,0.7524769559173875,0.7580766014376538,0.7079785740787108,0.5700527418281882,0.746068765832808,3.869005350271861,0.7632228166968734,35251,0
131,42,0.7532236502603095,0.7601403859675154,0.706091985815524,0.5733532191698718,0.7505826390371659,3.878129069010417,0.7642365632233796,35519,0
132,42,0.7539160861551388,0.7615113441885593,0.7086032014155282,0.5762556394625338,0.7545521124891934,3.880444848537445,0.7644938720597162,35786,0
133,42,0.7547643553314717,0.7617607380890221,0.7098488110120648,0.5704868477465118,0.7466624675522007,3.9140828291575116,0.7682314254619457,36056,0
134,42,0.7553878846174776,0.7631352371937529,0.7124913453942334,0.5747966349644498,0.7525567158761751,3.9090200026830035,0.7676688891870005,36324,0
135,42,0.755419373207943,0.7631352371937529,0.7132115705000452,0.5747966349644498,0.7525567158761751,3.9090200026830035,0.7676688891870005,36593,0
136,42,0.7557652956510077,0.7631352371937529,0.7132508379990401,0.5747966349644498,0.7525567158761751,3.9090200026830035,0.7676688891870005,36863,0
137,42,0.756394917066141,0.7631352371937529,0.7124657637254432,0.5747966349644498,0.7525567158761751,3.9090200026830035,0.7676688891870005,37132,0
138,42,0.7566356282676249,0.7631352371937529,0.7114992807765674,0.5747966349644498,0.7525567158761751,3.9090200026830035,0.7676688891870005,37401,0
139,42,0.756981327516675,0.7631352371937529,0.7118089720014411,0.5747966349644498,0.7525567158761751,3.9090200026830035,0.7676688891870005,37670,0
140,42,0.757492228020494,0.7637205715282894,0.7148978712384569,0.5740638754432008,0.7515545627856417,3.920411177476247,0.7689345752751385,37939,0
141,42,0.7580228954138977,0.7637205715282894,0.7131800757309725,0.5740638754432008,0.7515545627856417,3.920411177476247,0.7689345752751385,38208,0
142,42,0.7584858562491112,0.7637205715282894,0.7161351999574419,0.5740638754432008,0.7515545627856417,3.920411177476247,0.7689345752751385,38474,0
143,42,0.7587279154339329,0.7637205715282894,0.7144905304159954,0.5740638754432008,0.7515545627856417,3.920411177476247,0.7689345752751385,38739,0
144,42,0.7590989990294119,0.7637205715282894,0.7177415595386037,0.5740638754432008,0.7515545627856417,3.920411177476247,0.7689345752751385,39008,0
145,42,0.7594948022212997,0.7668220756645145,0.7153476165229573,0.5705128151675765,0.7466979817018207,3.9790201862653096,0.7754466873628121,39276,0
146,42,0.7599738567829691,0.7668220756645145,0.7146181917843887,0.5705128151675765,0.7466979817018207,3.9790201862653096,0.7754466873628121,39544,0
147,42,0.7600921083474768,0.7668220756645145,0.7170586325108791,0.5705128151675765,0.7466979817018207,3.9790201862653096,0.7754466873628121,39814,0
148,42,0.7602510890743024,0.7668220756645145,0.7174087454397798,0.5705128151675765,0.7466979817018207,3.9790201862653096,0.7754466873628121,40083,0
149,42,0.7604885609627634,0.7668220756645145,0.7170664206176661,0.5705128151675765,0.7466979817018207,3.9790201862653096,0.7754466873628121,40351,0
150,42,0.760511146873957,0.7668220756645145,0.7190401057833695,0.5705128151675765,0.7466979817018207,3.9790201862653096,0.7754466873628121,40621,0
151,42,0.7607613573849596,0.7668220756645145,0.7205294411346763,0.5705128151675765,0.7466979817018207,3.9790201862653096,0.7754466873628121,40890,0
152,42,0.761924368117368,0.7695715936437386,0.7221730464868311,0.5723458079760027,0.7492048606363433,4.004701741536459,0.778300193504051,41158,0
153,42,0.7619957495000281,0.7695715936437386,0.7199949052148348,0.5723458079760027,0.7492048606363433,4.004701741536459,0.778300193504051,41426,0
154,42,0.7628124160473112,0.7722465327828419,0.7211743112346168,0.5739063003805608,0.7513390564272302,4.03086191813151,0.78120687979239,41694,0
155,42,0.7631894229902587,0.7722465327828419,0.7223562136849627,0.5739063003805608,0.7513390564272302,4.03086191813151,0.78120687979239,41962,0
156,42,0.7634961494378198,0.7722465327828419,0.7200844370655621,0.5739063003805608,0.7513390564272302,4.03086191813151,0.78120687979239,42230,0
157,42,0.7638199714677734,0.7722465327828419,0.7237450406077054,0.5739063003805608,0.7513390564272302,4.03086191813151,0.78120687979239,42498,0
158,42,0.7645553794362858,0.7722465327828419,0.7235481543903727,0.5739063003805608,0.7513390564272302,4.03086191813151,0.78120687979239,42766,0
159,42,0.7654375572763039,0.7722465327828419,0.7278287355211256,0.5739063003805608,0.7513390564272302,4.03086191813151,0.78120687979239,43034,0
160,42,0.7663677534501716,0.7788958435144602,0.7273691496007922,0.573286657920516,0.7504916070412418,4.1196217894554135,0.7910690877172681,43301,0
161,42,0.7663910854823348,0.7788958435144602,0.7275023800094598,0.573286657920516,0.7504916070412418,4.1196217894554135,0.7910690877172681,43571,0
162,42,0.7670697758176354,0.7788958435144602,0.7273139620075462,0.573286657920516,0.7504916070412418,4.1196217894554135,0.7910690877172681,43841,0
163,42,0.7678540336929747,0.7788958435144602,0.728277323557505,0.573286657920516,0.7504916070412418,4.1196217894554135,0.7910690877172681,44111,0
164,42,0.7680795976426087,0.7788958435144602,0.7283303507671388,0.573286657920516,0.7504916070412418,4.1196217894554135,0.7910690877172681,44378,0
165,42,0.7682153248732541,0.7788958435144602,0.7298233207780399,0.573286657920516,0.7504916070412418,4.1196217894554135,0.7910690877172681,44648,0
166,42,0.768684163829848,0.7788958435144602,0.7274402839158957,0.573286657920516,0.7504916070412418,4.1196217894554135,0.7910690877172681,44916,0
167,42,0.7693381931800093,0.7788958435144602,0.7308867756849071,0.573286657920516,0.7504916070412418,4.1196217894554135,0.7910690877172681,45183,0
168,42,0.7701585070480317,0.7788958435144602,0.7312795863443754,0.573286657920516,0.7504916070412418,4.1196217894554135,0.7910690877172681,45452,0
169,42,0.7705118139488211,0.7788958435144602,0.7308956173541069,0.573286657920516,0.7504916070412418,4.1196217894554135,0.7910690877172681,45720,0
170,42,0.7705118139488211,0.7788958435144602,0.7310579171746617,0.573286657920516,0.7504916070412418,4.1196217894554135,0.7910690877172681,45987,0
171,42,0.7710033434609482,0.7788958435144602,0.7324746668331013,0.573286657920516,0.7504916070412418,4.1196217894554135,0.7910690877172681,46256,0
172,42,0.7714079915519644,0.7788958435144602,0.7358822786600762,0.573286657920516,0.7504916070412418,4.1196217894554135,0.7910690877172681,46522,0
173,42,0.7717146230115598,0.7788958435144602,0.735348972837713,0.573286657920516,0.7504916070412418,4.1196217894554135,0.7910690877172681,46791,0
174,42,0.7722367513440828,0.7788958435144602,0.735451147719164,0.573286657920516,0.7504916070412418,4.1196217894554135,0.7910690877172681,47056,0
175,42,0.7725870277453943,0.7788958435144602,0.7343262473451262,0.573286657920516,0.7504916070412418,4.1196217894554135,0.7910690877172681,47324,0
176,42,0.7728236160816774,0.7788958435144602,0.7354568800406968,0.573286657920516,0.7504916070412418,4.1196217894554135,0.7910690877172681,47593,0
177,42,0.7728236160816774,0.7788958435144602,0.734995939525726,0.573286657920516,0.7504916070412418,4.1196217894554135,0.7910690877172681,47861,0
178,42,0.772836601518369,0.7788958435144602,0.7367255956040052,0.573286657920516,0.7504916070412418,4.1196217894554135,0.7910690877172681,48130,0
179,42,0.7732767926921269,0.7790886071139929,0.7364713997264257,0.570395137151446,0.7465370402413098,4.137353507677714,0.7930392786308571,48398,0
180,42,0.7734729206602812,0.7790886071139929,0.73526606384687,0.570395137151446,0.7465370402413098,4.137353507677714,0.7930392786308571,48667,0
181,42,0.7734729206602812,0.7790886071139929,0.7371805455564019,0.570395137151446,0.7465370402413098,4.137353507677714,0.7930392786308571,48936,0
182,42,0.7735782308964525,0.7790886071139929,0.7358200770150136,0.570395137151446,0.7465370402413098,4.137353507677714,0.7930392786308571,49205,0
183,42,0.7735957923216988,0.7790886071139929,0.7382955677819335,0.570395137151446,0.7465370402413098,4.137353507677714,0.7930392786308571,49474,0
184,42,0.7738862947816312,0.7790886071139929,0.737911551013358,0.570395137151446,0.7465370402413098,4.137353507677714,0.7930392786308571,49743,0
185,42,0.7740401604330841,0.7790886071139929,0.7371327383798492,0.570395137151446,0.7465370402413098,4.137353507677714,0.7930392786308571,50010,0
186,42,0.7740401604330841,0.7790886071139929,0.735529383100343,0.570395137151446,0.7465370402413098,4.137353507677714,0.7930392786308571,50280,0
187,42,0.7744365096400272,0.7790886071139929,0.7369001573042511,0.570395137151446,0.7465370402413098,4.137353507677714,0.7930392786308571,50550,0
188,42,0.7745200832961583,0.7790886071139929,0.7377880575258134,0.570395137151446,0.7465370402413098,4.137353507677714,0.7930392786308571,50818,0
189,42,0.7747667795428883,0.7790886071139929,0.7382038421499499,0.570395137151446,0.7465370402413098,4.137353507677714,0.7930392786308571,51086,0
190,42,0.7749007145498588,0.7790886071139929,0.7394454542718044,0.570395137151446,0.7465370402413098,4.137353507677714,0.7930392786308571,51353,0
191,42,0.774930743646131,0.7790886071139929,0.7407684697739914,0.570395137151446,0.7465370402413098,4.137353507677714,0.7930392786308571,51623,0
192,42,0.7750306036217377,0.7790886071139929,0.7422244350379927,0.570395137151446,0.7465370402413098,4.137353507677714,0.7930392786308571,51890,0
193,42,0.7752286855580147,0.7790886071139929,0.7410155012268571,0.570395137151446,0.7465370402413098,4.137353507677714,0.7930392786308571,52158,0
194,42,0.7752554052729622,0.7790886071139929,0.7408892258286651,0.570395137151446,0.7465370402413098,4.137353507677714,0.7930392786308571,52427,0
195,42,0.7754595469755542,0.7790886071139929,0.7416706987025273,0.570395137151446,0.7465370402413098,4.137353507677714,0.7930392786308571,52693,0
196,42,0.7755096629168861,0.7790886071139929,0.7428666448195713,0.570395137151446,0.7465370402413098,4.137353507677714,0.7930392786308571,52962,0
197,42,0.7756645545016955,0.7790886071139929,0.7431503841036567,0.570395137151446,0.7465370402413098,4.137353507677714,0.7930392786308571,53231,0
198,42,0.7758201903913186,0.7790886071139929,0.7420107217176987,0.570395137151446,0.7465370402413098,4.137353507677714,0.7930392786308571,53500,0
199,42,0.7759194057320056,0.7790886071139929,0.7452013135515515,0.570395137151446,0.7465370402413098,4.137353507677714,0.7930392786308571,53767,0
