Fasta_Index,Sequence_ID,Group,Source_File,Source_Row,PLL_Rank,GA_Rank,Mutation_Count,Sequence_Length
0,PLA_WT,WT,,,,,0,269
1,PLA_E20_PLL1_GA53,E20,ESM_GA/01_ESM_GA_20/Top300_ESM_PLL_ranked.csv,2,1,53,20,269
2,PLA_E20_PLL2_GA182,E20,ESM_GA/01_ESM_GA_20/Top300_ESM_PLL_ranked.csv,3,2,182,20,269
3,PLA_E20_PLL3_GA108,E20,ESM_GA/01_ESM_GA_20/Top300_ESM_PLL_ranked.csv,4,3,108,20,269
4,PLA_E20_PLL4_GA78,E20,ESM_GA/01_ESM_GA_20/Top300_ESM_PLL_ranked.csv,5,4,78,20,269
5,PLA_E20_PLL5_GA284,E20,ESM_GA/01_ESM_GA_20/Top300_ESM_PLL_ranked.csv,6,5,284,20,269
6,PLA_E20_PLL6_GA295,E20,ESM_GA/01_ESM_GA_20/Top300_ESM_PLL_ranked.csv,7,6,295,20,269
7,PLA_E20_PLL7_GA189,E20,ESM_GA/01_ESM_GA_20/Top300_ESM_PLL_ranked.csv,8,7,189,20,269
8,PLA_E20_PLL8_GA232,E20,ESM_GA/01_ESM_GA_20/Top300_ESM_PLL_ranked.csv,9,8,232,20,269
9,PLA_E20_PLL9_GA243,E20,ESM_GA/01_ESM_GA_20/Top300_ESM_PLL_ranked.csv,10,9,243,20,269
10,PLA_E20_PLL10_GA174,E20,ESM_GA/01_ESM_GA_20/Top300_ESM_PLL_ranked.csv,11,10,174,20,269
11,PLA_E20_PLL11_GA12,E20,ESM_GA/01_ESM_GA_20/Top300_ESM_PLL_ranked.csv,12,11,12,20,269
12,PLA_E20_PLL12_GA290,E20,ESM_GA/01_ESM_GA_20/Top300_ESM_PLL_ranked.csv,13,12,290,20,269
13,PLA_E20_PLL13_GA16,E20,ESM_GA/01_ESM_GA_20/Top300_ESM_PLL_ranked.csv,14,13,16,20,269
14,PLA_E20_PLL14_GA227,E20,ESM_GA/01_ESM_GA_20/Top300_ESM_PLL_ranked.csv,15,14,227,20,269
15,PLA_E20_PLL15_GA22,E20,ESM_GA/01_ESM_GA_20/Top300_ESM_PLL_ranked.csv,16,15,22,20,269
16,PLA_E20_PLL16_GA239,E20,ESM_GA/01_ESM_GA_20/Top300_ESM_PLL_ranked.csv,17,16,239,20,269
17,PLA_E20_PLL17_GA19,E20,ESM_GA/01_ESM_GA_20/Top300_ESM_PLL_ranked.csv,18,17,19,20,269
18,PLA_E20_PLL18_GA87,E20,ESM_GA/01_ESM_GA_20/Top300_ESM_PLL_ranked.csv,19,18,87,20,269
19,PLA_E20_PLL19_GA280,E20,ESM_GA/01_ESM_GA_20/Top300_ESM_PLL_ranked.csv,20,19,280,20,269
20,PLA_E20_PLL20_GA183,E20,ESM_GA/01_ESM_GA_20/Top300_ESM_PLL_ranked.csv,21,20,183,20,269
21,PLA_E20_PLL21_GA63,E20,ESM_GA/01_ESM_GA_20/Top300_ESM_PLL_ranked.csv,22,21,63,20,269
22,PLA_E20_PLL22_GA35,E20,ESM_GA/01_ESM_GA_20/Top300_ESM_PLL_ranked.csv,23,22,35,20,269
23,PLA_E20_PLL23_GA276,E20,ESM_GA/01_ESM_GA_20/Top300_ESM_PLL_ranked.csv,24,23,276,20,269
24,PLA_E20_PLL24_GA286,E20,ESM_GA/01_ESM_GA_20/Top300_ESM_PLL_ranked.csv,25,24,286,20,269
25,PLA_E20_PLL25_GA248,E20,ESM_GA/01_ESM_GA_20/Top300_ESM_PLL_ranked.csv,26,25,248,20,269
26,PLA_E20_PLL26_GA4,E20,ESM_GA/01_ESM_GA_20/Top300_ESM_PLL_ranked.csv,27,26,4,20,269
27,PLA_E20_PLL27_GA170,E20,ESM_GA/01_ESM_GA_20/Top300_ESM_PLL_ranked.csv,28,27,170,20,269
28,PLA_E20_PLL28_GA253,E20,ESM_GA/01_ESM_GA_20/Top300_ESM_PLL_ranked.csv,29,28,253,20,269
29,PLA_E20_PLL29_GA48,E20,ESM_GA/01_ESM_GA_20/Top300_ESM_PLL_ranked.csv,30,29,48,20,269
30,PLA_E20_PLL30_GA241,E20,ESM_GA/01_ESM_GA_20/Top300_ESM_PLL_ranked.csv,31,30,241,20,269
31,PLA_E20_PLL31_GA91,E20,ESM_GA/01_ESM_GA_20/Top300_ESM_PLL_ranked.csv,32,31,91,20,269
32,PLA_E20_PLL32_GA36,E20,ESM_GA/01_ESM_GA_20/Top300_ESM_PLL_ranked.csv,33,32,36,20,269
33,PLA_E20_PLL33_GA14,E20,ESM_GA/01_ESM_GA_20/Top300_ESM_PLL_ranked.csv,34,33,14,20,269
34,PLA_E20_PLL34_GA62,E20,ESM_GA/01_ESM_GA_20/Top300_ESM_PLL_ranked.csv,35,34,62,20,269
35,PLA_E20_PLL35_GA58,E20,ESM_GA/01_ESM_GA_20/Top300_ESM_PLL_ranked.csv,36,35,58,20,269
36,PLA_E20_PLL36_GA44,E20,ESM_GA/01_ESM_GA_20/Top300_ESM_PLL_ranked.csv,37,36,44,20,269
37,PLA_E20_PLL37_GA1,E20,ESM_GA/01_ESM_GA_20/Top300_ESM_PLL_ranked.csv,38,37,1,20,269
38,PLA_E20_PLL38_GA3,E20,ESM_GA/01_ESM_GA_20/Top300_ESM_PLL_ranked.csv,39,38,3,20,269
39,PLA_E20_PLL39_GA2,E20,ESM_GA/01_ESM_GA_20/Top300_ESM_PLL_ranked.csv,40,39,2,20,269
40,PLA_E20_PLL40_GA179,E20,ESM_GA/01_ESM_GA_20/Top300_ESM_PLL_ranked.csv,41,40,179,20,269
41,PLA_E20_PLL41_GA120,E20,ESM_GA/01_ESM_GA_20/Top300_ESM_PLL_ranked.csv,42,41,120,20,269
42,PLA_E20_PLL42_GA20,E20,ESM_GA/01_ESM_GA_20/Top300_ESM_PLL_ranked.csv,43,42,20,20,269
43,PLA_E20_PLL43_GA272,E20,ESM_GA/01_ESM_GA_20/Top300_ESM_PLL_ranked.csv,44,43,272,20,269
44,PLA_E20_PLL44_GA210,E20,ESM_GA/01_ESM_GA_20/Top300_ESM_PLL_ranked.csv,45,44,210,20,269
45,PLA_E20_PLL45_GA38,E20,ESM_GA/01_ESM_GA_20/Top300_ESM_PLL_ranked.csv,46,45,38,20,269
46,PLA_E20_PLL46_GA148,E20,ESM_GA/01_ESM_GA_20/Top300_ESM_PLL_ranked.csv,47,46,148,20,269
47,PLA_E20_PLL47_GA32,E20,ESM_GA/01_ESM_GA_20/Top300_ESM_PLL_ranked.csv,48,47,32,20,269
48,PLA_E20_PLL48_GA283,E20,ESM_GA/01_ESM_GA_20/Top300_ESM_PLL_ranked.csv,49,48,283,20,269
49,PLA_E20_PLL49_GA258,E20,ESM_GA/01_ESM_GA_20/Top300_ESM_PLL_ranked.csv,50,49,258,20,269
50,PLA_E20_PLL50_GA246,E20,ESM_GA/01_ESM_GA_20/Top300_ESM_PLL_ranked.csv,51,50,246,20,269
51,PLA_E20_PLL51_GA208,E20,ESM_GA/01_ESM_GA_20/Top300_ESM_PLL_ranked.csv,52,51,208,20,269
52,PLA_E20_PLL52_GA17,E20,ESM_GA/01_ESM_GA_20/Top300_ESM_PLL_ranked.csv,53,52,17,20,269
53,PLA_E20_PLL53_GA101,E20,ESM_GA/01_ESM_GA_20/Top300_ESM_PLL_ranked.csv,54,53,101,20,269
54,PLA_E20_PLL54_GA42,E20,ESM_GA/01_ESM_GA_20/Top300_ESM_PLL_ranked.csv,55,54,42,20,269
55,PLA_E20_PLL55_GA70,E20,ESM_GA/01_ESM_GA_20/Top300_ESM_PLL_ranked.csv,56,55,70,20,269
56,PLA_E20_PLL56_GA64,E20,ESM_GA/01_ESM_GA_20/Top300_ESM_PLL_ranked.csv,57,56,64,20,269
57,PLA_E20_PLL57_GA159,E20,ESM_GA/01_ESM_GA_20/Top300_ESM_PLL_ranked.csv,58,57,159,20,269
58,PLA_E20_PLL58_GA146,E20,ESM_GA/01_ESM_GA_20/Top300_ESM_PLL_ranked.csv,59,58,146,20,269
59,PLA_E20_PLL59_GA56,E20,ESM_GA/01_ESM_GA_20/Top300_ESM_PLL_ranked.csv,60,59,56,20,269
60,PLA_E20_PLL60_GA34,E20,ESM_GA/01_ESM_GA_20/Top300_ESM_PLL_ranked.csv,61,60,34,20,269
61,PLA_E20_PLL61_GA84,E20,ESM_GA/01_ESM_GA_20/Top300_ESM_PLL_ranked.csv,62,61,84,20,269
62,PLA_E20_PLL62_GA112,E20,ESM_GA/01_ESM_GA_20/Top300_ESM_PLL_ranked.csv,63,62,112,20,269
63,PLA_E20_PLL63_GA55,E20,ESM_GA/01_ESM_GA_20/Top300_ESM_PLL_ranked.csv,64,63,55,20,269
64,PLA_E20_PLL64_GA106,E20,ESM_GA/01_ESM_GA_20/Top300_ESM_PLL_ranked.csv,65,64,106,20,269
65,PLA_E20_PLL65_GA49,E20,ESM_GA/01_ESM_GA_20/Top300_ESM_PLL_ranked.csv,66,65,49,20,269
66,PLA_E20_PLL66_GA79,E20,ESM_GA/01_ESM_GA_20/Top300_ESM_PLL_ranked.csv,67,66,79,20,269
67,PLA_E20_PLL67_GA37,E20,ESM_GA/01_ESM_GA_20/Top300_ESM_PLL_ranked.csv,68,67,37,20,269
68,PLA_E20_PLL68_GA155,E20,ESM_GA/01_ESM_GA_20/Top300_ESM_PLL_ranked.csv,69,68,155,20,269
69,PLA_E20_PLL69_GA100,E20,ESM_GA/01_ESM_GA_20/Top300_ESM_PLL_ranked.csv,70,69,100,20,269
70,PLA_E20_PLL70_GA15,E20,ESM_GA/01_ESM_GA_20/Top300_ESM_PLL_ranked.csv,71,70,15,20,269
71,PLA_E20_PLL71_GA6,E20,ESM_GA/01_ESM_GA_20/Top300_ESM_PLL_ranked.csv,72,71,6,20,269
72,PLA_E20_PLL72_GA54,E20,ESM_GA/01_ESM_GA_20/Top300_ESM_PLL_ranked.csv,73,72,54,20,269
73,PLA_E20_PLL73_GA45,E20,ESM_GA/01_ESM_GA_20/Top300_ESM_PLL_ranked.csv,74,73,45,20,269
74,PLA_E20_PLL74_GA72,E20,ESM_GA/01_ESM_GA_20/Top300_ESM_PLL_ranked.csv,75,74,72,20,269
75,PLA_E20_PLL75_GA181,E20,ESM_GA/01_ESM_GA_20/Top300_ESM_PLL_ranked.csv,76,75,181,20,269
76,PLA_E20_PLL76_GA168,E20,ESM_GA/01_ESM_GA_20/Top300_ESM_PLL_ranked.csv,77,76,168,20,269
77,PLA_E20_PLL77_GA51,E20,ESM_GA/01_ESM_GA_20/Top300_ESM_PLL_ranked.csv,78,77,51,20,269
78,PLA_E20_PLL78_GA188,E20,ESM_GA/01_ESM_GA_20/Top300_ESM_PLL_ranked.csv,79,78,188,20,269
79,PLA_E20_PLL79_GA97,E20,ESM_GA/01_ESM_GA_20/Top300_ESM_PLL_ranked.csv,80,79,97,20,269
80,PLA_E20_PLL80_GA28,E20,ESM_GA/01_ESM_GA_20/Top300_ESM_PLL_ranked.csv,81,80,28,20,269
81,PLA_E20_PLL81_GA294,E20,ESM_GA/01_ESM_GA_20/Top300_ESM_PLL_ranked.csv,82,81,294,20,269
82,PLA_E20_PLL82_GA184,E20,ESM_GA/01_ESM_GA_20/Top300_ESM_PLL_ranked.csv,83,82,184,20,269
83,PLA_E20_PLL83_GA21,E20,ESM_GA/01_ESM_GA_20/Top300_ESM_PLL_ranked.csv,84,83,21,20,269
84,PLA_E20_PLL84_GA18,E20,ESM_GA/01_ESM_GA_20/Top300_ESM_PLL_ranked.csv,85,84,18,20,269
85,PLA_E20_PLL85_GA165,E20,ESM_GA/01_ESM_GA_20/Top300_ESM_PLL_ranked.csv,86,85,165,20,269
86,PLA_E20_PLL86_GA185,E20,ESM_GA/01_ESM_GA_20/Top300_ESM_PLL_ranked.csv,87,86,185,20,269
87,PLA_E20_PLL87_GA83,E20,ESM_GA/01_ESM_GA_20/Top300_ESM_PLL_ranked.csv,88,87,83,20,269
88,PLA_E20_PLL88_GA298,E20,ESM_GA/01_ESM_GA_20/Top300_ESM_PLL_ranked.csv,89,88,298,20,269
89,PLA_E20_PLL89_GA133,E20,ESM_GA/01_ESM_GA_20/Top300_ESM_PLL_ranked.csv,90,89,133,20,269
90,PLA_E20_PLL90_GA102,E20,ESM_GA/01_ESM_GA_20/Top300_ESM_PLL_ranked.csv,91,90,102,20,269
91,PLA_E20_PLL91_GA24,E20,ESM_GA/01_ESM_GA_20/Top300_ESM_PLL_ranked.csv,92,91,24,20,269
92,PLA_E20_PLL92_GA213,E20,ESM_GA/01_ESM_GA_20/Top300_ESM_PLL_ranked.csv,93,92,213,20,269
93,PLA_E20_PLL93_GA88,E20,ESM_GA/01_ESM_GA_20/Top300_ESM_PLL_ranked.csv,94,93,88,20,269
94,PLA_E20_PLL94_GA116,E20,ESM_GA/01_ESM_GA_20/Top300_ESM_PLL_ranked.csv,95,94,116,20,269
95,PLA_E20_PLL95_GA123,E20,ESM_GA/01_ESM_GA_20/Top300_ESM_PLL_ranked.csv,96,95,123,20,269
96,PLA_E20_PLL96_GA59,E20,ESM_GA/01_ESM_GA_20/Top300_ESM_PLL_ranked.csv,97,96,59,20,269
97,PLA_E20_PLL97_GA255,E20,ESM_GA/01_ESM_GA_20/Top300_ESM_PLL_ranked.csv,98,97,255,20,269
98,PLA_E20_PLL98_GA61,E20,ESM_GA/01_ESM_GA_20/Top300_ESM_PLL_ranked.csv,99,98,61,20,269
99,PLA_E20_PLL99_GA89,E20,ESM_GA/01_ESM_GA_20/Top300_ESM_PLL_ranked.csv,100,99,89,20,269
100,PLA_E20_PLL100_GA224,E20,ESM_GA/01_ESM_GA_20/Top300_ESM_PLL_ranked.csv,101,100,224,20,269
101,PLA_E20_PLL101_GA161,E20,ESM_GA/01_ESM_GA_20/Top300_ESM_PLL_ranked.csv,102,101,161,20,269
102,PLA_E20_PLL102_GA158,E20,ESM_GA/01_ESM_GA_20/Top300_ESM_PLL_ranked.csv,103,102,158,20,269
103,PLA_E20_PLL103_GA214,E20,ESM_GA/01_ESM_GA_20/Top300_ESM_PLL_ranked.csv,104,103,214,20,269
104,PLA_E20_PLL104_GA11,E20,ESM_GA/01_ESM_GA_20/Top300_ESM_PLL_ranked.csv,105,104,11,20,269
105,PLA_E20_PLL105_GA74,E20,ESM_GA/01_ESM_GA_20/Top300_ESM_PLL_ranked.csv,106,105,74,20,269
106,PLA_E20_PLL106_GA43,E20,ESM_GA/01_ESM_GA_20/Top300_ESM_PLL_ranked.csv,107,106,43,20,269
107,PLA_E20_PLL107_GA177,E20,ESM_GA/01_ESM_GA_20/Top300_ESM_PLL_ranked.csv,108,107,177,20,269
108,PLA_E20_PLL108_GA117,E20,ESM_GA/01_ESM_GA_20/Top300_ESM_PLL_ranked.csv,109,108,117,20,269
109,PLA_E20_PLL109_GA8,E20,ESM_GA/01_ESM_GA_20/Top300_ESM_PLL_ranked.csv,110,109,8,20,269
110,PLA_E20_PLL110_GA156,E20,ESM_GA/01_ESM_GA_20/Top300_ESM_PLL_ranked.csv,111,110,156,20,269
111,PLA_E20_PLL111_GA122,E20,ESM_GA/01_ESM_GA_20/Top300_ESM_PLL_ranked.csv,112,111,122,20,269
112,PLA_E20_PLL112_GA176,E20,ESM_GA/01_ESM_GA_20/Top300_ESM_PLL_ranked.csv,113,112,176,20,269
113,PLA_E20_PLL113_GA68,E20,ESM_GA/01_ESM_GA_20/Top300_ESM_PLL_ranked.csv,114,113,68,20,269
114,PLA_E20_PLL114_GA139,E20,ESM_GA/01_ESM_GA_20/Top300_ESM_PLL_ranked.csv,115,114,139,20,269
115,PLA_E20_PLL115_GA94,E20,ESM_GA/01_ESM_GA_20/Top300_ESM_PLL_ranked.csv,116,115,94,20,269
116,PLA_E20_PLL116_GA140,E20,ESM_GA/01_ESM_GA_20/Top300_ESM_PLL_ranked.csv,117,116,140,20,269
117,PLA_E20_PLL117_GA90,E20,ESM_GA/01_ESM_GA_20/Top300_ESM_PLL_ranked.csv,118,117,90,20,269
118,PLA_E20_PLL118_GA115,E20,ESM_GA/01_ESM_GA_20/Top300_ESM_PLL_ranked.csv,119,118,115,20,269
119,PLA_E20_PLL119_GA9,E20,ESM_GA/01_ESM_GA_20/Top300_ESM_PLL_ranked.csv,120,119,9,20,269
120,PLA_E20_PLL120_GA152,E20,ESM_GA/01_ESM_GA_20/Top300_ESM_PLL_ranked.csv,121,120,152,20,269
121,PLA_E20_PLL121_GA125,E20,ESM_GA/01_ESM_GA_20/Top300_ESM_PLL_ranked.csv,122,121,125,20,269
122,PLA_E20_PLL122_GA206,E20,ESM_GA/01_ESM_GA_20/Top300_ESM_PLL_ranked.csv,123,122,206,20,269
123,PLA_E20_PLL123_GA200,E20,ESM_GA/01_ESM_GA_20/Top300_ESM_PLL_ranked.csv,124,123,200,20,269
124,PLA_E20_PLL124_GA31,E20,ESM_GA/01_ESM_GA_20/Top300_ESM_PLL_ranked.csv,125,124,31,20,269
125,PLA_E20_PLL125_GA126,E20,ESM_GA/01_ESM_GA_20/Top300_ESM_PLL_ranked.csv,126,125,126,20,269
126,PLA_E20_PLL126_GA203,E20,ESM_GA/01_ESM_GA_20/Top300_ESM_PLL_ranked.csv,127,126,203,20,269
127,PLA_E20_PLL127_GA205,E20,ESM_GA/01_ESM_GA_20/Top300_ESM_PLL_ranked.csv,128,127,205,20,269
128,PLA_E20_PLL128_GA233,E20,ESM_GA/01_ESM_GA_20/Top300_ESM_PLL_ranked.csv,129,128,233,20,269
129,PLA_E20_PLL129_GA50,E20,ESM_GA/01_ESM_GA_20/Top300_ESM_PLL_ranked.csv,130,129,50,20,269
130,PLA_E20_PLL130_GA81,E20,ESM_GA/01_ESM_GA_20/Top300_ESM_PLL_ranked.csv,131,130,81,20,269
131,PLA_E20_PLL131_GA30,E20,ESM_GA/01_ESM_GA_20/Top300_ESM_PLL_ranked.csv,132,131,30,20,269
132,PLA_E20_PLL132_GA73,E20,ESM_GA/01_ESM_GA_20/Top300_ESM_PLL_ranked.csv,133,132,73,20,269
133,PLA_E20_PLL133_GA10,E20,ESM_GA/01_ESM_GA_20/Top300_ESM_PLL_ranked.csv,134,133,10,20,269
134,PLA_E20_PLL134_GA80,E20,ESM_GA/01_ESM_GA_20/Top300_ESM_PLL_ranked.csv,135,134,80,20,269
135,PLA_E20_PLL135_GA147,E20,ESM_GA/01_ESM_GA_20/Top300_ESM_PLL_ranked.csv,136,135,147,20,269
136,PLA_E20_PLL136_GA289,E20,ESM_GA/01_ESM_GA_20/Top300_ESM_PLL_ranked.csv,137,136,289,20,269
137,PLA_E20_PLL137_GA196,E20,ESM_GA/01_ESM_GA_20/Top300_ESM_PLL_ranked.csv,138,137,196,20,269
138,PLA_E20_PLL138_GA167,E20,ESM_GA/01_ESM_GA_20/Top300_ESM_PLL_ranked.csv,139,138,167,20,269
139,PLA_E20_PLL139_GA194,E20,ESM_GA/01_ESM_GA_20/Top300_ESM_PLL_ranked.csv,140,139,194,20,269
140,PLA_E20_PLL140_GA143,E20,ESM_GA/01_ESM_GA_20/Top300_ESM_PLL_ranked.csv,141,140,143,20,269
141,PLA_E20_PLL141_GA26,E20,ESM_GA/01_ESM_GA_20/Top300_ESM_PLL_ranked.csv,142,141,26,20,269
142,PLA_E20_PLL142_GA5,E20,ESM_GA/01_ESM_GA_20/Top300_ESM_PLL_ranked.csv,143,142,5,20,269
143,PLA_E20_PLL143_GA144,E20,ESM_GA/01_ESM_GA_20/Top300_ESM_PLL_ranked.csv,144,143,144,20,269
144,PLA_E20_PLL144_GA145,E20,ESM_GA/01_ESM_GA_20/Top300_ESM_PLL_ranked.csv,145,144,145,20,269
145,PLA_E20_PLL145_GA69,E20,ESM_GA/01_ESM_GA_20/Top300_ESM_PLL_ranked.csv,146,145,69,20,269
146,PLA_E20_PLL146_GA127,E20,ESM_GA/01_ESM_GA_20/Top300_ESM_PLL_ranked.csv,147,146,127,20,269
147,PLA_E20_PLL147_GA151,E20,ESM_GA/01_ESM_GA_20/Top300_ESM_PLL_ranked.csv,148,147,151,20,269
148,PLA_E20_PLL148_GA104,E20,ESM_GA/01_ESM_GA_20/Top300_ESM_PLL_ranked.csv,149,148,104,20,269
149,PLA_E20_PLL149_GA153,E20,ESM_GA/01_ESM_GA_20/Top300_ESM_PLL_ranked.csv,150,149,153,20,269
150,PLA_E20_PLL150_GA82,E20,ESM_GA/01_ESM_GA_20/Top300_ESM_PLL_ranked.csv,151,150,82,20,269
151,PLA_E20_PLL151_GA259,E20,ESM_GA/01_ESM_GA_20/Top300_ESM_PLL_ranked.csv,152,151,259,20,269
152,PLA_E20_PLL152_GA164,E20,ESM_GA/01_ESM_GA_20/Top300_ESM_PLL_ranked.csv,153,152,164,20,269
153,PLA_E20_PLL153_GA231,E20,ESM_GA/01_ESM_GA_20/Top300_ESM_PLL_ranked.csv,154,153,231,20,269
154,PLA_E20_PLL154_GA288,E20,ESM_GA/01_ESM_GA_20/Top300_ESM_PLL_ranked.csv,155,154,288,20,269
155,PLA_E20_PLL155_GA136,E20,ESM_GA/01_ESM_GA_20/Top300_ESM_PLL_ranked.csv,156,155,136,20,269
156,PLA_E20_PLL156_GA268,E20,ESM_GA/01_ESM_GA_20/Top300_ESM_PLL_ranked.csv,157,156,268,20,269
157,PLA_E20_PLL157_GA180,E20,ESM_GA/01_ESM_GA_20/Top300_ESM_PLL_ranked.csv,158,157,180,20,269
158,PLA_E20_PLL158_GA111,E20,ESM_GA/01_ESM_GA_20/Top300_ESM_PLL_ranked.csv,159,158,111,20,269
159,PLA_E20_PLL159_GA119,E20,ESM_GA/01_ESM_GA_20/Top300_ESM_PLL_ranked.csv,160,159,119,20,269
160,PLA_E20_PLL160_GA7,E20,ESM_GA/01_ESM_GA_20/Top300_ESM_PLL_ranked.csv,161,160,7,20,269
161,PLA_E20_PLL161_GA279,E20,ESM_GA/01_ESM_GA_20/Top300_ESM_PLL_ranked.csv,162,161,279,20,269
162,PLA_E20_PLL162_GA66,E20,ESM_GA/01_ESM_GA_20/Top300_ESM_PLL_ranked.csv,163,162,66,20,269
163,PLA_E20_PLL163_GA105,E20,ESM_GA/01_ESM_GA_20/Top300_ESM_PLL_ranked.csv,164,163,105,20,269
164,PLA_E20_PLL164_GA244,E20,ESM_GA/01_ESM_GA_20/Top300_ESM_PLL_ranked.csv,165,164,244,20,269
165,PLA_E20_PLL165_GA171,E20,ESM_GA/01_ESM_GA_20/Top300_ESM_PLL_ranked.csv,166,165,171,20,269
166,PLA_E20_PLL166_GA118,E20,ESM_GA/01_ESM_GA_20/Top300_ESM_PLL_ranked.csv,167,166,118,20,269
167,PLA_E20_PLL167_GA57,E20,ESM_GA/01_ESM_GA_20/Top300_ESM_PLL_ranked.csv,168,167,57,20,269
168,PLA_E20_PLL168_GA27,E20,ESM_GA/01_ESM_GA_20/Top300_ESM_PLL_ranked.csv,169,168,27,20,269
169,PLA_E20_PLL169_GA77,E20,ESM_GA/01_ESM_GA_20/Top300_ESM_PLL_ranked.csv,170,169,77,20,269
170,PLA_E20_PLL170_GA271,E20,ESM_GA/01_ESM_GA_20/Top300_ESM_PLL_ranked.csv,171,170,271,20,269
171,PLA_E20_PLL171_GA172,E20,ESM_GA/01_ESM_GA_20/Top300_ESM_PLL_ranked.csv,172,171,172,20,269
172,PLA_E20_PLL172_GA135,E20,ESM_GA/01_ESM_GA_20/Top300_ESM_PLL_ranked.csv,173,172,135,20,269
173,PLA_E20_PLL173_GA113,E20,ESM_GA/01_ESM_GA_20/Top300_ESM_PLL_ranked.csv,174,173,113,20,269
174,PLA_E20_PLL174_GA60,E20,ESM_GA/01_ESM_GA_20/Top300_ESM_PLL_ranked.csv,175,174,60,20,269
175,PLA_E20_PLL175_GA187,E20,ESM_GA/01_ESM_GA_20/Top300_ESM_PLL_ranked.csv,176,175,187,20,269
176,PLA_E20_PLL176_GA207,E20,ESM_GA/01_ESM_GA_20/Top300_ESM_PLL_ranked.csv,177,176,207,20,269
177,PLA_E20_PLL177_GA267,E20,ESM_GA/01_ESM_GA_20/Top300_ESM_PLL_ranked.csv,178,177,267,20,269
178,PLA_E20_PLL178_GA65,E20,ESM_GA/01_ESM_GA_20/Top300_ESM_PLL_ranked.csv,179,178,65,20,269
179,PLA_E20_PLL179_GA47,E20,ESM_GA/01_ESM_GA_20/Top300_ESM_PLL_ranked.csv,180,179,47,20,269
180,PLA_E20_PLL180_GA93,E20,ESM_GA/01_ESM_GA_20/Top300_ESM_PLL_ranked.csv,181,180,93,20,269
181,PLA_E20_PLL181_GA96,E20,ESM_GA/01_ESM_GA_20/Top300_ESM_PLL_ranked.csv,182,181,96,20,269
182,PLA_E20_PLL182_GA250,E20,ESM_GA/01_ESM_GA_20/Top300_ESM_PLL_ranked.csv,183,182,250,20,269
183,PLA_E20_PLL183_GA204,E20,ESM_GA/01_ESM_GA_20/Top300_ESM_PLL_ranked.csv,184,183,204,20,269
184,PLA_E20_PLL184_GA270,E20,ESM_GA/01_ESM_GA_20/Top300_ESM_PLL_ranked.csv,185,184,270,20,269
185,PLA_E20_PLL185_GA175,E20,ESM_GA/01_ESM_GA_20/Top300_ESM_PLL_ranked.csv,186,185,175,20,269
186,PLA_E20_PLL186_GA67,E20,ESM_GA/01_ESM_GA_20/Top300_ESM_PLL_ranked.csv,187,186,67,20,269
187,PLA_E20_PLL187_GA154,E20,ESM_GA/01_ESM_GA_20/Top300_ESM_PLL_ranked.csv,188,187,154,20,269
188,PLA_E20_PLL188_GA149,E20,ESM_GA/01_ESM_GA_20/Top300_ESM_PLL_ranked.csv,189,188,149,20,269
189,PLA_E20_PLL189_GA23,E20,ESM_GA/01_ESM_GA_20/Top300_ESM_PLL_ranked.csv,190,189,23,20,269
190,PLA_E20_PLL190_GA52,E20,ESM_GA/01_ESM_GA_20/Top300_ESM_PLL_ranked.csv,191,190,52,20,269
191,PLA_E20_PLL191_GA198,E20,ESM_GA/01_ESM_GA_20/Top300_ESM_PLL_ranked.csv,192,191,198,20,269
192,PLA_E20_PLL192_GA110,E20,ESM_GA/01_ESM_GA_20/Top300_ESM_PLL_ranked.csv,193,192,110,20,269
193,PLA_E20_PLL193_GA278,E20,ESM_GA/01_ESM_GA_20/Top300_ESM_PLL_ranked.csv,194,193,278,20,269
194,PLA_E20_PLL194_GA260,E20,ESM_GA/01_ESM_GA_20/Top300_ESM_PLL_ranked.csv,195,194,260,20,269
195,PLA_E20_PLL195_GA273,E20,ESM_GA/01_ESM_GA_20/Top300_ESM_PLL_ranked.csv,196,195,273,20,269
196,PLA_E20_PLL196_GA166,E20,ESM_GA/01_ESM_GA_20/Top300_ESM_PLL_ranked.csv,197,196,166,20,269
197,PLA_E20_PLL197_GA29,E20,ESM_GA/01_ESM_GA_20/Top300_ESM_PLL_ranked.csv,198,197,29,20,269
198,PLA_E20_PLL198_GA40,E20,ESM_GA/01_ESM_GA_20/Top300_ESM_PLL_ranked.csv,199,198,40,20,269
199,PLA_E20_PLL199_GA25,E20,ESM_GA/01_ESM_GA_20/Top300_ESM_PLL_ranked.csv,200,199,25,20,269
200,PLA_E20_PLL200_GA190,E20,ESM_GA/01_ESM_GA_20/Top300_ESM_PLL_ranked.csv,201,200,190,20,269
201,PLA_E20_PLL201_GA99,E20,ESM_GA/01_ESM_GA_20/Top300_ESM_PLL_ranked.csv,202,201,99,20,269
202,PLA_E20_PLL202_GA235,E20,ESM_GA/01_ESM_GA_20/Top300_ESM_PLL_ranked.csv,203,202,235,20,269
203,PLA_E20_PLL203_GA98,E20,ESM_GA/01_ESM_GA_20/Top300_ESM_PLL_ranked.csv,204,203,98,20,269
204,PLA_E20_PLL204_GA225,E20,ESM_GA/01_ESM_GA_20/Top300_ESM_PLL_ranked.csv,205,204,225,20,269
205,PLA_E20_PLL205_GA86,E20,ESM_GA/01_ESM_GA_20/Top300_ESM_PLL_ranked.csv,206,205,86,20,269
206,PLA_E20_PLL206_GA230,E20,ESM_GA/01_ESM_GA_20/Top300_ESM_PLL_ranked.csv,207,206,230,20,269
207,PLA_E20_PLL207_GA39,E20,ESM_GA/01_ESM_GA_20/Top300_ESM_PLL_ranked.csv,208,207,39,20,269
208,PLA_E20_PLL208_GA92,E20,ESM_GA/01_ESM_GA_20/Top300_ESM_PLL_ranked.csv,209,208,92,20,269
209,PLA_E20_PLL209_GA114,E20,ESM_GA/01_ESM_GA_20/Top300_ESM_PLL_ranked.csv,210,209,114,20,269
210,PLA_E20_PLL210_GA134,E20,ESM_GA/01_ESM_GA_20/Top300_ESM_PLL_ranked.csv,211,210,134,20,269
211,PLA_E20_PLL211_GA262,E20,ESM_GA/01_ESM_GA_20/Top300_ESM_PLL_ranked.csv,212,211,262,20,269
212,PLA_E20_PLL212_GA163,E20,ESM_GA/01_ESM_GA_20/Top300_ESM_PLL_ranked.csv,213,212,163,20,269
213,PLA_E20_PLL213_GA219,E20,ESM_GA/01_ESM_GA_20/Top300_ESM_PLL_ranked.csv,214,213,219,20,269
214,PLA_E20_PLL214_GA257,E20,ESM_GA/01_ESM_GA_20/Top300_ESM_PLL_ranked.csv,215,214,257,20,269
215,PLA_E20_PLL215_GA215,E20,ESM_GA/01_ESM_GA_20/Top300_ESM_PLL_ranked.csv,216,215,215,20,269
216,PLA_E20_PLL216_GA297,E20,ESM_GA/01_ESM_GA_20/Top300_ESM_PLL_ranked.csv,217,216,297,20,269
217,PLA_E20_PLL217_GA209,E20,ESM_GA/01_ESM_GA_20/Top300_ESM_PLL_ranked.csv,218,217,209,20,269
218,PLA_E20_PLL218_GA221,E20,ESM_GA/01_ESM_GA_20/Top300_ESM_PLL_ranked.csv,219,218,221,20,269
219,PLA_E20_PLL219_GA41,E20,ESM_GA/01_ESM_GA_20/Top300_ESM_PLL_ranked.csv,220,219,41,20,269
220,PLA_E20_PLL220_GA238,E20,ESM_GA/01_ESM_GA_20/Top300_ESM_PLL_ranked.csv,221,220,238,20,269
221,PLA_E20_PLL221_GA150,E20,ESM_GA/01_ESM_GA_20/Top300_ESM_PLL_ranked.csv,222,221,150,20,269
222,PLA_E20_PLL222_GA281,E20,ESM_GA/01_ESM_GA_20/Top300_ESM_PLL_ranked.csv,223,222,281,20,269
223,PLA_E20_PLL223_GA218,E20,ESM_GA/01_ESM_GA_20/Top300_ESM_PLL_ranked.csv,224,223,218,20,269
224,PLA_E20_PLL224_GA128,E20,ESM_GA/01_ESM_GA_20/Top300_ESM_PLL_ranked.csv,225,224,128,20,269
225,PLA_E20_PLL225_GA291,E20,ESM_GA/01_ESM_GA_20/Top300_ESM_PLL_ranked.csv,226,225,291,20,269
226,PLA_E20_PLL226_GA197,E20,ESM_GA/01_ESM_GA_20/Top300_ESM_PLL_ranked.csv,227,226,197,20,269
227,PLA_E20_PLL227_GA13,E20,ESM_GA/01_ESM_GA_20/Top300_ESM_PLL_ranked.csv,228,227,13,20,269
228,PLA_E20_PLL228_GA222,E20,ESM_GA/01_ESM_GA_20/Top300_ESM_PLL_ranked.csv,229,228,222,20,269
229,PLA_E20_PLL229_GA251,E20,ESM_GA/01_ESM_GA_20/Top300_ESM_PLL_ranked.csv,230,229,251,20,269
230,PLA_E20_PLL230_GA169,E20,ESM_GA/01_ESM_GA_20/Top300_ESM_PLL_ranked.csv,231,230,169,20,269
231,PLA_E20_PLL231_GA76,E20,ESM_GA/01_ESM_GA_20/Top300_ESM_PLL_ranked.csv,232,231,76,20,269
232,PLA_E20_PLL232_GA142,E20,ESM_GA/01_ESM_GA_20/Top300_ESM_PLL_ranked.csv,233,232,142,20,269
233,PLA_E20_PLL233_GA124,E20,ESM_GA/01_ESM_GA_20/Top300_ESM_PLL_ranked.csv,234,233,124,20,269
234,PLA_E20_PLL234_GA75,E20,ESM_GA/01_ESM_GA_20/Top300_ESM_PLL_ranked.csv,235,234,75,20,269
235,PLA_E20_PLL235_GA121,E20,ESM_GA/01_ESM_GA_20/Top300_ESM_PLL_ranked.csv,236,235,121,20,269
236,PLA_E20_PLL236_GA277,E20,ESM_GA/01_ESM_GA_20/Top300_ESM_PLL_ranked.csv,237,236,277,20,269
237,PLA_E20_PLL237_GA252,E20,ESM_GA/01_ESM_GA_20/Top300_ESM_PLL_ranked.csv,238,237,252,20,269
238,PLA_E20_PLL238_GA201,E20,ESM_GA/01_ESM_GA_20/Top300_ESM_PLL_ranked.csv,239,238,201,20,269
239,PLA_E20_PLL239_GA266,E20,ESM_GA/01_ESM_GA_20/Top300_ESM_PLL_ranked.csv,240,239,266,20,269
240,PLA_E20_PLL240_GA193,E20,ESM_GA/01_ESM_GA_20/Top300_ESM_PLL_ranked.csv,241,240,193,20,269
241,PLA_E20_PLL241_GA85,E20,ESM_GA/01_ESM_GA_20/Top300_ESM_PLL_ranked.csv,242,241,85,20,269
242,PLA_E20_PLL242_GA216,E20,ESM_GA/01_ESM_GA_20/Top300_ESM_PLL_ranked.csv,243,242,216,20,269
243,PLA_E20_PLL243_GA242,E20,ESM_GA/01_ESM_GA_20/Top300_ESM_PLL_ranked.csv,244,243,242,20,269
244,PLA_E20_PLL244_GA103,E20,ESM_GA/01_ESM_GA_20/Top300_ESM_PLL_ranked.csv,245,244,103,20,269
245,PLA_E20_PLL245_GA109,E20,ESM_GA/01_ESM_GA_20/Top300_ESM_PLL_ranked.csv,246,245,109,20,269
246,PLA_E20_PLL246_GA191,E20,ESM_GA/01_ESM_GA_20/Top300_ESM_PLL_ranked.csv,247,246,191,20,269
247,PLA_E20_PLL247_GA46,E20,ESM_GA/01_ESM_GA_20/Top300_ESM_PLL_ranked.csv,248,247,46,20,269
248,PLA_E20_PLL248_GA292,E20,ESM_GA/01_ESM_GA_20/Top300_ESM_PLL_ranked.csv,249,248,292,20,269
249,PLA_E20_PLL249_GA275,E20,ESM_GA/01_ESM_GA_20/Top300_ESM_PLL_ranked.csv,250,249,275,20,269
250,PLA_E20_PLL250_GA247,E20,ESM_GA/01_ESM_GA_20/Top300_ESM_PLL_ranked.csv,251,250,247,20,269
251,PLA_E20_PLL251_GA157,E20,ESM_GA/01_ESM_GA_20/Top300_ESM_PLL_ranked.csv,252,251,157,20,269
252,PLA_E20_PLL252_GA293,E20,ESM_GA/01_ESM_GA_20/Top300_ESM_PLL_ranked.csv,253,252,293,20,269
253,PLA_E20_PLL253_GA162,E20,ESM_GA/01_ESM_GA_20/Top300_ESM_PLL_ranked.csv,254,253,162,20,269
254,PLA_E20_PLL254_GA254,E20,ESM_GA/01_ESM_GA_20/Top300_ESM_PLL_ranked.csv,255,254,254,20,269
255,PLA_E20_PLL255_GA178,E20,ESM_GA/01_ESM_GA_20/Top300_ESM_PLL_ranked.csv,256,255,178,20,269
256,PLA_E20_PLL256_GA138,E20,ESM_GA/01_ESM_GA_20/Top300_ESM_PLL_ranked.csv,257,256,138,20,269
257,PLA_E20_PLL257_GA33,E20,ESM_GA/01_ESM_GA_20/Top300_ESM_PLL_ranked.csv,258,257,33,20,269
258,PLA_E20_PLL258_GA236,E20,ESM_GA/01_ESM_GA_20/Top300_ESM_PLL_ranked.csv,259,258,236,20,269
259,PLA_E20_PLL259_GA299,E20,ESM_GA/01_ESM_GA_20/Top300_ESM_PLL_ranked.csv,260,259,299,20,269
260,PLA_E20_PLL260_GA130,E20,ESM_GA/01_ESM_GA_20/Top300_ESM_PLL_ranked.csv,261,260,130,20,269
261,PLA_E20_PLL261_GA240,E20,ESM_GA/01_ESM_GA_20/Top300_ESM_PLL_ranked.csv,262,261,240,20,269
262,PLA_E20_PLL262_GA160,E20,ESM_GA/01_ESM_GA_20/Top300_ESM_PLL_ranked.csv,263,262,160,20,269
263,PLA_E20_PLL263_GA186,E20,ESM_GA/01_ESM_GA_20/Top300_ESM_PLL_ranked.csv,264,263,186,20,269
264,PLA_E20_PLL264_GA132,E20,ESM_GA/01_ESM_GA_20/Top300_ESM_PLL_ranked.csv,265,264,132,20,269
265,PLA_E20_PLL265_GA249,E20,ESM_GA/01_ESM_GA_20/Top300_ESM_PLL_ranked.csv,266,265,249,20,269
266,PLA_E20_PLL266_GA212,E20,ESM_GA/01_ESM_GA_20/Top300_ESM_PLL_ranked.csv,267,266,212,20,269
267,PLA_E20_PLL267_GA195,E20,ESM_GA/01_ESM_GA_20/Top300_ESM_PLL_ranked.csv,268,267,195,20,269
268,PLA_E20_PLL268_GA220,E20,ESM_GA/01_ESM_GA_20/Top300_ESM_PLL_ranked.csv,269,268,220,20,269
269,PLA_E20_PLL269_GA192,E20,ESM_GA/01_ESM_GA_20/Top300_ESM_PLL_ranked.csv,270,269,192,20,269
270,PLA_E20_PLL270_GA237,E20,ESM_GA/01_ESM_GA_20/Top300_ESM_PLL_ranked.csv,271,270,237,20,269
271,PLA_E20_PLL271_GA173,E20,ESM_GA/01_ESM_GA_20/Top300_ESM_PLL_ranked.csv,272,271,173,20,269
272,PLA_E20_PLL272_GA285,E20,ESM_GA/01_ESM_GA_20/Top300_ESM_PLL_ranked.csv,273,272,285,20,269
273,PLA_E20_PLL273_GA261,E20,ESM_GA/01_ESM_GA_20/Top300_ESM_PLL_ranked.csv,274,273,261,20,269
274,PLA_E20_PLL274_GA95,E20,ESM_GA/01_ESM_GA_20/Top300_ESM_PLL_ranked.csv,275,274,95,20,269
275,PLA_E20_PLL275_GA199,E20,ESM_GA/01_ESM_GA_20/Top300_ESM_PLL_ranked.csv,276,275,199,20,269
276,PLA_E20_PLL276_GA287,E20,ESM_GA/01_ESM_GA_20/Top300_ESM_PLL_ranked.csv,277,276,287,20,269
277,PLA_E20_PLL277_GA263,E20,ESM_GA/01_ESM_GA_20/Top300_ESM_PLL_ranked.csv,278,277,263,20,269
278,PLA_E20_PLL278_GA228,E20,ESM_GA/01_ESM_GA_20/Top300_ESM_PLL_ranked.csv,279,278,228,20,269
279,PLA_E20_PLL279_GA107,E20,ESM_GA/01_ESM_GA_20/Top300_ESM_PLL_ranked.csv,280,279,107,20,269
280,PLA_E20_PLL280_GA141,E20,ESM_GA/01_ESM_GA_20/Top300_ESM_PLL_ranked.csv,281,280,141,20,269
281,PLA_E20_PLL281_GA223,E20,ESM_GA/01_ESM_GA_20/Top300_ESM_PLL_ranked.csv,282,281,223,20,269
282,PLA_E20_PLL282_GA137,E20,ESM_GA/01_ESM_GA_20/Top300_ESM_PLL_ranked.csv,283,282,137,20,269
283,PLA_E20_PLL283_GA202,E20,ESM_GA/01_ESM_GA_20/Top300_ESM_PLL_ranked.csv,284,283,202,20,269
284,PLA_E20_PLL284_GA265,E20,ESM_GA/01_ESM_GA_20/Top300_ESM_PLL_ranked.csv,285,284,265,20,269
285,PLA_E20_PLL285_GA129,E20,ESM_GA/01_ESM_GA_20/Top300_ESM_PLL_ranked.csv,286,285,129,20,269
286,PLA_E20_PLL286_GA71,E20,ESM_GA/01_ESM_GA_20/Top300_ESM_PLL_ranked.csv,287,286,71,20,269
287,PLA_E20_PLL287_GA300,E20,ESM_GA/01_ESM_GA_20/Top300_ESM_PLL_ranked.csv,288,287,300,20,269
288,PLA_E20_PLL288_GA245,E20,ESM_GA/01_ESM_GA_20/Top300_ESM_PLL_ranked.csv,289,288,245,20,269
289,PLA_E20_PLL289_GA264,E20,ESM_GA/01_ESM_GA_20/Top300_ESM_PLL_ranked.csv,290,289,264,20,269
290,PLA_E20_PLL290_GA131,E20,ESM_GA/01_ESM_GA_20/Top300_ESM_PLL_ranked.csv,291,290,131,20,269
291,PLA_E20_PLL291_GA274,E20,ESM_GA/01_ESM_GA_20/Top300_ESM_PLL_ranked.csv,292,291,274,20,269
292,PLA_E20_PLL292_GA229,E20,ESM_GA/01_ESM_GA_20/Top300_ESM_PLL_ranked.csv,293,292,229,20,269
293,PLA_E20_PLL293_GA256,E20,ESM_GA/01_ESM_GA_20/Top300_ESM_PLL_ranked.csv,294,293,256,20,269
294,PLA_E20_PLL294_GA217,E20,ESM_GA/01_ESM_GA_20/Top300_ESM_PLL_ranked.csv,295,294,217,20,269
295,PLA_E20_PLL295_GA234,E20,ESM_GA/01_ESM_GA_20/Top300_ESM_PLL_ranked.csv,296,295,234,20,269
296,PLA_E20_PLL296_GA282,E20,ESM_GA/01_ESM_GA_20/Top300_ESM_PLL_ranked.csv,297,296,282,20,269
297,PLA_E20_PLL297_GA211,E20,ESM_GA/01_ESM_GA_20/Top300_ESM_PLL_ranked.csv,298,297,211,20,269
298,PLA_E20_PLL298_GA296,E20,ESM_GA/01_ESM_GA_20/Top300_ESM_PLL_ranked.csv,299,298,296,20,269
299,PLA_E20_PLL299_GA269,E20,ESM_GA/01_ESM_GA_20/Top300_ESM_PLL_ranked.csv,300,299,269,20,269
300,PLA_E20_PLL300_GA226,E20,ESM_GA/01_ESM_GA_20/Top300_ESM_PLL_ranked.csv,301,300,226,20,269
301,PLA_E30_PLL1_GA7,E30,ESM_GA/02_ESM_GA_30/Top300_ESM_PLL_ranked.csv,2,1,7,30,269
302,PLA_E30_PLL2_GA143,E30,ESM_GA/02_ESM_GA_30/Top300_ESM_PLL_ranked.csv,3,2,143,30,269
303,PLA_E30_PLL3_GA65,E30,ESM_GA/02_ESM_GA_30/Top300_ESM_PLL_ranked.csv,4,3,65,30,269
304,PLA_E30_PLL4_GA49,E30,ESM_GA/02_ESM_GA_30/Top300_ESM_PLL_ranked.csv,5,4,49,30,269
305,PLA_E30_PLL5_GA149,E30,ESM_GA/02_ESM_GA_30/Top300_ESM_PLL_ranked.csv,6,5,149,30,269
306,PLA_E30_PLL6_GA3,E30,ESM_GA/02_ESM_GA_30/Top300_ESM_PLL_ranked.csv,7,6,3,30,269
307,PLA_E30_PLL7_GA151,E30,ESM_GA/02_ESM_GA_30/Top300_ESM_PLL_ranked.csv,8,7,151,30,269
308,PLA_E30_PLL8_GA18,E30,ESM_GA/02_ESM_GA_30/Top300_ESM_PLL_ranked.csv,9,8,18,30,269
309,PLA_E30_PLL9_GA42,E30,ESM_GA/02_ESM_GA_30/Top300_ESM_PLL_ranked.csv,10,9,42,30,269
310,PLA_E30_PLL10_GA19,E30,ESM_GA/02_ESM_GA_30/Top300_ESM_PLL_ranked.csv,11,10,19,30,269
311,PLA_E30_PLL11_GA73,E30,ESM_GA/02_ESM_GA_30/Top300_ESM_PLL_ranked.csv,12,11,73,30,269
312,PLA_E30_PLL12_GA57,E30,ESM_GA/02_ESM_GA_30/Top300_ESM_PLL_ranked.csv,13,12,57,30,269
313,PLA_E30_PLL13_GA12,E30,ESM_GA/02_ESM_GA_30/Top300_ESM_PLL_ranked.csv,14,13,12,30,269
314,PLA_E30_PLL14_GA138,E30,ESM_GA/02_ESM_GA_30/Top300_ESM_PLL_ranked.csv,15,14,138,30,269
315,PLA_E30_PLL15_GA53,E30,ESM_GA/02_ESM_GA_30/Top300_ESM_PLL_ranked.csv,16,15,53,30,269
316,PLA_E30_PLL16_GA14,E30,ESM_GA/02_ESM_GA_30/Top300_ESM_PLL_ranked.csv,17,16,14,30,269
317,PLA_E30_PLL17_GA117,E30,ESM_GA/02_ESM_GA_30/Top300_ESM_PLL_ranked.csv,18,17,117,30,269
318,PLA_E30_PLL18_GA22,E30,ESM_GA/02_ESM_GA_30/Top300_ESM_PLL_ranked.csv,19,18,22,30,269
319,PLA_E30_PLL19_GA52,E30,ESM_GA/02_ESM_GA_30/Top300_ESM_PLL_ranked.csv,20,19,52,30,269
320,PLA_E30_PLL20_GA9,E30,ESM_GA/02_ESM_GA_30/Top300_ESM_PLL_ranked.csv,21,20,9,30,269
321,PLA_E30_PLL21_GA199,E30,ESM_GA/02_ESM_GA_30/Top300_ESM_PLL_ranked.csv,22,21,199,30,269
322,PLA_E30_PLL22_GA59,E30,ESM_GA/02_ESM_GA_30/Top300_ESM_PLL_ranked.csv,23,22,59,30,269
323,PLA_E30_PLL23_GA30,E30,ESM_GA/02_ESM_GA_30/Top300_ESM_PLL_ranked.csv,24,23,30,30,269
324,PLA_E30_PLL24_GA62,E30,ESM_GA/02_ESM_GA_30/Top300_ESM_PLL_ranked.csv,25,24,62,30,269
325,PLA_E30_PLL25_GA20,E30,ESM_GA/02_ESM_GA_30/Top300_ESM_PLL_ranked.csv,26,25,20,30,269
326,PLA_E30_PLL26_GA258,E30,ESM_GA/02_ESM_GA_30/Top300_ESM_PLL_ranked.csv,27,26,258,30,269
327,PLA_E30_PLL27_GA13,E30,ESM_GA/02_ESM_GA_30/Top300_ESM_PLL_ranked.csv,28,27,13,30,269
328,PLA_E30_PLL28_GA172,E30,ESM_GA/02_ESM_GA_30/Top300_ESM_PLL_ranked.csv,29,28,172,30,269
329,PLA_E30_PLL29_GA38,E30,ESM_GA/02_ESM_GA_30/Top300_ESM_PLL_ranked.csv,30,29,38,30,269
330,PLA_E30_PLL30_GA44,E30,ESM_GA/02_ESM_GA_30/Top300_ESM_PLL_ranked.csv,31,30,44,30,269
331,PLA_E30_PLL31_GA24,E30,ESM_GA/02_ESM_GA_30/Top300_ESM_PLL_ranked.csv,32,31,24,30,269
332,PLA_E30_PLL32_GA32,E30,ESM_GA/02_ESM_GA_30/Top300_ESM_PLL_ranked.csv,33,32,32,30,269
333,PLA_E30_PLL33_GA150,E30,ESM_GA/02_ESM_GA_30/Top300_ESM_PLL_ranked.csv,34,33,150,30,269
334,PLA_E30_PLL34_GA216,E30,ESM_GA/02_ESM_GA_30/Top300_ESM_PLL_ranked.csv,35,34,216,30,269
335,PLA_E30_PLL35_GA184,E30,ESM_GA/02_ESM_GA_30/Top300_ESM_PLL_ranked.csv,36,35,184,30,269
336,PLA_E30_PLL36_GA239,E30,ESM_GA/02_ESM_GA_30/Top300_ESM_PLL_ranked.csv,37,36,239,30,269
337,PLA_E30_PLL37_GA185,E30,ESM_GA/02_ESM_GA_30/Top300_ESM_PLL_ranked.csv,38,37,185,30,269
338,PLA_E30_PLL38_GA300,E30,ESM_GA/02_ESM_GA_30/Top300_ESM_PLL_ranked.csv,39,38,300,30,269
339,PLA_E30_PLL39_GA124,E30,ESM_GA/02_ESM_GA_30/Top300_ESM_PLL_ranked.csv,40,39,124,30,269
340,PLA_E30_PLL40_GA146,E30,ESM_GA/02_ESM_GA_30/Top300_ESM_PLL_ranked.csv,41,40,146,30,269
341,PLA_E30_PLL41_GA15,E30,ESM_GA/02_ESM_GA_30/Top300_ESM_PLL_ranked.csv,42,41,15,30,269
342,PLA_E30_PLL42_GA231,E30,ESM_GA/02_ESM_GA_30/Top300_ESM_PLL_ranked.csv,43,42,231,30,269
343,PLA_E30_PLL43_GA46,E30,ESM_GA/02_ESM_GA_30/Top300_ESM_PLL_ranked.csv,44,43,46,30,269
344,PLA_E30_PLL44_GA83,E30,ESM_GA/02_ESM_GA_30/Top300_ESM_PLL_ranked.csv,45,44,83,30,269
345,PLA_E30_PLL45_GA41,E30,ESM_GA/02_ESM_GA_30/Top300_ESM_PLL_ranked.csv,46,45,41,30,269
346,PLA_E30_PLL46_GA25,E30,ESM_GA/02_ESM_GA_30/Top300_ESM_PLL_ranked.csv,47,46,25,30,269
347,PLA_E30_PLL47_GA202,E30,ESM_GA/02_ESM_GA_30/Top300_ESM_PLL_ranked.csv,48,47,202,30,269
348,PLA_E30_PLL48_GA8,E30,ESM_GA/02_ESM_GA_30/Top300_ESM_PLL_ranked.csv,49,48,8,30,269
349,PLA_E30_PLL49_GA207,E30,ESM_GA/02_ESM_GA_30/Top300_ESM_PLL_ranked.csv,50,49,207,30,269
350,PLA_E30_PLL50_GA183,E30,ESM_GA/02_ESM_GA_30/Top300_ESM_PLL_ranked.csv,51,50,183,30,269
351,PLA_E30_PLL51_GA269,E30,ESM_GA/02_ESM_GA_30/Top300_ESM_PLL_ranked.csv,52,51,269,30,269
352,PLA_E30_PLL52_GA195,E30,ESM_GA/02_ESM_GA_30/Top300_ESM_PLL_ranked.csv,53,52,195,30,269
353,PLA_E30_PLL53_GA206,E30,ESM_GA/02_ESM_GA_30/Top300_ESM_PLL_ranked.csv,54,53,206,30,269
354,PLA_E30_PLL54_GA135,E30,ESM_GA/02_ESM_GA_30/Top300_ESM_PLL_ranked.csv,55,54,135,30,269
355,PLA_E30_PLL55_GA58,E30,ESM_GA/02_ESM_GA_30/Top300_ESM_PLL_ranked.csv,56,55,58,30,269
356,PLA_E30_PLL56_GA39,E30,ESM_GA/02_ESM_GA_30/Top300_ESM_PLL_ranked.csv,57,56,39,30,269
357,PLA_E30_PLL57_GA116,E30,ESM_GA/02_ESM_GA_30/Top300_ESM_PLL_ranked.csv,58,57,116,30,269
358,PLA_E30_PLL58_GA218,E30,ESM_GA/02_ESM_GA_30/Top300_ESM_PLL_ranked.csv,59,58,218,30,269
359,PLA_E30_PLL59_GA54,E30,ESM_GA/02_ESM_GA_30/Top300_ESM_PLL_ranked.csv,60,59,54,30,269
360,PLA_E30_PLL60_GA63,E30,ESM_GA/02_ESM_GA_30/Top300_ESM_PLL_ranked.csv,61,60,63,30,269
361,PLA_E30_PLL61_GA72,E30,ESM_GA/02_ESM_GA_30/Top300_ESM_PLL_ranked.csv,62,61,72,30,269
362,PLA_E30_PLL62_GA48,E30,ESM_GA/02_ESM_GA_30/Top300_ESM_PLL_ranked.csv,63,62,48,30,269
363,PLA_E30_PLL63_GA177,E30,ESM_GA/02_ESM_GA_30/Top300_ESM_PLL_ranked.csv,64,63,177,30,269
364,PLA_E30_PLL64_GA198,E30,ESM_GA/02_ESM_GA_30/Top300_ESM_PLL_ranked.csv,65,64,198,30,269
365,PLA_E30_PLL65_GA240,E30,ESM_GA/02_ESM_GA_30/Top300_ESM_PLL_ranked.csv,66,65,240,30,269
366,PLA_E30_PLL66_GA45,E30,ESM_GA/02_ESM_GA_30/Top300_ESM_PLL_ranked.csv,67,66,45,30,269
367,PLA_E30_PLL67_GA5,E30,ESM_GA/02_ESM_GA_30/Top300_ESM_PLL_ranked.csv,68,67,5,30,269
368,PLA_E30_PLL68_GA76,E30,ESM_GA/02_ESM_GA_30/Top300_ESM_PLL_ranked.csv,69,68,76,30,269
369,PLA_E30_PLL69_GA252,E30,ESM_GA/02_ESM_GA_30/Top300_ESM_PLL_ranked.csv,70,69,252,30,269
370,PLA_E30_PLL70_GA29,E30,ESM_GA/02_ESM_GA_30/Top300_ESM_PLL_ranked.csv,71,70,29,30,269
371,PLA_E30_PLL71_GA101,E30,ESM_GA/02_ESM_GA_30/Top300_ESM_PLL_ranked.csv,72,71,101,30,269
372,PLA_E30_PLL72_GA68,E30,ESM_GA/02_ESM_GA_30/Top300_ESM_PLL_ranked.csv,73,72,68,30,269
373,PLA_E30_PLL73_GA102,E30,ESM_GA/02_ESM_GA_30/Top300_ESM_PLL_ranked.csv,74,73,102,30,269
374,PLA_E30_PLL74_GA90,E30,ESM_GA/02_ESM_GA_30/Top300_ESM_PLL_ranked.csv,75,74,90,30,269
375,PLA_E30_PLL75_GA208,E30,ESM_GA/02_ESM_GA_30/Top300_ESM_PLL_ranked.csv,76,75,208,30,269
376,PLA_E30_PLL76_GA89,E30,ESM_GA/02_ESM_GA_30/Top300_ESM_PLL_ranked.csv,77,76,89,30,269
377,PLA_E30_PLL77_GA37,E30,ESM_GA/02_ESM_GA_30/Top300_ESM_PLL_ranked.csv,78,77,37,30,269
378,PLA_E30_PLL78_GA99,E30,ESM_GA/02_ESM_GA_30/Top300_ESM_PLL_ranked.csv,79,78,99,30,269
379,PLA_E30_PLL79_GA247,E30,ESM_GA/02_ESM_GA_30/Top300_ESM_PLL_ranked.csv,80,79,247,30,269
380,PLA_E30_PLL80_GA109,E30,ESM_GA/02_ESM_GA_30/Top300_ESM_PLL_ranked.csv,81,80,109,30,269
381,PLA_E30_PLL81_GA294,E30,ESM_GA/02_ESM_GA_30/Top300_ESM_PLL_ranked.csv,82,81,294,30,269
382,PLA_E30_PLL82_GA2,E30,ESM_GA/02_ESM_GA_30/Top300_ESM_PLL_ranked.csv,83,82,2,30,269
383,PLA_E30_PLL83_GA11,E30,ESM_GA/02_ESM_GA_30/Top300_ESM_PLL_ranked.csv,84,83,11,30,269
384,PLA_E30_PLL84_GA81,E30,ESM_GA/02_ESM_GA_30/Top300_ESM_PLL_ranked.csv,85,84,81,30,269
385,PLA_E30_PLL85_GA6,E30,ESM_GA/02_ESM_GA_30/Top300_ESM_PLL_ranked.csv,86,85,6,30,269
386,PLA_E30_PLL86_GA110,E30,ESM_GA/02_ESM_GA_30/Top300_ESM_PLL_ranked.csv,87,86,110,30,269
387,PLA_E30_PLL87_GA148,E30,ESM_GA/02_ESM_GA_30/Top300_ESM_PLL_ranked.csv,88,87,148,30,269
388,PLA_E30_PLL88_GA127,E30,ESM_GA/02_ESM_GA_30/Top300_ESM_PLL_ranked.csv,89,88,127,30,269
389,PLA_E30_PLL89_GA192,E30,ESM_GA/02_ESM_GA_30/Top300_ESM_PLL_ranked.csv,90,89,192,30,269
390,PLA_E30_PLL90_GA130,E30,ESM_GA/02_ESM_GA_30/Top300_ESM_PLL_ranked.csv,91,90,130,30,269
391,PLA_E30_PLL91_GA160,E30,ESM_GA/02_ESM_GA_30/Top300_ESM_PLL_ranked.csv,92,91,160,30,269
392,PLA_E30_PLL92_GA126,E30,ESM_GA/02_ESM_GA_30/Top300_ESM_PLL_ranked.csv,93,92,126,30,269
393,PLA_E30_PLL93_GA4,E30,ESM_GA/02_ESM_GA_30/Top300_ESM_PLL_ranked.csv,94,93,4,30,269
394,PLA_E30_PLL94_GA107,E30,ESM_GA/02_ESM_GA_30/Top300_ESM_PLL_ranked.csv,95,94,107,30,269
395,PLA_E30_PLL95_GA17,E30,ESM_GA/02_ESM_GA_30/Top300_ESM_PLL_ranked.csv,96,95,17,30,269
396,PLA_E30_PLL96_GA235,E30,ESM_GA/02_ESM_GA_30/Top300_ESM_PLL_ranked.csv,97,96,235,30,269
397,PLA_E30_PLL97_GA111,E30,ESM_GA/02_ESM_GA_30/Top300_ESM_PLL_ranked.csv,98,97,111,30,269
398,PLA_E30_PLL98_GA162,E30,ESM_GA/02_ESM_GA_30/Top300_ESM_PLL_ranked.csv,99,98,162,30,269
399,PLA_E30_PLL99_GA121,E30,ESM_GA/02_ESM_GA_30/Top300_ESM_PLL_ranked.csv,100,99,121,30,269
400,PLA_E30_PLL100_GA176,E30,ESM_GA/02_ESM_GA_30/Top300_ESM_PLL_ranked.csv,101,100,176,30,269
401,PLA_E30_PLL101_GA36,E30,ESM_GA/02_ESM_GA_30/Top300_ESM_PLL_ranked.csv,102,101,36,30,269
402,PLA_E30_PLL102_GA122,E30,ESM_GA/02_ESM_GA_30/Top300_ESM_PLL_ranked.csv,103,102,122,30,269
403,PLA_E30_PLL103_GA82,E30,ESM_GA/02_ESM_GA_30/Top300_ESM_PLL_ranked.csv,104,103,82,30,269
404,PLA_E30_PLL104_GA118,E30,ESM_GA/02_ESM_GA_30/Top300_ESM_PLL_ranked.csv,105,104,118,30,269
405,PLA_E30_PLL105_GA114,E30,ESM_GA/02_ESM_GA_30/Top300_ESM_PLL_ranked.csv,106,105,114,30,269
406,PLA_E30_PLL106_GA270,E30,ESM_GA/02_ESM_GA_30/Top300_ESM_PLL_ranked.csv,107,106,270,30,269
407,PLA_E30_PLL107_GA27,E30,ESM_GA/02_ESM_GA_30/Top300_ESM_PLL_ranked.csv,108,107,27,30,269
408,PLA_E30_PLL108_GA189,E30,ESM_GA/02_ESM_GA_30/Top300_ESM_PLL_ranked.csv,109,108,189,30,269
409,PLA_E30_PLL109_GA178,E30,ESM_GA/02_ESM_GA_30/Top300_ESM_PLL_ranked.csv,110,109,178,30,269
410,PLA_E30_PLL110_GA186,E30,ESM_GA/02_ESM_GA_30/Top300_ESM_PLL_ranked.csv,111,110,186,30,269
411,PLA_E30_PLL111_GA142,E30,ESM_GA/02_ESM_GA_30/Top300_ESM_PLL_ranked.csv,112,111,142,30,269
412,PLA_E30_PLL112_GA134,E30,ESM_GA/02_ESM_GA_30/Top300_ESM_PLL_ranked.csv,113,112,134,30,269
413,PLA_E30_PLL113_GA220,E30,ESM_GA/02_ESM_GA_30/Top300_ESM_PLL_ranked.csv,114,113,220,30,269
414,PLA_E30_PLL114_GA158,E30,ESM_GA/02_ESM_GA_30/Top300_ESM_PLL_ranked.csv,115,114,158,30,269
415,PLA_E30_PLL115_GA187,E30,ESM_GA/02_ESM_GA_30/Top300_ESM_PLL_ranked.csv,116,115,187,30,269
416,PLA_E30_PLL116_GA271,E30,ESM_GA/02_ESM_GA_30/Top300_ESM_PLL_ranked.csv,117,116,271,30,269
417,PLA_E30_PLL117_GA21,E30,ESM_GA/02_ESM_GA_30/Top300_ESM_PLL_ranked.csv,118,117,21,30,269
418,PLA_E30_PLL118_GA1,E30,ESM_GA/02_ESM_GA_30/Top300_ESM_PLL_ranked.csv,119,118,1,30,269
419,PLA_E30_PLL119_GA120,E30,ESM_GA/02_ESM_GA_30/Top300_ESM_PLL_ranked.csv,120,119,120,30,269
420,PLA_E30_PLL120_GA133,E30,ESM_GA/02_ESM_GA_30/Top300_ESM_PLL_ranked.csv,121,120,133,30,269
421,PLA_E30_PLL121_GA91,E30,ESM_GA/02_ESM_GA_30/Top300_ESM_PLL_ranked.csv,122,121,91,30,269
422,PLA_E30_PLL122_GA104,E30,ESM_GA/02_ESM_GA_30/Top300_ESM_PLL_ranked.csv,123,122,104,30,269
423,PLA_E30_PLL123_GA67,E30,ESM_GA/02_ESM_GA_30/Top300_ESM_PLL_ranked.csv,124,123,67,30,269
424,PLA_E30_PLL124_GA113,E30,ESM_GA/02_ESM_GA_30/Top300_ESM_PLL_ranked.csv,125,124,113,30,269
425,PLA_E30_PLL125_GA222,E30,ESM_GA/02_ESM_GA_30/Top300_ESM_PLL_ranked.csv,126,125,222,30,269
426,PLA_E30_PLL126_GA145,E30,ESM_GA/02_ESM_GA_30/Top300_ESM_PLL_ranked.csv,127,126,145,30,269
427,PLA_E30_PLL127_GA154,E30,ESM_GA/02_ESM_GA_30/Top300_ESM_PLL_ranked.csv,128,127,154,30,269
428,PLA_E30_PLL128_GA55,E30,ESM_GA/02_ESM_GA_30/Top300_ESM_PLL_ranked.csv,129,128,55,30,269
429,PLA_E30_PLL129_GA140,E30,ESM_GA/02_ESM_GA_30/Top300_ESM_PLL_ranked.csv,130,129,140,30,269
430,PLA_E30_PLL130_GA298,E30,ESM_GA/02_ESM_GA_30/Top300_ESM_PLL_ranked.csv,131,130,298,30,269
431,PLA_E30_PLL131_GA264,E30,ESM_GA/02_ESM_GA_30/Top300_ESM_PLL_ranked.csv,132,131,264,30,269
432,PLA_E30_PLL132_GA234,E30,ESM_GA/02_ESM_GA_30/Top300_ESM_PLL_ranked.csv,133,132,234,30,269
433,PLA_E30_PLL133_GA106,E30,ESM_GA/02_ESM_GA_30/Top300_ESM_PLL_ranked.csv,134,133,106,30,269
434,PLA_E30_PLL134_GA286,E30,ESM_GA/02_ESM_GA_30/Top300_ESM_PLL_ranked.csv,135,134,286,30,269
435,PLA_E30_PLL135_GA256,E30,ESM_GA/02_ESM_GA_30/Top300_ESM_PLL_ranked.csv,136,135,256,30,269
436,PLA_E30_PLL136_GA35,E30,ESM_GA/02_ESM_GA_30/Top300_ESM_PLL_ranked.csv,137,136,35,30,269
437,PLA_E30_PLL137_GA64,E30,ESM_GA/02_ESM_GA_30/Top300_ESM_PLL_ranked.csv,138,137,64,30,269
438,PLA_E30_PLL138_GA43,E30,ESM_GA/02_ESM_GA_30/Top300_ESM_PLL_ranked.csv,139,138,43,30,269
439,PLA_E30_PLL139_GA200,E30,ESM_GA/02_ESM_GA_30/Top300_ESM_PLL_ranked.csv,140,139,200,30,269
440,PLA_E30_PLL140_GA288,E30,ESM_GA/02_ESM_GA_30/Top300_ESM_PLL_ranked.csv,141,140,288,30,269
441,PLA_E30_PLL141_GA94,E30,ESM_GA/02_ESM_GA_30/Top300_ESM_PLL_ranked.csv,142,141,94,30,269
442,PLA_E30_PLL142_GA268,E30,ESM_GA/02_ESM_GA_30/Top300_ESM_PLL_ranked.csv,143,142,268,30,269
443,PLA_E30_PLL143_GA261,E30,ESM_GA/02_ESM_GA_30/Top300_ESM_PLL_ranked.csv,144,143,261,30,269
444,PLA_E30_PLL144_GA219,E30,ESM_GA/02_ESM_GA_30/Top300_ESM_PLL_ranked.csv,145,144,219,30,269
445,PLA_E30_PLL145_GA47,E30,ESM_GA/02_ESM_GA_30/Top300_ESM_PLL_ranked.csv,146,145,47,30,269
446,PLA_E30_PLL146_GA34,E30,ESM_GA/02_ESM_GA_30/Top300_ESM_PLL_ranked.csv,147,146,34,30,269
447,PLA_E30_PLL147_GA74,E30,ESM_GA/02_ESM_GA_30/Top300_ESM_PLL_ranked.csv,148,147,74,30,269
448,PLA_E30_PLL148_GA33,E30,ESM_GA/02_ESM_GA_30/Top300_ESM_PLL_ranked.csv,149,148,33,30,269
449,PLA_E30_PLL149_GA88,E30,ESM_GA/02_ESM_GA_30/Top300_ESM_PLL_ranked.csv,150,149,88,30,269
450,PLA_E30_PLL150_GA203,E30,ESM_GA/02_ESM_GA_30/Top300_ESM_PLL_ranked.csv,151,150,203,30,269
451,PLA_E30_PLL151_GA266,E30,ESM_GA/02_ESM_GA_30/Top300_ESM_PLL_ranked.csv,152,151,266,30,269
452,PLA_E30_PLL152_GA26,E30,ESM_GA/02_ESM_GA_30/Top300_ESM_PLL_ranked.csv,153,152,26,30,269
453,PLA_E30_PLL153_GA291,E30,ESM_GA/02_ESM_GA_30/Top300_ESM_PLL_ranked.csv,154,153,291,30,269
454,PLA_E30_PLL154_GA93,E30,ESM_GA/02_ESM_GA_30/Top300_ESM_PLL_ranked.csv,155,154,93,30,269
455,PLA_E30_PLL155_GA56,E30,ESM_GA/02_ESM_GA_30/Top300_ESM_PLL_ranked.csv,156,155,56,30,269
456,PLA_E30_PLL156_GA129,E30,ESM_GA/02_ESM_GA_30/Top300_ESM_PLL_ranked.csv,157,156,129,30,269
457,PLA_E30_PLL157_GA137,E30,ESM_GA/02_ESM_GA_30/Top300_ESM_PLL_ranked.csv,158,157,137,30,269
458,PLA_E30_PLL158_GA16,E30,ESM_GA/02_ESM_GA_30/Top300_ESM_PLL_ranked.csv,159,158,16,30,269
459,PLA_E30_PLL159_GA267,E30,ESM_GA/02_ESM_GA_30/Top300_ESM_PLL_ranked.csv,160,159,267,30,269
460,PLA_E30_PLL160_GA166,E30,ESM_GA/02_ESM_GA_30/Top300_ESM_PLL_ranked.csv,161,160,166,30,269
461,PLA_E30_PLL161_GA236,E30,ESM_GA/02_ESM_GA_30/Top300_ESM_PLL_ranked.csv,162,161,236,30,269
462,PLA_E30_PLL162_GA225,E30,ESM_GA/02_ESM_GA_30/Top300_ESM_PLL_ranked.csv,163,162,225,30,269
463,PLA_E30_PLL163_GA179,E30,ESM_GA/02_ESM_GA_30/Top300_ESM_PLL_ranked.csv,164,163,179,30,269
464,PLA_E30_PLL164_GA28,E30,ESM_GA/02_ESM_GA_30/Top300_ESM_PLL_ranked.csv,165,164,28,30,269
465,PLA_E30_PLL165_GA201,E30,ESM_GA/02_ESM_GA_30/Top300_ESM_PLL_ranked.csv,166,165,201,30,269
466,PLA_E30_PLL166_GA161,E30,ESM_GA/02_ESM_GA_30/Top300_ESM_PLL_ranked.csv,167,166,161,30,269
467,PLA_E30_PLL167_GA226,E30,ESM_GA/02_ESM_GA_30/Top300_ESM_PLL_ranked.csv,168,167,226,30,269
468,PLA_E30_PLL168_GA66,E30,ESM_GA/02_ESM_GA_30/Top300_ESM_PLL_ranked.csv,169,168,66,30,269
469,PLA_E30_PLL169_GA296,E30,ESM_GA/02_ESM_GA_30/Top300_ESM_PLL_ranked.csv,170,169,296,30,269
470,PLA_E30_PLL170_GA71,E30,ESM_GA/02_ESM_GA_30/Top300_ESM_PLL_ranked.csv,171,170,71,30,269
471,PLA_E30_PLL171_GA248,E30,ESM_GA/02_ESM_GA_30/Top300_ESM_PLL_ranked.csv,172,171,248,30,269
472,PLA_E30_PLL172_GA163,E30,ESM_GA/02_ESM_GA_30/Top300_ESM_PLL_ranked.csv,173,172,163,30,269
473,PLA_E30_PLL173_GA215,E30,ESM_GA/02_ESM_GA_30/Top300_ESM_PLL_ranked.csv,174,173,215,30,269
474,PLA_E30_PLL174_GA147,E30,ESM_GA/02_ESM_GA_30/Top300_ESM_PLL_ranked.csv,175,174,147,30,269
475,PLA_E30_PLL175_GA251,E30,ESM_GA/02_ESM_GA_30/Top300_ESM_PLL_ranked.csv,176,175,251,30,269
476,PLA_E30_PLL176_GA98,E30,ESM_GA/02_ESM_GA_30/Top300_ESM_PLL_ranked.csv,177,176,98,30,269
477,PLA_E30_PLL177_GA211,E30,ESM_GA/02_ESM_GA_30/Top300_ESM_PLL_ranked.csv,178,177,211,30,269
478,PLA_E30_PLL178_GA153,E30,ESM_GA/02_ESM_GA_30/Top300_ESM_PLL_ranked.csv,179,178,153,30,269
479,PLA_E30_PLL179_GA250,E30,ESM_GA/02_ESM_GA_30/Top300_ESM_PLL_ranked.csv,180,179,250,30,269
480,PLA_E30_PLL180_GA253,E30,ESM_GA/02_ESM_GA_30/Top300_ESM_PLL_ranked.csv,181,180,253,30,269
481,PLA_E30_PLL181_GA181,E30,ESM_GA/02_ESM_GA_30/Top300_ESM_PLL_ranked.csv,182,181,181,30,269
482,PLA_E30_PLL182_GA257,E30,ESM_GA/02_ESM_GA_30/Top300_ESM_PLL_ranked.csv,183,182,257,30,269
483,PLA_E30_PLL183_GA50,E30,ESM_GA/02_ESM_GA_30/Top300_ESM_PLL_ranked.csv,184,183,50,30,269
484,PLA_E30_PLL184_GA152,E30,ESM_GA/02_ESM_GA_30/Top300_ESM_PLL_ranked.csv,185,184,152,30,269
485,PLA_E30_PLL185_GA278,E30,ESM_GA/02_ESM_GA_30/Top300_ESM_PLL_ranked.csv,186,185,278,30,269
486,PLA_E30_PLL186_GA61,E30,ESM_GA/02_ESM_GA_30/Top300_ESM_PLL_ranked.csv,187,186,61,30,269
487,PLA_E30_PLL187_GA287,E30,ESM_GA/02_ESM_GA_30/Top300_ESM_PLL_ranked.csv,188,187,287,30,269
488,PLA_E30_PLL188_GA265,E30,ESM_GA/02_ESM_GA_30/Top300_ESM_PLL_ranked.csv,189,188,265,30,269
489,PLA_E30_PLL189_GA60,E30,ESM_GA/02_ESM_GA_30/Top300_ESM_PLL_ranked.csv,190,189,60,30,269
490,PLA_E30_PLL190_GA10,E30,ESM_GA/02_ESM_GA_30/Top300_ESM_PLL_ranked.csv,191,190,10,30,269
491,PLA_E30_PLL191_GA191,E30,ESM_GA/02_ESM_GA_30/Top300_ESM_PLL_ranked.csv,192,191,191,30,269
492,PLA_E30_PLL192_GA245,E30,ESM_GA/02_ESM_GA_30/Top300_ESM_PLL_ranked.csv,193,192,245,30,269
493,PLA_E30_PLL193_GA196,E30,ESM_GA/02_ESM_GA_30/Top300_ESM_PLL_ranked.csv,194,193,196,30,269
494,PLA_E30_PLL194_GA103,E30,ESM_GA/02_ESM_GA_30/Top300_ESM_PLL_ranked.csv,195,194,103,30,269
495,PLA_E30_PLL195_GA95,E30,ESM_GA/02_ESM_GA_30/Top300_ESM_PLL_ranked.csv,196,195,95,30,269
496,PLA_E30_PLL196_GA80,E30,ESM_GA/02_ESM_GA_30/Top300_ESM_PLL_ranked.csv,197,196,80,30,269
497,PLA_E30_PLL197_GA92,E30,ESM_GA/02_ESM_GA_30/Top300_ESM_PLL_ranked.csv,198,197,92,30,269
498,PLA_E30_PLL198_GA217,E30,ESM_GA/02_ESM_GA_30/Top300_ESM_PLL_ranked.csv,199,198,217,30,269
499,PLA_E30_PLL199_GA223,E30,ESM_GA/02_ESM_GA_30/Top300_ESM_PLL_ranked.csv,200,199,223,30,269
500,PLA_E30_PLL200_GA69,E30,ESM_GA/02_ESM_GA_30/Top300_ESM_PLL_ranked.csv,201,200,69,30,269
501,PLA_E30_PLL201_GA40,E30,ESM_GA/02_ESM_GA_30/Top300_ESM_PLL_ranked.csv,202,201,40,30,269
502,PLA_E30_PLL202_GA144,E30,ESM_GA/02_ESM_GA_30/Top300_ESM_PLL_ranked.csv,203,202,144,30,269
503,PLA_E30_PLL203_GA23,E30,ESM_GA/02_ESM_GA_30/Top300_ESM_PLL_ranked.csv,204,203,23,30,269
504,PLA_E30_PLL204_GA259,E30,ESM_GA/02_ESM_GA_30/Top300_ESM_PLL_ranked.csv,205,204,259,30,269
505,PLA_E30_PLL205_GA277,E30,ESM_GA/02_ESM_GA_30/Top300_ESM_PLL_ranked.csv,206,205,277,30,269
506,PLA_E30_PLL206_GA228,E30,ESM_GA/02_ESM_GA_30/Top300_ESM_PLL_ranked.csv,207,206,228,30,269
507,PLA_E30_PLL207_GA105,E30,ESM_GA/02_ESM_GA_30/Top300_ESM_PLL_ranked.csv,208,207,105,30,269
508,PLA_E30_PLL208_GA51,E30,ESM_GA/02_ESM_GA_30/Top300_ESM_PLL_ranked.csv,209,208,51,30,269
509,PLA_E30_PLL209_GA197,E30,ESM_GA/02_ESM_GA_30/Top300_ESM_PLL_ranked.csv,210,209,197,30,269
510,PLA_E30_PLL210_GA255,E30,ESM_GA/02_ESM_GA_30/Top300_ESM_PLL_ranked.csv,211,210,255,30,269
511,PLA_E30_PLL211_GA174,E30,ESM_GA/02_ESM_GA_30/Top300_ESM_PLL_ranked.csv,212,211,174,30,269
512,PLA_E30_PLL212_GA232,E30,ESM_GA/02_ESM_GA_30/Top300_ESM_PLL_ranked.csv,213,212,232,30,269
513,PLA_E30_PLL213_GA254,E30,ESM_GA/02_ESM_GA_30/Top300_ESM_PLL_ranked.csv,214,213,254,30,269
514,PLA_E30_PLL214_GA96,E30,ESM_GA/02_ESM_GA_30/Top300_ESM_PLL_ranked.csv,215,214,96,30,269
515,PLA_E30_PLL215_GA272,E30,ESM_GA/02_ESM_GA_30/Top300_ESM_PLL_ranked.csv,216,215,272,30,269
516,PLA_E30_PLL216_GA168,E30,ESM_GA/02_ESM_GA_30/Top300_ESM_PLL_ranked.csv,217,216,168,30,269
517,PLA_E30_PLL217_GA79,E30,ESM_GA/02_ESM_GA_30/Top300_ESM_PLL_ranked.csv,218,217,79,30,269
518,PLA_E30_PLL218_GA171,E30,ESM_GA/02_ESM_GA_30/Top300_ESM_PLL_ranked.csv,219,218,171,30,269
519,PLA_E30_PLL219_GA167,E30,ESM_GA/02_ESM_GA_30/Top300_ESM_PLL_ranked.csv,220,219,167,30,269
520,PLA_E30_PLL220_GA212,E30,ESM_GA/02_ESM_GA_30/Top300_ESM_PLL_ranked.csv,221,220,212,30,269
521,PLA_E30_PLL221_GA209,E30,ESM_GA/02_ESM_GA_30/Top300_ESM_PLL_ranked.csv,222,221,209,30,269
522,PLA_E30_PLL222_GA112,E30,ESM_GA/02_ESM_GA_30/Top300_ESM_PLL_ranked.csv,223,222,112,30,269
523,PLA_E30_PLL223_GA214,E30,ESM_GA/02_ESM_GA_30/Top300_ESM_PLL_ranked.csv,224,223,214,30,269
524,PLA_E30_PLL224_GA100,E30,ESM_GA/02_ESM_GA_30/Top300_ESM_PLL_ranked.csv,225,224,100,30,269
525,PLA_E30_PLL225_GA86,E30,ESM_GA/02_ESM_GA_30/Top300_ESM_PLL_ranked.csv,226,225,86,30,269
526,PLA_E30_PLL226_GA85,E30,ESM_GA/02_ESM_GA_30/Top300_ESM_PLL_ranked.csv,227,226,85,30,269
527,PLA_E30_PLL227_GA229,E30,ESM_GA/02_ESM_GA_30/Top300_ESM_PLL_ranked.csv,228,227,229,30,269
528,PLA_E30_PLL228_GA289,E30,ESM_GA/02_ESM_GA_30/Top300_ESM_PLL_ranked.csv,229,228,289,30,269
529,PLA_E30_PLL229_GA136,E30,ESM_GA/02_ESM_GA_30/Top300_ESM_PLL_ranked.csv,230,229,136,30,269
530,PLA_E30_PLL230_GA78,E30,ESM_GA/02_ESM_GA_30/Top300_ESM_PLL_ranked.csv,231,230,78,30,269
531,PLA_E30_PLL231_GA31,E30,ESM_GA/02_ESM_GA_30/Top300_ESM_PLL_ranked.csv,232,231,31,30,269
532,PLA_E30_PLL232_GA156,E30,ESM_GA/02_ESM_GA_30/Top300_ESM_PLL_ranked.csv,233,232,156,30,269
533,PLA_E30_PLL233_GA119,E30,ESM_GA/02_ESM_GA_30/Top300_ESM_PLL_ranked.csv,234,233,119,30,269
534,PLA_E30_PLL234_GA132,E30,ESM_GA/02_ESM_GA_30/Top300_ESM_PLL_ranked.csv,235,234,132,30,269
535,PLA_E30_PLL235_GA290,E30,ESM_GA/02_ESM_GA_30/Top300_ESM_PLL_ranked.csv,236,235,290,30,269
536,PLA_E30_PLL236_GA188,E30,ESM_GA/02_ESM_GA_30/Top300_ESM_PLL_ranked.csv,237,236,188,30,269
537,PLA_E30_PLL237_GA274,E30,ESM_GA/02_ESM_GA_30/Top300_ESM_PLL_ranked.csv,238,237,274,30,269
538,PLA_E30_PLL238_GA141,E30,ESM_GA/02_ESM_GA_30/Top300_ESM_PLL_ranked.csv,239,238,141,30,269
539,PLA_E30_PLL239_GA293,E30,ESM_GA/02_ESM_GA_30/Top300_ESM_PLL_ranked.csv,240,239,293,30,269
540,PLA_E30_PLL240_GA123,E30,ESM_GA/02_ESM_GA_30/Top300_ESM_PLL_ranked.csv,241,240,123,30,269
541,PLA_E30_PLL241_GA204,E30,ESM_GA/02_ESM_GA_30/Top300_ESM_PLL_ranked.csv,242,241,204,30,269
542,PLA_E30_PLL242_GA169,E30,ESM_GA/02_ESM_GA_30/Top300_ESM_PLL_ranked.csv,243,242,169,30,269
543,PLA_E30_PLL243_GA97,E30,ESM_GA/02_ESM_GA_30/Top300_ESM_PLL_ranked.csv,244,243,97,30,269
544,PLA_E30_PLL244_GA125,E30,ESM_GA/02_ESM_GA_30/Top300_ESM_PLL_ranked.csv,245,244,125,30,269
545,PLA_E30_PLL245_GA260,E30,ESM_GA/02_ESM_GA_30/Top300_ESM_PLL_ranked.csv,246,245,260,30,269
546,PLA_E30_PLL246_GA297,E30,ESM_GA/02_ESM_GA_30/Top300_ESM_PLL_ranked.csv,247,246,297,30,269
547,PLA_E30_PLL247_GA157,E30,ESM_GA/02_ESM_GA_30/Top300_ESM_PLL_ranked.csv,248,247,157,30,269
548,PLA_E30_PLL248_GA75,E30,ESM_GA/02_ESM_GA_30/Top300_ESM_PLL_ranked.csv,249,248,75,30,269
549,PLA_E30_PLL249_GA115,E30,ESM_GA/02_ESM_GA_30/Top300_ESM_PLL_ranked.csv,250,249,115,30,269
550,PLA_E30_PLL250_GA194,E30,ESM_GA/02_ESM_GA_30/Top300_ESM_PLL_ranked.csv,251,250,194,30,269
551,PLA_E30_PLL251_GA108,E30,ESM_GA/02_ESM_GA_30/Top300_ESM_PLL_ranked.csv,252,251,108,30,269
552,PLA_E30_PLL252_GA139,E30,ESM_GA/02_ESM_GA_30/Top300_ESM_PLL_ranked.csv,253,252,139,30,269
553,PLA_E30_PLL253_GA213,E30,ESM_GA/02_ESM_GA_30/Top300_ESM_PLL_ranked.csv,254,253,213,30,269
554,PLA_E30_PLL254_GA170,E30,ESM_GA/02_ESM_GA_30/Top300_ESM_PLL_ranked.csv,255,254,170,30,269
555,PLA_E30_PLL255_GA221,E30,ESM_GA/02_ESM_GA_30/Top300_ESM_PLL_ranked.csv,256,255,221,30,269
556,PLA_E30_PLL256_GA70,E30,ESM_GA/02_ESM_GA_30/Top300_ESM_PLL_ranked.csv,257,256,70,30,269
557,PLA_E30_PLL257_GA244,E30,ESM_GA/02_ESM_GA_30/Top300_ESM_PLL_ranked.csv,258,257,244,30,269
558,PLA_E30_PLL258_GA224,E30,ESM_GA/02_ESM_GA_30/Top300_ESM_PLL_ranked.csv,259,258,224,30,269
559,PLA_E30_PLL259_GA273,E30,ESM_GA/02_ESM_GA_30/Top300_ESM_PLL_ranked.csv,260,259,273,30,269
560,PLA_E30_PLL260_GA131,E30,ESM_GA/02_ESM_GA_30/Top300_ESM_PLL_ranked.csv,261,260,131,30,269
561,PLA_E30_PLL261_GA262,E30,ESM_GA/02_ESM_GA_30/Top300_ESM_PLL_ranked.csv,262,261,262,30,269
562,PLA_E30_PLL262_GA227,E30,ESM_GA/02_ESM_GA_30/Top300_ESM_PLL_ranked.csv,263,262,227,30,269
563,PLA_E30_PLL263_GA84,E30,ESM_GA/02_ESM_GA_30/Top300_ESM_PLL_ranked.csv,264,263,84,30,269
564,PLA_E30_PLL264_GA193,E30,ESM_GA/02_ESM_GA_30/Top300_ESM_PLL_ranked.csv,265,264,193,30,269
565,PLA_E30_PLL265_GA282,E30,ESM_GA/02_ESM_GA_30/Top300_ESM_PLL_ranked.csv,266,265,282,30,269
566,PLA_E30_PLL266_GA263,E30,ESM_GA/02_ESM_GA_30/Top300_ESM_PLL_ranked.csv,267,266,263,30,269
567,PLA_E30_PLL267_GA173,E30,ESM_GA/02_ESM_GA_30/Top300_ESM_PLL_ranked.csv,268,267,173,30,269
568,PLA_E30_PLL268_GA280,E30,ESM_GA/02_ESM_GA_30/Top300_ESM_PLL_ranked.csv,269,268,280,30,269
569,PLA_E30_PLL269_GA275,E30,ESM_GA/02_ESM_GA_30/Top300_ESM_PLL_ranked.csv,270,269,275,30,269
570,PLA_E30_PLL270_GA285,E30,ESM_GA/02_ESM_GA_30/Top300_ESM_PLL_ranked.csv,271,270,285,30,269
571,PLA_E30_PLL271_GA295,E30,ESM_GA/02_ESM_GA_30/Top300_ESM_PLL_ranked.csv,272,271,295,30,269
572,PLA_E30_PLL272_GA279,E30,ESM_GA/02_ESM_GA_30/Top300_ESM_PLL_ranked.csv,273,272,279,30,269
573,PLA_E30_PLL273_GA242,E30,ESM_GA/02_ESM_GA_30/Top300_ESM_PLL_ranked.csv,274,273,242,30,269
574,PLA_E30_PLL274_GA284,E30,ESM_GA/02_ESM_GA_30/Top300_ESM_PLL_ranked.csv,275,274,284,30,269
575,PLA_E30_PLL275_GA77,E30,ESM_GA/02_ESM_GA_30/Top300_ESM_PLL_ranked.csv,276,275,77,30,269
576,PLA_E30_PLL276_GA230,E30,ESM_GA/02_ESM_GA_30/Top300_ESM_PLL_ranked.csv,277,276,230,30,269
577,PLA_E30_PLL277_GA128,E30,ESM_GA/02_ESM_GA_30/Top300_ESM_PLL_ranked.csv,278,277,128,30,269
578,PLA_E30_PLL278_GA180,E30,ESM_GA/02_ESM_GA_30/Top300_ESM_PLL_ranked.csv,279,278,180,30,269
579,PLA_E30_PLL279_GA238,E30,ESM_GA/02_ESM_GA_30/Top300_ESM_PLL_ranked.csv,280,279,238,30,269
580,PLA_E30_PLL280_GA210,E30,ESM_GA/02_ESM_GA_30/Top300_ESM_PLL_ranked.csv,281,280,210,30,269
581,PLA_E30_PLL281_GA249,E30,ESM_GA/02_ESM_GA_30/Top300_ESM_PLL_ranked.csv,282,281,249,30,269
582,PLA_E30_PLL282_GA283,E30,ESM_GA/02_ESM_GA_30/Top300_ESM_PLL_ranked.csv,283,282,283,30,269
583,PLA_E30_PLL283_GA159,E30,ESM_GA/02_ESM_GA_30/Top300_ESM_PLL_ranked.csv,284,283,159,30,269
584,PLA_E30_PLL284_GA292,E30,ESM_GA/02_ESM_GA_30/Top300_ESM_PLL_ranked.csv,285,284,292,30,269
585,PLA_E30_PLL285_GA87,E30,ESM_GA/02_ESM_GA_30/Top300_ESM_PLL_ranked.csv,286,285,87,30,269
586,PLA_E30_PLL286_GA299,E30,ESM_GA/02_ESM_GA_30/Top300_ESM_PLL_ranked.csv,287,286,299,30,269
587,PLA_E30_PLL287_GA233,E30,ESM_GA/02_ESM_GA_30/Top300_ESM_PLL_ranked.csv,288,287,233,30,269
588,PLA_E30_PLL288_GA241,E30,ESM_GA/02_ESM_GA_30/Top300_ESM_PLL_ranked.csv,289,288,241,30,269
589,PLA_E30_PLL289_GA155,E30,ESM_GA/02_ESM_GA_30/Top300_ESM_PLL_ranked.csv,290,289,155,30,269
590,PLA_E30_PLL290_GA164,E30,ESM_GA/02_ESM_GA_30/Top300_ESM_PLL_ranked.csv,291,290,164,30,269
591,PLA_E30_PLL291_GA246,E30,ESM_GA/02_ESM_GA_30/Top300_ESM_PLL_ranked.csv,292,291,246,30,269
592,PLA_E30_PLL292_GA165,E30,ESM_GA/02_ESM_GA_30/Top300_ESM_PLL_ranked.csv,293,292,165,30,269
593,PLA_E30_PLL293_GA182,E30,ESM_GA/02_ESM_GA_30/Top300_ESM_PLL_ranked.csv,294,293,182,30,269
594,PLA_E30_PLL294_GA237,E30,ESM_GA/02_ESM_GA_30/Top300_ESM_PLL_ranked.csv,295,294,237,30,269
595,PLA_E30_PLL295_GA281,E30,ESM_GA/02_ESM_GA_30/Top300_ESM_PLL_ranked.csv,296,295,281,30,269
596,PLA_E30_PLL296_GA205,E30,ESM_GA/02_ESM_GA_30/Top300_ESM_PLL_ranked.csv,297,296,205,30,269
597,PLA_E30_PLL297_GA243,E30,ESM_GA/02_ESM_GA_30/Top300_ESM_PLL_ranked.csv,298,297,243,30,269
598,PLA_E30_PLL298_GA175,E30,ESM_GA/02_ESM_GA_30/Top300_ESM_PLL_ranked.csv,299,298,175,30,269
599,PLA_E30_PLL299_GA190,E30,ESM_GA/02_ESM_GA_30/Top300_ESM_PLL_ranked.csv,300,299,190,30,269
600,PLA_E30_PLL300_GA276,E30,ESM_GA/02_ESM_GA_30/Top300_ESM_PLL_ranked.csv,301,300,276,30,269
601,PLA_M30_PLL1_GA128,M30,ESM_GA/02_ESM_MPNN_GA/Top300_ESM_PLL_ranked.csv,2,1,128,30,269
602,PLA_M30_PLL2_GA1,M30,ESM_GA/02_ESM_MPNN_GA/Top300_ESM_PLL_ranked.csv,3,2,1,30,269
603,PLA_M30_PLL3_GA77,M30,ESM_GA/02_ESM_MPNN_GA/Top300_ESM_PLL_ranked.csv,4,3,77,30,269
604,PLA_M30_PLL4_GA13,M30,ESM_GA/02_ESM_MPNN_GA/Top300_ESM_PLL_ranked.csv,5,4,13,30,269
605,PLA_M30_PLL5_GA38,M30,ESM_GA/02_ESM_MPNN_GA/Top300_ESM_PLL_ranked.csv,6,5,38,30,269
606,PLA_M30_PLL6_GA129,M30,ESM_GA/02_ESM_MPNN_GA/Top300_ESM_PLL_ranked.csv,7,6,129,30,269
607,PLA_M30_PLL7_GA89,M30,ESM_GA/02_ESM_MPNN_GA/Top300_ESM_PLL_ranked.csv,8,7,89,30,269
608,PLA_M30_PLL8_GA41,M30,ESM_GA/02_ESM_MPNN_GA/Top300_ESM_PLL_ranked.csv,9,8,41,30,269
609,PLA_M30_PLL9_GA43,M30,ESM_GA/02_ESM_MPNN_GA/Top300_ESM_PLL_ranked.csv,10,9,43,30,269
610,PLA_M30_PLL10_GA260,M30,ESM_GA/02_ESM_MPNN_GA/Top300_ESM_PLL_ranked.csv,11,10,260,30,269
611,PLA_M30_PLL11_GA34,M30,ESM_GA/02_ESM_MPNN_GA/Top300_ESM_PLL_ranked.csv,12,11,34,30,269
612,PLA_M30_PLL12_GA21,M30,ESM_GA/02_ESM_MPNN_GA/Top300_ESM_PLL_ranked.csv,13,12,21,30,269
613,PLA_M30_PLL13_GA219,M30,ESM_GA/02_ESM_MPNN_GA/Top300_ESM_PLL_ranked.csv,14,13,219,30,269
614,PLA_M30_PLL14_GA20,M30,ESM_GA/02_ESM_MPNN_GA/Top300_ESM_PLL_ranked.csv,15,14,20,30,269
615,PLA_M30_PLL15_GA133,M30,ESM_GA/02_ESM_MPNN_GA/Top300_ESM_PLL_ranked.csv,16,15,133,30,269
616,PLA_M30_PLL16_GA8,M30,ESM_GA/02_ESM_MPNN_GA/Top300_ESM_PLL_ranked.csv,17,16,8,30,269
617,PLA_M30_PLL17_GA62,M30,ESM_GA/02_ESM_MPNN_GA/Top300_ESM_PLL_ranked.csv,18,17,62,30,269
618,PLA_M30_PLL18_GA29,M30,ESM_GA/02_ESM_MPNN_GA/Top300_ESM_PLL_ranked.csv,19,18,29,30,269
619,PLA_M30_PLL19_GA100,M30,ESM_GA/02_ESM_MPNN_GA/Top300_ESM_PLL_ranked.csv,20,19,100,30,269
620,PLA_M30_PLL20_GA165,M30,ESM_GA/02_ESM_MPNN_GA/Top300_ESM_PLL_ranked.csv,21,20,165,30,269
621,PLA_M30_PLL21_GA134,M30,ESM_GA/02_ESM_MPNN_GA/Top300_ESM_PLL_ranked.csv,22,21,134,30,269
622,PLA_M30_PLL22_GA235,M30,ESM_GA/02_ESM_MPNN_GA/Top300_ESM_PLL_ranked.csv,23,22,235,30,269
623,PLA_M30_PLL23_GA173,M30,ESM_GA/02_ESM_MPNN_GA/Top300_ESM_PLL_ranked.csv,24,23,173,30,269
624,PLA_M30_PLL24_GA6,M30,ESM_GA/02_ESM_MPNN_GA/Top300_ESM_PLL_ranked.csv,25,24,6,30,269
625,PLA_M30_PLL25_GA185,M30,ESM_GA/02_ESM_MPNN_GA/Top300_ESM_PLL_ranked.csv,26,25,185,30,269
626,PLA_M30_PLL26_GA32,M30,ESM_GA/02_ESM_MPNN_GA/Top300_ESM_PLL_ranked.csv,27,26,32,30,269
627,PLA_M30_PLL27_GA48,M30,ESM_GA/02_ESM_MPNN_GA/Top300_ESM_PLL_ranked.csv,28,27,48,30,269
628,PLA_M30_PLL28_GA168,M30,ESM_GA/02_ESM_MPNN_GA/Top300_ESM_PLL_ranked.csv,29,28,168,30,269
629,PLA_M30_PLL29_GA178,M30,ESM_GA/02_ESM_MPNN_GA/Top300_ESM_PLL_ranked.csv,30,29,178,30,269
630,PLA_M30_PLL30_GA99,M30,ESM_GA/02_ESM_MPNN_GA/Top300_ESM_PLL_ranked.csv,31,30,99,30,269
631,PLA_M30_PLL31_GA247,M30,ESM_GA/02_ESM_MPNN_GA/Top300_ESM_PLL_ranked.csv,32,31,247,30,269
632,PLA_M30_PLL32_GA33,M30,ESM_GA/02_ESM_MPNN_GA/Top300_ESM_PLL_ranked.csv,33,32,33,30,269
633,PLA_M30_PLL33_GA86,M30,ESM_GA/02_ESM_MPNN_GA/Top300_ESM_PLL_ranked.csv,34,33,86,30,269
634,PLA_M30_PLL34_GA4,M30,ESM_GA/02_ESM_MPNN_GA/Top300_ESM_PLL_ranked.csv,35,34,4,30,269
635,PLA_M30_PLL35_GA88,M30,ESM_GA/02_ESM_MPNN_GA/Top300_ESM_PLL_ranked.csv,36,35,88,30,269
636,PLA_M30_PLL36_GA144,M30,ESM_GA/02_ESM_MPNN_GA/Top300_ESM_PLL_ranked.csv,37,36,144,30,269
637,PLA_M30_PLL37_GA158,M30,ESM_GA/02_ESM_MPNN_GA/Top300_ESM_PLL_ranked.csv,38,37,158,30,269
638,PLA_M30_PLL38_GA2,M30,ESM_GA/02_ESM_MPNN_GA/Top300_ESM_PLL_ranked.csv,39,38,2,30,269
639,PLA_M30_PLL39_GA51,M30,ESM_GA/02_ESM_MPNN_GA/Top300_ESM_PLL_ranked.csv,40,39,51,30,269
640,PLA_M30_PLL40_GA118,M30,ESM_GA/02_ESM_MPNN_GA/Top300_ESM_PLL_ranked.csv,41,40,118,30,269
641,PLA_M30_PLL41_GA167,M30,ESM_GA/02_ESM_MPNN_GA/Top300_ESM_PLL_ranked.csv,42,41,167,30,269
642,PLA_M30_PLL42_GA59,M30,ESM_GA/02_ESM_MPNN_GA/Top300_ESM_PLL_ranked.csv,43,42,59,30,269
643,PLA_M30_PLL43_GA113,M30,ESM_GA/02_ESM_MPNN_GA/Top300_ESM_PLL_ranked.csv,44,43,113,30,269
644,PLA_M30_PLL44_GA242,M30,ESM_GA/02_ESM_MPNN_GA/Top300_ESM_PLL_ranked.csv,45,44,242,30,269
645,PLA_M30_PLL45_GA95,M30,ESM_GA/02_ESM_MPNN_GA/Top300_ESM_PLL_ranked.csv,46,45,95,30,269
646,PLA_M30_PLL46_GA57,M30,ESM_GA/02_ESM_MPNN_GA/Top300_ESM_PLL_ranked.csv,47,46,57,30,269
647,PLA_M30_PLL47_GA12,M30,ESM_GA/02_ESM_MPNN_GA/Top300_ESM_PLL_ranked.csv,48,47,12,30,269
648,PLA_M30_PLL48_GA190,M30,ESM_GA/02_ESM_MPNN_GA/Top300_ESM_PLL_ranked.csv,49,48,190,30,269
649,PLA_M30_PLL49_GA28,M30,ESM_GA/02_ESM_MPNN_GA/Top300_ESM_PLL_ranked.csv,50,49,28,30,269
650,PLA_M30_PLL50_GA91,M30,ESM_GA/02_ESM_MPNN_GA/Top300_ESM_PLL_ranked.csv,51,50,91,30,269
651,PLA_M30_PLL51_GA238,M30,ESM_GA/02_ESM_MPNN_GA/Top300_ESM_PLL_ranked.csv,52,51,238,30,269
652,PLA_M30_PLL52_GA61,M30,ESM_GA/02_ESM_MPNN_GA/Top300_ESM_PLL_ranked.csv,53,52,61,30,269
653,PLA_M30_PLL53_GA79,M30,ESM_GA/02_ESM_MPNN_GA/Top300_ESM_PLL_ranked.csv,54,53,79,30,269
654,PLA_M30_PLL54_GA109,M30,ESM_GA/02_ESM_MPNN_GA/Top300_ESM_PLL_ranked.csv,55,54,109,30,269
655,PLA_M30_PLL55_GA69,M30,ESM_GA/02_ESM_MPNN_GA/Top300_ESM_PLL_ranked.csv,56,55,69,30,269
656,PLA_M30_PLL56_GA136,M30,ESM_GA/02_ESM_MPNN_GA/Top300_ESM_PLL_ranked.csv,57,56,136,30,269
657,PLA_M30_PLL57_GA227,M30,ESM_GA/02_ESM_MPNN_GA/Top300_ESM_PLL_ranked.csv,58,57,227,30,269
658,PLA_M30_PLL58_GA103,M30,ESM_GA/02_ESM_MPNN_GA/Top300_ESM_PLL_ranked.csv,59,58,103,30,269
659,PLA_M30_PLL59_GA192,M30,ESM_GA/02_ESM_MPNN_GA/Top300_ESM_PLL_ranked.csv,60,59,192,30,269
660,PLA_M30_PLL60_GA5,M30,ESM_GA/02_ESM_MPNN_GA/Top300_ESM_PLL_ranked.csv,61,60,5,30,269
661,PLA_M30_PLL61_GA155,M30,ESM_GA/02_ESM_MPNN_GA/Top300_ESM_PLL_ranked.csv,62,61,155,30,269
662,PLA_M30_PLL62_GA97,M30,ESM_GA/02_ESM_MPNN_GA/Top300_ESM_PLL_ranked.csv,63,62,97,30,269
663,PLA_M30_PLL63_GA212,M30,ESM_GA/02_ESM_MPNN_GA/Top300_ESM_PLL_ranked.csv,64,63,212,30,269
664,PLA_M30_PLL64_GA58,M30,ESM_GA/02_ESM_MPNN_GA/Top300_ESM_PLL_ranked.csv,65,64,58,30,269
665,PLA_M30_PLL65_GA14,M30,ESM_GA/02_ESM_MPNN_GA/Top300_ESM_PLL_ranked.csv,66,65,14,30,269
666,PLA_M30_PLL66_GA269,M30,ESM_GA/02_ESM_MPNN_GA/Top300_ESM_PLL_ranked.csv,67,66,269,30,269
667,PLA_M30_PLL67_GA104,M30,ESM_GA/02_ESM_MPNN_GA/Top300_ESM_PLL_ranked.csv,68,67,104,30,269
668,PLA_M30_PLL68_GA78,M30,ESM_GA/02_ESM_MPNN_GA/Top300_ESM_PLL_ranked.csv,69,68,78,30,269
669,PLA_M30_PLL69_GA50,M30,ESM_GA/02_ESM_MPNN_GA/Top300_ESM_PLL_ranked.csv,70,69,50,30,269
670,PLA_M30_PLL70_GA272,M30,ESM_GA/02_ESM_MPNN_GA/Top300_ESM_PLL_ranked.csv,71,70,272,30,269
671,PLA_M30_PLL71_GA124,M30,ESM_GA/02_ESM_MPNN_GA/Top300_ESM_PLL_ranked.csv,72,71,124,30,269
672,PLA_M30_PLL72_GA81,M30,ESM_GA/02_ESM_MPNN_GA/Top300_ESM_PLL_ranked.csv,73,72,81,30,269
673,PLA_M30_PLL73_GA149,M30,ESM_GA/02_ESM_MPNN_GA/Top300_ESM_PLL_ranked.csv,74,73,149,30,269
674,PLA_M30_PLL74_GA46,M30,ESM_GA/02_ESM_MPNN_GA/Top300_ESM_PLL_ranked.csv,75,74,46,30,269
675,PLA_M30_PLL75_GA15,M30,ESM_GA/02_ESM_MPNN_GA/Top300_ESM_PLL_ranked.csv,76,75,15,30,269
676,PLA_M30_PLL76_GA142,M30,ESM_GA/02_ESM_MPNN_GA/Top300_ESM_PLL_ranked.csv,77,76,142,30,269
677,PLA_M30_PLL77_GA262,M30,ESM_GA/02_ESM_MPNN_GA/Top300_ESM_PLL_ranked.csv,78,77,262,30,269
678,PLA_M30_PLL78_GA275,M30,ESM_GA/02_ESM_MPNN_GA/Top300_ESM_PLL_ranked.csv,79,78,275,30,269
679,PLA_M30_PLL79_GA45,M30,ESM_GA/02_ESM_MPNN_GA/Top300_ESM_PLL_ranked.csv,80,79,45,30,269
680,PLA_M30_PLL80_GA16,M30,ESM_GA/02_ESM_MPNN_GA/Top300_ESM_PLL_ranked.csv,81,80,16,30,269
681,PLA_M30_PLL81_GA49,M30,ESM_GA/02_ESM_MPNN_GA/Top300_ESM_PLL_ranked.csv,82,81,49,30,269
682,PLA_M30_PLL82_GA53,M30,ESM_GA/02_ESM_MPNN_GA/Top300_ESM_PLL_ranked.csv,83,82,53,30,269
683,PLA_M30_PLL83_GA44,M30,ESM_GA/02_ESM_MPNN_GA/Top300_ESM_PLL_ranked.csv,84,83,44,30,269
684,PLA_M30_PLL84_GA281,M30,ESM_GA/02_ESM_MPNN_GA/Top300_ESM_PLL_ranked.csv,85,84,281,30,269
685,PLA_M30_PLL85_GA68,M30,ESM_GA/02_ESM_MPNN_GA/Top300_ESM_PLL_ranked.csv,86,85,68,30,269
686,PLA_M30_PLL86_GA127,M30,ESM_GA/02_ESM_MPNN_GA/Top300_ESM_PLL_ranked.csv,87,86,127,30,269
687,PLA_M30_PLL87_GA194,M30,ESM_GA/02_ESM_MPNN_GA/Top300_ESM_PLL_ranked.csv,88,87,194,30,269
688,PLA_M30_PLL88_GA66,M30,ESM_GA/02_ESM_MPNN_GA/Top300_ESM_PLL_ranked.csv,89,88,66,30,269
689,PLA_M30_PLL89_GA288,M30,ESM_GA/02_ESM_MPNN_GA/Top300_ESM_PLL_ranked.csv,90,89,288,30,269
690,PLA_M30_PLL90_GA10,M30,ESM_GA/02_ESM_MPNN_GA/Top300_ESM_PLL_ranked.csv,91,90,10,30,269
691,PLA_M30_PLL91_GA209,M30,ESM_GA/02_ESM_MPNN_GA/Top300_ESM_PLL_ranked.csv,92,91,209,30,269
692,PLA_M30_PLL92_GA122,M30,ESM_GA/02_ESM_MPNN_GA/Top300_ESM_PLL_ranked.csv,93,92,122,30,269
693,PLA_M30_PLL93_GA166,M30,ESM_GA/02_ESM_MPNN_GA/Top300_ESM_PLL_ranked.csv,94,93,166,30,269
694,PLA_M30_PLL94_GA76,M30,ESM_GA/02_ESM_MPNN_GA/Top300_ESM_PLL_ranked.csv,95,94,76,30,269
695,PLA_M30_PLL95_GA222,M30,ESM_GA/02_ESM_MPNN_GA/Top300_ESM_PLL_ranked.csv,96,95,222,30,269
696,PLA_M30_PLL96_GA237,M30,ESM_GA/02_ESM_MPNN_GA/Top300_ESM_PLL_ranked.csv,97,96,237,30,269
697,PLA_M30_PLL97_GA9,M30,ESM_GA/02_ESM_MPNN_GA/Top300_ESM_PLL_ranked.csv,98,97,9,30,269
698,PLA_M30_PLL98_GA40,M30,ESM_GA/02_ESM_MPNN_GA/Top300_ESM_PLL_ranked.csv,99,98,40,30,269
699,PLA_M30_PLL99_GA217,M30,ESM_GA/02_ESM_MPNN_GA/Top300_ESM_PLL_ranked.csv,100,99,217,30,269
700,PLA_M30_PLL100_GA65,M30,ESM_GA/02_ESM_MPNN_GA/Top300_ESM_PLL_ranked.csv,101,100,65,30,269
701,PLA_M30_PLL101_GA284,M30,ESM_GA/02_ESM_MPNN_GA/Top300_ESM_PLL_ranked.csv,102,101,284,30,269
702,PLA_M30_PLL102_GA198,M30,ESM_GA/02_ESM_MPNN_GA/Top300_ESM_PLL_ranked.csv,103,102,198,30,269
703,PLA_M30_PLL103_GA112,M30,ESM_GA/02_ESM_MPNN_GA/Top300_ESM_PLL_ranked.csv,104,103,112,30,269
704,PLA_M30_PLL104_GA36,M30,ESM_GA/02_ESM_MPNN_GA/Top300_ESM_PLL_ranked.csv,105,104,36,30,269
705,PLA_M30_PLL105_GA26,M30,ESM_GA/02_ESM_MPNN_GA/Top300_ESM_PLL_ranked.csv,106,105,26,30,269
706,PLA_M30_PLL106_GA163,M30,ESM_GA/02_ESM_MPNN_GA/Top300_ESM_PLL_ranked.csv,107,106,163,30,269
707,PLA_M30_PLL107_GA216,M30,ESM_GA/02_ESM_MPNN_GA/Top300_ESM_PLL_ranked.csv,108,107,216,30,269
708,PLA_M30_PLL108_GA138,M30,ESM_GA/02_ESM_MPNN_GA/Top300_ESM_PLL_ranked.csv,109,108,138,30,269
709,PLA_M30_PLL109_GA255,M30,ESM_GA/02_ESM_MPNN_GA/Top300_ESM_PLL_ranked.csv,110,109,255,30,269
710,PLA_M30_PLL110_GA208,M30,ESM_GA/02_ESM_MPNN_GA/Top300_ESM_PLL_ranked.csv,111,110,208,30,269
711,PLA_M30_PLL111_GA108,M30,ESM_GA/02_ESM_MPNN_GA/Top300_ESM_PLL_ranked.csv,112,111,108,30,269
712,PLA_M30_PLL112_GA90,M30,ESM_GA/02_ESM_MPNN_GA/Top300_ESM_PLL_ranked.csv,113,112,90,30,269
713,PLA_M30_PLL113_GA273,M30,ESM_GA/02_ESM_MPNN_GA/Top300_ESM_PLL_ranked.csv,114,113,273,30,269
714,PLA_M30_PLL114_GA56,M30,ESM_GA/02_ESM_MPNN_GA/Top300_ESM_PLL_ranked.csv,115,114,56,30,269
715,PLA_M30_PLL115_GA106,M30,ESM_GA/02_ESM_MPNN_GA/Top300_ESM_PLL_ranked.csv,116,115,106,30,269
716,PLA_M30_PLL116_GA87,M30,ESM_GA/02_ESM_MPNN_GA/Top300_ESM_PLL_ranked.csv,117,116,87,30,269
717,PLA_M30_PLL117_GA24,M30,ESM_GA/02_ESM_MPNN_GA/Top300_ESM_PLL_ranked.csv,118,117,24,30,269
718,PLA_M30_PLL118_GA60,M30,ESM_GA/02_ESM_MPNN_GA/Top300_ESM_PLL_ranked.csv,119,118,60,30,269
719,PLA_M30_PLL119_GA251,M30,ESM_GA/02_ESM_MPNN_GA/Top300_ESM_PLL_ranked.csv,120,119,251,30,269
720,PLA_M30_PLL120_GA175,M30,ESM_GA/02_ESM_MPNN_GA/Top300_ESM_PLL_ranked.csv,121,120,175,30,269
721,PLA_M30_PLL121_GA18,M30,ESM_GA/02_ESM_MPNN_GA/Top300_ESM_PLL_ranked.csv,122,121,18,30,269
722,PLA_M30_PLL122_GA98,M30,ESM_GA/02_ESM_MPNN_GA/Top300_ESM_PLL_ranked.csv,123,122,98,30,269
723,PLA_M30_PLL123_GA3,M30,ESM_GA/02_ESM_MPNN_GA/Top300_ESM_PLL_ranked.csv,124,123,3,30,269
724,PLA_M30_PLL124_GA203,M30,ESM_GA/02_ESM_MPNN_GA/Top300_ESM_PLL_ranked.csv,125,124,203,30,269
725,PLA_M30_PLL125_GA224,M30,ESM_GA/02_ESM_MPNN_GA/Top300_ESM_PLL_ranked.csv,126,125,224,30,269
726,PLA_M30_PLL126_GA278,M30,ESM_GA/02_ESM_MPNN_GA/Top300_ESM_PLL_ranked.csv,127,126,278,30,269
727,PLA_M30_PLL127_GA164,M30,ESM_GA/02_ESM_MPNN_GA/Top300_ESM_PLL_ranked.csv,128,127,164,30,269
728,PLA_M30_PLL128_GA84,M30,ESM_GA/02_ESM_MPNN_GA/Top300_ESM_PLL_ranked.csv,129,128,84,30,269
729,PLA_M30_PLL129_GA132,M30,ESM_GA/02_ESM_MPNN_GA/Top300_ESM_PLL_ranked.csv,130,129,132,30,269
730,PLA_M30_PLL130_GA94,M30,ESM_GA/02_ESM_MPNN_GA/Top300_ESM_PLL_ranked.csv,131,130,94,30,269
731,PLA_M30_PLL131_GA125,M30,ESM_GA/02_ESM_MPNN_GA/Top300_ESM_PLL_ranked.csv,132,131,125,30,269
732,PLA_M30_PLL132_GA141,M30,ESM_GA/02_ESM_MPNN_GA/Top300_ESM_PLL_ranked.csv,133,132,141,30,269
733,PLA_M30_PLL133_GA240,M30,ESM_GA/02_ESM_MPNN_GA/Top300_ESM_PLL_ranked.csv,134,133,240,30,269
734,PLA_M30_PLL134_GA39,M30,ESM_GA/02_ESM_MPNN_GA/Top300_ESM_PLL_ranked.csv,135,134,39,30,269
735,PLA_M30_PLL135_GA169,M30,ESM_GA/02_ESM_MPNN_GA/Top300_ESM_PLL_ranked.csv,136,135,169,30,269
736,PLA_M30_PLL136_GA140,M30,ESM_GA/02_ESM_MPNN_GA/Top300_ESM_PLL_ranked.csv,137,136,140,30,269
737,PLA_M30_PLL137_GA151,M30,ESM_GA/02_ESM_MPNN_GA/Top300_ESM_PLL_ranked.csv,138,137,151,30,269
738,PLA_M30_PLL138_GA93,M30,ESM_GA/02_ESM_MPNN_GA/Top300_ESM_PLL_ranked.csv,139,138,93,30,269
739,PLA_M30_PLL139_GA248,M30,ESM_GA/02_ESM_MPNN_GA/Top300_ESM_PLL_ranked.csv,140,139,248,30,269
740,PLA_M30_PLL140_GA23,M30,ESM_GA/02_ESM_MPNN_GA/Top300_ESM_PLL_ranked.csv,141,140,23,30,269
741,PLA_M30_PLL141_GA63,M30,ESM_GA/02_ESM_MPNN_GA/Top300_ESM_PLL_ranked.csv,142,141,63,30,269
742,PLA_M30_PLL142_GA11,M30,ESM_GA/02_ESM_MPNN_GA/Top300_ESM_PLL_ranked.csv,143,142,11,30,269
743,PLA_M30_PLL143_GA293,M30,ESM_GA/02_ESM_MPNN_GA/Top300_ESM_PLL_ranked.csv,144,143,293,30,269
744,PLA_M30_PLL144_GA82,M30,ESM_GA/02_ESM_MPNN_GA/Top300_ESM_PLL_ranked.csv,145,144,82,30,269
745,PLA_M30_PLL145_GA157,M30,ESM_GA/02_ESM_MPNN_GA/Top300_ESM_PLL_ranked.csv,146,145,157,30,269
746,PLA_M30_PLL146_GA180,M30,ESM_GA/02_ESM_MPNN_GA/Top300_ESM_PLL_ranked.csv,147,146,180,30,269
747,PLA_M30_PLL147_GA114,M30,ESM_GA/02_ESM_MPNN_GA/Top300_ESM_PLL_ranked.csv,148,147,114,30,269
748,PLA_M30_PLL148_GA223,M30,ESM_GA/02_ESM_MPNN_GA/Top300_ESM_PLL_ranked.csv,149,148,223,30,269
749,PLA_M30_PLL149_GA195,M30,ESM_GA/02_ESM_MPNN_GA/Top300_ESM_PLL_ranked.csv,150,149,195,30,269
750,PLA_M30_PLL150_GA257,M30,ESM_GA/02_ESM_MPNN_GA/Top300_ESM_PLL_ranked.csv,151,150,257,30,269
751,PLA_M30_PLL151_GA92,M30,ESM_GA/02_ESM_MPNN_GA/Top300_ESM_PLL_ranked.csv,152,151,92,30,269
752,PLA_M30_PLL152_GA73,M30,ESM_GA/02_ESM_MPNN_GA/Top300_ESM_PLL_ranked.csv,153,152,73,30,269
753,PLA_M30_PLL153_GA214,M30,ESM_GA/02_ESM_MPNN_GA/Top300_ESM_PLL_ranked.csv,154,153,214,30,269
754,PLA_M30_PLL154_GA42,M30,ESM_GA/02_ESM_MPNN_GA/Top300_ESM_PLL_ranked.csv,155,154,42,30,269
755,PLA_M30_PLL155_GA71,M30,ESM_GA/02_ESM_MPNN_GA/Top300_ESM_PLL_ranked.csv,156,155,71,30,269
756,PLA_M30_PLL156_GA111,M30,ESM_GA/02_ESM_MPNN_GA/Top300_ESM_PLL_ranked.csv,157,156,111,30,269
757,PLA_M30_PLL157_GA196,M30,ESM_GA/02_ESM_MPNN_GA/Top300_ESM_PLL_ranked.csv,158,157,196,30,269
758,PLA_M30_PLL158_GA266,M30,ESM_GA/02_ESM_MPNN_GA/Top300_ESM_PLL_ranked.csv,159,158,266,30,269
759,PLA_M30_PLL159_GA170,M30,ESM_GA/02_ESM_MPNN_GA/Top300_ESM_PLL_ranked.csv,160,159,170,30,269
760,PLA_M30_PLL160_GA245,M30,ESM_GA/02_ESM_MPNN_GA/Top300_ESM_PLL_ranked.csv,161,160,245,30,269
761,PLA_M30_PLL161_GA171,M30,ESM_GA/02_ESM_MPNN_GA/Top300_ESM_PLL_ranked.csv,162,161,171,30,269
762,PLA_M30_PLL162_GA31,M30,ESM_GA/02_ESM_MPNN_GA/Top300_ESM_PLL_ranked.csv,163,162,31,30,269
763,PLA_M30_PLL163_GA265,M30,ESM_GA/02_ESM_MPNN_GA/Top300_ESM_PLL_ranked.csv,164,163,265,30,269
764,PLA_M30_PLL164_GA115,M30,ESM_GA/02_ESM_MPNN_GA/Top300_ESM_PLL_ranked.csv,165,164,115,30,269
765,PLA_M30_PLL165_GA54,M30,ESM_GA/02_ESM_MPNN_GA/Top300_ESM_PLL_ranked.csv,166,165,54,30,269
766,PLA_M30_PLL166_GA258,M30,ESM_GA/02_ESM_MPNN_GA/Top300_ESM_PLL_ranked.csv,167,166,258,30,269
767,PLA_M30_PLL167_GA228,M30,ESM_GA/02_ESM_MPNN_GA/Top300_ESM_PLL_ranked.csv,168,167,228,30,269
768,PLA_M30_PLL168_GA226,M30,ESM_GA/02_ESM_MPNN_GA/Top300_ESM_PLL_ranked.csv,169,168,226,30,269
769,PLA_M30_PLL169_GA148,M30,ESM_GA/02_ESM_MPNN_GA/Top300_ESM_PLL_ranked.csv,170,169,148,30,269
770,PLA_M30_PLL170_GA285,M30,ESM_GA/02_ESM_MPNN_GA/Top300_ESM_PLL_ranked.csv,171,170,285,30,269
771,PLA_M30_PLL171_GA234,M30,ESM_GA/02_ESM_MPNN_GA/Top300_ESM_PLL_ranked.csv,172,171,234,30,269
772,PLA_M30_PLL172_GA232,M30,ESM_GA/02_ESM_MPNN_GA/Top300_ESM_PLL_ranked.csv,173,172,232,30,269
773,PLA_M30_PLL173_GA85,M30,ESM_GA/02_ESM_MPNN_GA/Top300_ESM_PLL_ranked.csv,174,173,85,30,269
774,PLA_M30_PLL174_GA211,M30,ESM_GA/02_ESM_MPNN_GA/Top300_ESM_PLL_ranked.csv,175,174,211,30,269
775,PLA_M30_PLL175_GA101,M30,ESM_GA/02_ESM_MPNN_GA/Top300_ESM_PLL_ranked.csv,176,175,101,30,269
776,PLA_M30_PLL176_GA147,M30,ESM_GA/02_ESM_MPNN_GA/Top300_ESM_PLL_ranked.csv,177,176,147,30,269
777,PLA_M30_PLL177_GA202,M30,ESM_GA/02_ESM_MPNN_GA/Top300_ESM_PLL_ranked.csv,178,177,202,30,269
778,PLA_M30_PLL178_GA174,M30,ESM_GA/02_ESM_MPNN_GA/Top300_ESM_PLL_ranked.csv,179,178,174,30,269
779,PLA_M30_PLL179_GA191,M30,ESM_GA/02_ESM_MPNN_GA/Top300_ESM_PLL_ranked.csv,180,179,191,30,269
780,PLA_M30_PLL180_GA295,M30,ESM_GA/02_ESM_MPNN_GA/Top300_ESM_PLL_ranked.csv,181,180,295,30,269
781,PLA_M30_PLL181_GA183,M30,ESM_GA/02_ESM_MPNN_GA/Top300_ESM_PLL_ranked.csv,182,181,183,30,269
782,PLA_M30_PLL182_GA19,M30,ESM_GA/02_ESM_MPNN_GA/Top300_ESM_PLL_ranked.csv,183,182,19,30,269
783,PLA_M30_PLL183_GA176,M30,ESM_GA/02_ESM_MPNN_GA/Top300_ESM_PLL_ranked.csv,184,183,176,30,269
784,PLA_M30_PLL184_GA17,M30,ESM_GA/02_ESM_MPNN_GA/Top300_ESM_PLL_ranked.csv,185,184,17,30,269
785,PLA_M30_PLL185_GA130,M30,ESM_GA/02_ESM_MPNN_GA/Top300_ESM_PLL_ranked.csv,186,185,130,30,269
786,PLA_M30_PLL186_GA246,M30,ESM_GA/02_ESM_MPNN_GA/Top300_ESM_PLL_ranked.csv,187,186,246,30,269
787,PLA_M30_PLL187_GA159,M30,ESM_GA/02_ESM_MPNN_GA/Top300_ESM_PLL_ranked.csv,188,187,159,30,269
788,PLA_M30_PLL188_GA47,M30,ESM_GA/02_ESM_MPNN_GA/Top300_ESM_PLL_ranked.csv,189,188,47,30,269
789,PLA_M30_PLL189_GA7,M30,ESM_GA/02_ESM_MPNN_GA/Top300_ESM_PLL_ranked.csv,190,189,7,30,269
790,PLA_M30_PLL190_GA206,M30,ESM_GA/02_ESM_MPNN_GA/Top300_ESM_PLL_ranked.csv,191,190,206,30,269
791,PLA_M30_PLL191_GA298,M30,ESM_GA/02_ESM_MPNN_GA/Top300_ESM_PLL_ranked.csv,192,191,298,30,269
792,PLA_M30_PLL192_GA289,M30,ESM_GA/02_ESM_MPNN_GA/Top300_ESM_PLL_ranked.csv,193,192,289,30,269
793,PLA_M30_PLL193_GA197,M30,ESM_GA/02_ESM_MPNN_GA/Top300_ESM_PLL_ranked.csv,194,193,197,30,269
794,PLA_M30_PLL194_GA107,M30,ESM_GA/02_ESM_MPNN_GA/Top300_ESM_PLL_ranked.csv,195,194,107,30,269
795,PLA_M30_PLL195_GA243,M30,ESM_GA/02_ESM_MPNN_GA/Top300_ESM_PLL_ranked.csv,196,195,243,30,269
796,PLA_M30_PLL196_GA55,M30,ESM_GA/02_ESM_MPNN_GA/Top300_ESM_PLL_ranked.csv,197,196,55,30,269
797,PLA_M30_PLL197_GA131,M30,ESM_GA/02_ESM_MPNN_GA/Top300_ESM_PLL_ranked.csv,198,197,131,30,269
798,PLA_M30_PLL198_GA205,M30,ESM_GA/02_ESM_MPNN_GA/Top300_ESM_PLL_ranked.csv,199,198,205,30,269
799,PLA_M30_PLL199_GA193,M30,ESM_GA/02_ESM_MPNN_GA/Top300_ESM_PLL_ranked.csv,200,199,193,30,269
800,PLA_M30_PLL200_GA80,M30,ESM_GA/02_ESM_MPNN_GA/Top300_ESM_PLL_ranked.csv,201,200,80,30,269
801,PLA_M30_PLL201_GA283,M30,ESM_GA/02_ESM_MPNN_GA/Top300_ESM_PLL_ranked.csv,202,201,283,30,269
802,PLA_M30_PLL202_GA25,M30,ESM_GA/02_ESM_MPNN_GA/Top300_ESM_PLL_ranked.csv,203,202,25,30,269
803,PLA_M30_PLL203_GA123,M30,ESM_GA/02_ESM_MPNN_GA/Top300_ESM_PLL_ranked.csv,204,203,123,30,269
804,PLA_M30_PLL204_GA252,M30,ESM_GA/02_ESM_MPNN_GA/Top300_ESM_PLL_ranked.csv,205,204,252,30,269
805,PLA_M30_PLL205_GA139,M30,ESM_GA/02_ESM_MPNN_GA/Top300_ESM_PLL_ranked.csv,206,205,139,30,269
806,PLA_M30_PLL206_GA96,M30,ESM_GA/02_ESM_MPNN_GA/Top300_ESM_PLL_ranked.csv,207,206,96,30,269
807,PLA_M30_PLL207_GA37,M30,ESM_GA/02_ESM_MPNN_GA/Top300_ESM_PLL_ranked.csv,208,207,37,30,269
808,PLA_M30_PLL208_GA179,M30,ESM_GA/02_ESM_MPNN_GA/Top300_ESM_PLL_ranked.csv,209,208,179,30,269
809,PLA_M30_PLL209_GA30,M30,ESM_GA/02_ESM_MPNN_GA/Top300_ESM_PLL_ranked.csv,210,209,30,30,269
810,PLA_M30_PLL210_GA161,M30,ESM_GA/02_ESM_MPNN_GA/Top300_ESM_PLL_ranked.csv,211,210,161,30,269
811,PLA_M30_PLL211_GA126,M30,ESM_GA/02_ESM_MPNN_GA/Top300_ESM_PLL_ranked.csv,212,211,126,30,269
812,PLA_M30_PLL212_GA120,M30,ESM_GA/02_ESM_MPNN_GA/Top300_ESM_PLL_ranked.csv,213,212,120,30,269
813,PLA_M30_PLL213_GA221,M30,ESM_GA/02_ESM_MPNN_GA/Top300_ESM_PLL_ranked.csv,214,213,221,30,269
814,PLA_M30_PLL214_GA153,M30,ESM_GA/02_ESM_MPNN_GA/Top300_ESM_PLL_ranked.csv,215,214,153,30,269
815,PLA_M30_PLL215_GA207,M30,ESM_GA/02_ESM_MPNN_GA/Top300_ESM_PLL_ranked.csv,216,215,207,30,269
816,PLA_M30_PLL216_GA250,M30,ESM_GA/02_ESM_MPNN_GA/Top300_ESM_PLL_ranked.csv,217,216,250,30,269
817,PLA_M30_PLL217_GA67,M30,ESM_GA/02_ESM_MPNN_GA/Top300_ESM_PLL_ranked.csv,218,217,67,30,269
818,PLA_M30_PLL218_GA254,M30,ESM_GA/02_ESM_MPNN_GA/Top300_ESM_PLL_ranked.csv,219,218,254,30,269
819,PLA_M30_PLL219_GA150,M30,ESM_GA/02_ESM_MPNN_GA/Top300_ESM_PLL_ranked.csv,220,219,150,30,269
820,PLA_M30_PLL220_GA280,M30,ESM_GA/02_ESM_MPNN_GA/Top300_ESM_PLL_ranked.csv,221,220,280,30,269
821,PLA_M30_PLL221_GA253,M30,ESM_GA/02_ESM_MPNN_GA/Top300_ESM_PLL_ranked.csv,222,221,253,30,269
822,PLA_M30_PLL222_GA110,M30,ESM_GA/02_ESM_MPNN_GA/Top300_ESM_PLL_ranked.csv,223,222,110,30,269
823,PLA_M30_PLL223_GA256,M30,ESM_GA/02_ESM_MPNN_GA/Top300_ESM_PLL_ranked.csv,224,223,256,30,269
824,PLA_M30_PLL224_GA74,M30,ESM_GA/02_ESM_MPNN_GA/Top300_ESM_PLL_ranked.csv,225,224,74,30,269
825,PLA_M30_PLL225_GA189,M30,ESM_GA/02_ESM_MPNN_GA/Top300_ESM_PLL_ranked.csv,226,225,189,30,269
826,PLA_M30_PLL226_GA154,M30,ESM_GA/02_ESM_MPNN_GA/Top300_ESM_PLL_ranked.csv,227,226,154,30,269
827,PLA_M30_PLL227_GA35,M30,ESM_GA/02_ESM_MPNN_GA/Top300_ESM_PLL_ranked.csv,228,227,35,30,269
828,PLA_M30_PLL228_GA156,M30,ESM_GA/02_ESM_MPNN_GA/Top300_ESM_PLL_ranked.csv,229,228,156,30,269
829,PLA_M30_PLL229_GA186,M30,ESM_GA/02_ESM_MPNN_GA/Top300_ESM_PLL_ranked.csv,230,229,186,30,269
830,PLA_M30_PLL230_GA233,M30,ESM_GA/02_ESM_MPNN_GA/Top300_ESM_PLL_ranked.csv,231,230,233,30,269
831,PLA_M30_PLL231_GA27,M30,ESM_GA/02_ESM_MPNN_GA/Top300_ESM_PLL_ranked.csv,232,231,27,30,269
832,PLA_M30_PLL232_GA282,M30,ESM_GA/02_ESM_MPNN_GA/Top300_ESM_PLL_ranked.csv,233,232,282,30,269
833,PLA_M30_PLL233_GA121,M30,ESM_GA/02_ESM_MPNN_GA/Top300_ESM_PLL_ranked.csv,234,233,121,30,269
834,PLA_M30_PLL234_GA199,M30,ESM_GA/02_ESM_MPNN_GA/Top300_ESM_PLL_ranked.csv,235,234,199,30,269
835,PLA_M30_PLL235_GA187,M30,ESM_GA/02_ESM_MPNN_GA/Top300_ESM_PLL_ranked.csv,236,235,187,30,269
836,PLA_M30_PLL236_GA64,M30,ESM_GA/02_ESM_MPNN_GA/Top300_ESM_PLL_ranked.csv,237,236,64,30,269
837,PLA_M30_PLL237_GA230,M30,ESM_GA/02_ESM_MPNN_GA/Top300_ESM_PLL_ranked.csv,238,237,230,30,269
838,PLA_M30_PLL238_GA201,M30,ESM_GA/02_ESM_MPNN_GA/Top300_ESM_PLL_ranked.csv,239,238,201,30,269
839,PLA_M30_PLL239_GA241,M30,ESM_GA/02_ESM_MPNN_GA/Top300_ESM_PLL_ranked.csv,240,239,241,30,269
840,PLA_M30_PLL240_GA102,M30,ESM_GA/02_ESM_MPNN_GA/Top300_ESM_PLL_ranked.csv,241,240,102,30,269
841,PLA_M30_PLL241_GA210,M30,ESM_GA/02_ESM_MPNN_GA/Top300_ESM_PLL_ranked.csv,242,241,210,30,269
842,PLA_M30_PLL242_GA236,M30,ESM_GA/02_ESM_MPNN_GA/Top300_ESM_PLL_ranked.csv,243,242,236,30,269
843,PLA_M30_PLL243_GA177,M30,ESM_GA/02_ESM_MPNN_GA/Top300_ESM_PLL_ranked.csv,244,243,177,30,269
844,PLA_M30_PLL244_GA181,M30,ESM_GA/02_ESM_MPNN_GA/Top300_ESM_PLL_ranked.csv,245,244,181,30,269
845,PLA_M30_PLL245_GA215,M30,ESM_GA/02_ESM_MPNN_GA/Top300_ESM_PLL_ranked.csv,246,245,215,30,269
846,PLA_M30_PLL246_GA162,M30,ESM_GA/02_ESM_MPNN_GA/Top300_ESM_PLL_ranked.csv,247,246,162,30,269
847,PLA_M30_PLL247_GA290,M30,ESM_GA/02_ESM_MPNN_GA/Top300_ESM_PLL_ranked.csv,248,247,290,30,269
848,PLA_M30_PLL248_GA244,M30,ESM_GA/02_ESM_MPNN_GA/Top300_ESM_PLL_ranked.csv,249,248,244,30,269
849,PLA_M30_PLL249_GA119,M30,ESM_GA/02_ESM_MPNN_GA/Top300_ESM_PLL_ranked.csv,250,249,119,30,269
850,PLA_M30_PLL250_GA83,M30,ESM_GA/02_ESM_MPNN_GA/Top300_ESM_PLL_ranked.csv,251,250,83,30,269
851,PLA_M30_PLL251_GA116,M30,ESM_GA/02_ESM_MPNN_GA/Top300_ESM_PLL_ranked.csv,252,251,116,30,269
852,PLA_M30_PLL252_GA259,M30,ESM_GA/02_ESM_MPNN_GA/Top300_ESM_PLL_ranked.csv,253,252,259,30,269
853,PLA_M30_PLL253_GA160,M30,ESM_GA/02_ESM_MPNN_GA/Top300_ESM_PLL_ranked.csv,254,253,160,30,269
854,PLA_M30_PLL254_GA152,M30,ESM_GA/02_ESM_MPNN_GA/Top300_ESM_PLL_ranked.csv,255,254,152,30,269
855,PLA_M30_PLL255_GA143,M30,ESM_GA/02_ESM_MPNN_GA/Top300_ESM_PLL_ranked.csv,256,255,143,30,269
856,PLA_M30_PLL256_GA297,M30,ESM_GA/02_ESM_MPNN_GA/Top300_ESM_PLL_ranked.csv,257,256,297,30,269
857,PLA_M30_PLL257_GA218,M30,ESM_GA/02_ESM_MPNN_GA/Top300_ESM_PLL_ranked.csv,258,257,218,30,269
858,PLA_M30_PLL258_GA263,M30,ESM_GA/02_ESM_MPNN_GA/Top300_ESM_PLL_ranked.csv,259,258,263,30,269
859,PLA_M30_PLL259_GA294,M30,ESM_GA/02_ESM_MPNN_GA/Top300_ESM_PLL_ranked.csv,260,259,294,30,269
860,PLA_M30_PLL260_GA188,M30,ESM_GA/02_ESM_MPNN_GA/Top300_ESM_PLL_ranked.csv,261,260,188,30,269
861,PLA_M30_PLL261_GA270,M30,ESM_GA/02_ESM_MPNN_GA/Top300_ESM_PLL_ranked.csv,262,261,270,30,269
862,PLA_M30_PLL262_GA279,M30,ESM_GA/02_ESM_MPNN_GA/Top300_ESM_PLL_ranked.csv,263,262,279,30,269
863,PLA_M30_PLL263_GA52,M30,ESM_GA/02_ESM_MPNN_GA/Top300_ESM_PLL_ranked.csv,264,263,52,30,269
864,PLA_M30_PLL264_GA261,M30,ESM_GA/02_ESM_MPNN_GA/Top300_ESM_PLL_ranked.csv,265,264,261,30,269
865,PLA_M30_PLL265_GA145,M30,ESM_GA/02_ESM_MPNN_GA/Top300_ESM_PLL_ranked.csv,266,265,145,30,269
866,PLA_M30_PLL266_GA287,M30,ESM_GA/02_ESM_MPNN_GA/Top300_ESM_PLL_ranked.csv,267,266,287,30,269
867,PLA_M30_PLL267_GA117,M30,ESM_GA/02_ESM_MPNN_GA/Top300_ESM_PLL_ranked.csv,268,267,117,30,269
868,PLA_M30_PLL268_GA22,M30,ESM_GA/02_ESM_MPNN_GA/Top300_ESM_PLL_ranked.csv,269,268,22,30,269
869,PLA_M30_PLL269_GA292,M30,ESM_GA/02_ESM_MPNN_GA/Top300_ESM_PLL_ranked.csv,270,269,292,30,269
870,PLA_M30_PLL270_GA296,M30,ESM_GA/02_ESM_MPNN_GA/Top300_ESM_PLL_ranked.csv,271,270,296,30,269
871,PLA_M30_PLL271_GA182,M30,ESM_GA/02_ESM_MPNN_GA/Top300_ESM_PLL_ranked.csv,272,271,182,30,269
872,PLA_M30_PLL272_GA274,M30,ESM_GA/02_ESM_MPNN_GA/Top300_ESM_PLL_ranked.csv,273,272,274,30,269
873,PLA_M30_PLL273_GA105,M30,ESM_GA/02_ESM_MPNN_GA/Top300_ESM_PLL_ranked.csv,274,273,105,30,269
874,PLA_M30_PLL274_GA220,M30,ESM_GA/02_ESM_MPNN_GA/Top300_ESM_PLL_ranked.csv,275,274,220,30,269
875,PLA_M30_PLL275_GA75,M30,ESM_GA/02_ESM_MPNN_GA/Top300_ESM_PLL_ranked.csv,276,275,75,30,269
876,PLA_M30_PLL276_GA135,M30,ESM_GA/02_ESM_MPNN_GA/Top300_ESM_PLL_ranked.csv,277,276,135,30,269
877,PLA_M30_PLL277_GA229,M30,ESM_GA/02_ESM_MPNN_GA/Top300_ESM_PLL_ranked.csv,278,277,229,30,269
878,PLA_M30_PLL278_GA239,M30,ESM_GA/02_ESM_MPNN_GA/Top300_ESM_PLL_ranked.csv,279,278,239,30,269
879,PLA_M30_PLL279_GA231,M30,ESM_GA/02_ESM_MPNN_GA/Top300_ESM_PLL_ranked.csv,280,279,231,30,269
880,PLA_M30_PLL280_GA267,M30,ESM_GA/02_ESM_MPNN_GA/Top300_ESM_PLL_ranked.csv,281,280,267,30,269
881,PLA_M30_PLL281_GA172,M30,ESM_GA/02_ESM_MPNN_GA/Top300_ESM_PLL_ranked.csv,282,281,172,30,269
882,PLA_M30_PLL282_GA291,M30,ESM_GA/02_ESM_MPNN_GA/Top300_ESM_PLL_ranked.csv,283,282,291,30,269
883,PLA_M30_PLL283_GA276,M30,ESM_GA/02_ESM_MPNN_GA/Top300_ESM_PLL_ranked.csv,284,283,276,30,269
884,PLA_M30_PLL284_GA137,M30,ESM_GA/02_ESM_MPNN_GA/Top300_ESM_PLL_ranked.csv,285,284,137,30,269
885,PLA_M30_PLL285_GA286,M30,ESM_GA/02_ESM_MPNN_GA/Top300_ESM_PLL_ranked.csv,286,285,286,30,269
886,PLA_M30_PLL286_GA204,M30,ESM_GA/02_ESM_MPNN_GA/Top300_ESM_PLL_ranked.csv,287,286,204,30,269
887,PLA_M30_PLL287_GA70,M30,ESM_GA/02_ESM_MPNN_GA/Top300_ESM_PLL_ranked.csv,288,287,70,30,269
888,PLA_M30_PLL288_GA72,M30,ESM_GA/02_ESM_MPNN_GA/Top300_ESM_PLL_ranked.csv,289,288,72,30,269
889,PLA_M30_PLL289_GA271,M30,ESM_GA/02_ESM_MPNN_GA/Top300_ESM_PLL_ranked.csv,290,289,271,30,269
890,PLA_M30_PLL290_GA300,M30,ESM_GA/02_ESM_MPNN_GA/Top300_ESM_PLL_ranked.csv,291,290,300,30,269
891,PLA_M30_PLL291_GA184,M30,ESM_GA/02_ESM_MPNN_GA/Top300_ESM_PLL_ranked.csv,292,291,184,30,269
892,PLA_M30_PLL292_GA225,M30,ESM_GA/02_ESM_MPNN_GA/Top300_ESM_PLL_ranked.csv,293,292,225,30,269
893,PLA_M30_PLL293_GA200,M30,ESM_GA/02_ESM_MPNN_GA/Top300_ESM_PLL_ranked.csv,294,293,200,30,269
894,PLA_M30_PLL294_GA249,M30,ESM_GA/02_ESM_MPNN_GA/Top300_ESM_PLL_ranked.csv,295,294,249,30,269
895,PLA_M30_PLL295_GA299,M30,ESM_GA/02_ESM_MPNN_GA/Top300_ESM_PLL_ranked.csv,296,295,299,30,269
896,PLA_M30_PLL296_GA146,M30,ESM_GA/02_ESM_MPNN_GA/Top300_ESM_PLL_ranked.csv,297,296,146,30,269
897,PLA_M30_PLL297_GA268,M30,ESM_GA/02_ESM_MPNN_GA/Top300_ESM_PLL_ranked.csv,298,297,268,30,269
898,PLA_M30_PLL298_GA264,M30,ESM_GA/02_ESM_MPNN_GA/Top300_ESM_PLL_ranked.csv,299,298,264,30,269
899,PLA_M30_PLL299_GA213,M30,ESM_GA/02_ESM_MPNN_GA/Top300_ESM_PLL_ranked.csv,300,299,213,30,269
900,PLA_M30_PLL300_GA277,M30,ESM_GA/02_ESM_MPNN_GA/Top300_ESM_PLL_ranked.csv,301,300,277,30,269
