Position,WT,Mut,Delta_logP,Rank
176,Y,L,8.613548278808594,1
138,M,V,7.3916015625,2
138,M,A,6.7158203125,3
6,E,L,5.6103515625,4
92,P,T,5.01708984375,5
6,E,S,4.84375,6
208,L,Q,4.63525390625,7
92,P,V,4.5048828125,8
92,P,A,3.64453125,9
92,P,I,3.595703125,10
138,M,I,3.55859375,11
219,M,S,3.505859375,12
176,Y,M,3.46484375,13
79,T,L,3.40625,14
199,N,T,3.39788818359375,15
195,L,V,3.33740234375,16
100,P,H,3.19921875,17
26,M,L,3.150146484375,18
284,T,I,3.1083984375,19
18,H,A,3.095703125,20
18,H,S,3.072265625,21
288,R,L,3.0361328125,22
171,F,A,3.0263671875,23
103,E,K,3.009521484375,24
219,M,A,2.935546875,25
138,M,L,2.91796875,26
219,M,P,2.810546875,27
284,T,V,2.8076171875,28
138,M,S,2.76171875,29
171,F,V,2.7529296875,30
140,K,S,2.751953125,31
100,P,S,2.65234375,32
100,P,D,2.587890625,33
39,I,L,2.5147705078125,34
285,T,D,2.4833984375,35
176,Y,F,2.47265625,36
137,E,T,2.408203125,37
18,H,V,2.388671875,38
100,P,N,2.361328125,39
8,G,L,2.2900390625,40
205,I,V,2.285888671875,41
66,V,S,2.267578125,42
216,G,S,2.259765625,43
125,G,P,2.2548828125,44
18,H,T,2.2421875,45
148,V,S,2.22265625,46
182,A,T,2.0986328125,47
8,G,A,2.0927734375,48
79,T,I,2.05078125,49
245,F,V,2.02734375,50
293,Y,D,2.009765625,51
291,T,F,2.0068359375,52
79,T,V,1.98828125,53
268,V,S,1.984375,54
5,R,S,1.9208984375,55
92,P,S,1.916015625,56
66,V,A,1.91015625,57
81,D,T,1.888671875,58
268,V,D,1.876953125,59
208,L,E,1.865234375,60
56,E,T,1.849609375,61
292,I,G,1.77734375,62
18,H,L,1.7578125,63
159,A,S,1.71923828125,64
296,E,S,1.7099609375,65
37,D,S,1.701171875,66
6,E,Q,1.68359375,67
291,T,L,1.6591796875,68
140,K,T,1.650390625,69
56,E,S,1.63671875,70
148,V,A,1.626953125,71
293,Y,S,1.615234375,72
285,T,A,1.6044921875,73
182,A,S,1.5908203125,74
56,E,A,1.58203125,75
34,T,S,1.58154296875,76
14,S,A,1.5771484375,77
3,L,F,1.5654296875,78
3,L,S,1.5224609375,79
128,S,D,1.51806640625,80
255,N,D,1.501953125,81
273,T,V,1.4970703125,82
8,G,V,1.478515625,83
148,V,T,1.474609375,84
216,G,A,1.46484375,85
4,R,S,1.4462890625,86
268,V,T,1.435546875,87
4,R,L,1.4287109375,88
296,E,A,1.4228515625,89
276,N,S,1.421875,90
129,V,A,1.40234375,91
195,L,A,1.400390625,92
38,N,Q,1.3515625,93
245,F,T,1.330078125,94
176,Y,I,1.32421875,95
42,F,Y,1.3203125,96
255,N,S,1.318359375,97
15,V,A,1.31103515625,98
215,T,D,1.306640625,99
291,T,Y,1.306640625,100
140,K,A,1.298828125,101
266,E,V,1.291015625,102
208,L,A,1.263671875,103
40,D,T,1.263671875,104
149,I,V,1.25390625,105
218,N,T,1.23046875,106
171,F,I,1.2265625,107
7,F,L,1.22265625,108
288,R,S,1.216796875,109
10,V,L,1.2109375,110
284,T,L,1.201171875,111
125,G,A,1.189453125,112
288,R,N,1.18359375,113
195,L,I,1.1796875,114
84,D,S,1.1728515625,115
218,N,G,1.169921875,116
115,L,I,1.16650390625,117
178,A,G,1.163818359375,118
215,T,S,1.162109375,119
5,R,L,1.1328125,120
26,M,V,1.130859375,121
125,G,T,1.126953125,122
295,S,G,1.1259765625,123
84,D,T,1.1220703125,124
183,V,L,1.111328125,125
152,T,D,1.091796875,126
66,V,E,1.091796875,127
163,S,Q,1.0771484375,128
163,S,K,1.0771484375,129
37,D,A,1.0703125,130
219,M,Q,1.046875,131
218,N,S,1.0390625,132
114,D,S,1.03125,133
153,I,V,1.03125,134
261,T,V,1.03125,135
221,S,D,1.0234375,136
55,I,T,1.0185546875,137
292,I,D,1.013671875,138
276,N,A,0.9921875,139
107,L,V,0.98876953125,140
285,T,S,0.986328125,141
239,L,F,0.9775390625,142
4,R,F,0.974609375,143
73,E,S,0.9609375,144
208,L,K,0.953125,145
38,N,E,0.94921875,146
293,Y,N,0.94921875,147
81,D,S,0.943359375,148
171,F,L,0.94140625,149
26,M,I,0.93359375,150
296,E,T,0.9296875,151
34,T,D,0.9248046875,152
191,A,Q,0.9189453125,153
8,G,S,0.91796875,154
123,N,D,0.869140625,155
113,S,Y,0.869140625,156
205,I,T,0.8564453125,157
86,T,S,0.85546875,158
296,E,G,0.8515625,159
5,R,A,0.84375,160
90,G,S,0.8193359375,161
195,L,T,0.818359375,162
125,G,L,0.8125,163
75,A,D,0.810546875,164
27,Q,A,0.7978515625,165
288,R,G,0.78125,166
148,V,E,0.775390625,167
82,E,T,0.7724609375,168
194,T,D,0.76171875,169
56,E,D,0.755859375,170
145,A,S,0.753662109375,171
65,D,A,0.740234375,172
54,N,S,0.7373046875,173
268,V,E,0.736328125,174
52,S,T,0.7265625,175
281,L,T,0.7265625,176
129,V,Y,0.716796875,177
137,E,K,0.71484375,178
129,V,T,0.708984375,179
288,R,V,0.70703125,180
259,V,I,0.66796875,181
255,N,T,0.6640625,182
8,G,I,0.658203125,183
5,R,K,0.658203125,184
281,L,G,0.65625,185
107,L,I,0.65625,186
200,F,Y,0.656005859375,187
202,Q,S,0.64453125,188
245,F,S,0.6328125,189
65,D,S,0.62890625,190
161,V,L,0.626953125,191
75,A,S,0.62109375,192
276,N,L,0.619140625,193
34,T,A,0.6044921875,194
62,L,I,0.6015625,195
28,R,K,0.587890625,196
216,G,E,0.5859375,197
219,M,K,0.5859375,198
39,I,F,0.57421875,199
143,Y,W,0.568359375,200
62,L,V,0.56640625,201
116,S,Q,0.5556640625,202
154,T,L,0.552734375,203
147,E,S,0.5390625,204
298,S,G,0.5361328125,205
283,S,A,0.533203125,206
245,F,I,0.51171875,207
27,Q,S,0.5107421875,208
216,G,N,0.501953125,209
100,P,T,0.501953125,210
164,Y,N,0.5,211
90,G,D,0.4931640625,212
176,Y,V,0.4921875,213
245,F,H,0.484375,214
163,S,T,0.48046875,215
270,V,A,0.478515625,216
56,E,N,0.4765625,217
284,T,A,0.4765625,218
73,E,T,0.474609375,219
162,S,A,0.46923828125,220
220,G,S,0.4609375,221
144,E,S,0.458984375,222
73,E,D,0.455078125,223
81,D,A,0.443359375,224
35,V,L,0.44140625,225
103,E,Q,0.419921875,226
58,T,S,0.4189453125,227
113,S,T,0.41796875,228
163,S,A,0.416015625,229
281,L,V,0.4140625,230
129,V,L,0.41015625,231
134,D,S,0.41015625,232
228,T,A,0.40625,233
194,T,S,0.39453125,234
270,V,D,0.390625,235
116,S,A,0.3857421875,236
258,T,S,0.38134765625,237
183,V,I,0.380859375,238
148,V,N,0.376953125,239
254,G,S,0.37109375,240
85,D,S,0.369140625,241
191,A,S,0.3662109375,242
221,S,N,0.361328125,243
9,A,L,0.357421875,244
182,A,V,0.353515625,245
254,G,A,0.345703125,246
40,D,Q,0.337890625,247
66,V,G,0.3359375,248
60,T,S,0.330078125,249
54,N,D,0.3291015625,250
2,F,L,0.3291015625,251
243,H,R,0.326171875,252
115,L,V,0.32421875,253
234,K,R,0.3173828125,254
221,S,T,0.31640625,255
38,N,D,0.3125,256
143,Y,L,0.298828125,257
65,D,T,0.294921875,258
255,N,A,0.29296875,259
270,V,Q,0.29296875,260
261,T,I,0.28515625,261
187,V,Y,0.28515625,262
191,A,N,0.279296875,263
42,F,L,0.2734375,264
194,T,N,0.267578125,265
25,P,A,0.2666015625,266
130,S,D,0.26171875,267
276,N,I,0.25,268
131,S,D,0.248046875,269
72,V,T,0.248046875,270
103,E,N,0.244140625,271
292,I,N,0.244140625,272
280,L,T,0.244140625,273
6,E,R,0.23828125,274
6,E,K,0.21875,275
266,E,I,0.212890625,276
90,G,T,0.2099609375,277
274,A,D,0.20703125,278
38,N,S,0.205078125,279
30,D,A,0.19140625,280
125,G,V,0.189453125,281
187,V,S,0.18359375,282
119,I,L,0.1796875,283
270,V,E,0.17578125,284
101,T,S,0.17578125,285
2,F,A,0.173828125,286
132,I,V,0.173828125,287
82,E,S,0.1552734375,288
40,D,E,0.154296875,289
156,K,Q,0.1484375,290
187,V,A,0.14453125,291
88,S,T,0.142578125,292
58,T,A,0.1376953125,293
279,T,S,0.134765625,294
120,A,T,0.119140625,295
154,T,V,0.11328125,296
212,D,N,0.109375,297
91,D,S,0.109375,298
151,D,S,0.109375,299
11,A,L,0.10546875,300
261,T,A,0.095703125,301
292,I,E,0.091796875,302
277,D,S,0.0751953125,303
296,E,V,0.072265625,304
4,R,I,0.06640625,305
171,F,S,0.064453125,306
7,F,I,0.056640625,307
144,E,A,0.056640625,308
255,N,E,0.048828125,309
37,D,T,0.048828125,310
40,D,K,0.04296875,311
30,D,S,0.04296875,312
216,G,D,0.03515625,313
168,T,S,0.03515625,314
34,T,E,0.033203125,315
75,A,N,0.029296875,316
79,T,M,0.02734375,317
185,A,G,0.01953125,318
215,T,N,0.013671875,319
295,S,D,0.001953125,320
28,R,A,0.0,321
275,G,S,-0.0078125,322
75,A,T,-0.009765625,323
31,I,V,-0.01171875,324
163,S,E,-0.01171875,325
74,A,S,-0.013671875,326
280,L,S,-0.015625,327
58,T,D,-0.025390625,328
260,T,S,-0.025390625,329
278,G,S,-0.0517578125,330
280,L,A,-0.056640625,331
228,T,K,-0.060546875,332
149,I,L,-0.064453125,333
76,G,D,-0.0703125,334
2,F,V,-0.07421875,335
78,T,E,-0.07421875,336
25,P,S,-0.078125,337
89,Y,F,-0.08203125,338
91,D,T,-0.087890625,339
27,Q,T,-0.08984375,340
4,R,V,-0.08984375,341
60,T,A,-0.095703125,342
57,S,A,-0.103515625,343
37,D,N,-0.1171875,344
190,N,S,-0.12109375,345
54,N,G,-0.12109375,346
137,E,Q,-0.138671875,347
15,V,T,-0.140625,348
243,H,K,-0.142578125,349
285,T,L,-0.142578125,350
238,E,I,-0.14453125,351
15,V,L,-0.1484375,352
277,D,T,-0.1484375,353
218,N,A,-0.1484375,354
212,D,E,-0.1484375,355
93,T,A,-0.15234375,356
188,L,F,-0.15625,357
154,T,I,-0.16015625,358
86,T,D,-0.162109375,359
182,A,L,-0.1640625,360
7,F,V,-0.166015625,361
15,V,G,-0.169921875,362
280,L,D,-0.171875,363
84,D,Y,-0.173828125,364
168,T,K,-0.177734375,365
30,D,T,-0.1875,366
158,E,Q,-0.1875,367
147,E,N,-0.1875,368
14,S,L,-0.197265625,369
220,G,D,-0.19921875,370
264,V,I,-0.20703125,371
2,F,S,-0.208984375,372
254,G,E,-0.2109375,373
65,D,P,-0.2109375,374
36,L,Y,-0.21484375,375
57,S,T,-0.2177734375,376
149,I,A,-0.21875,377
43,A,T,-0.22265625,378
295,S,N,-0.232421875,379
15,V,S,-0.234375,380
231,I,V,-0.23681640625,381
88,S,G,-0.240234375,382
129,V,F,-0.2421875,383
185,A,S,-0.24609375,384
89,Y,L,-0.25,385
61,T,A,-0.251953125,386
152,T,E,-0.25390625,387
239,L,V,-0.25390625,388
280,L,G,-0.25390625,389
252,T,S,-0.255859375,390
10,V,A,-0.2587890625,391
295,S,A,-0.263671875,392
91,D,N,-0.263671875,393
52,S,D,-0.267578125,394
289,W,F,-0.2724609375,395
108,S,A,-0.27294921875,396
228,T,L,-0.2734375,397
212,D,S,-0.2734375,398
116,S,E,-0.2734375,399
84,D,N,-0.28515625,400
55,I,L,-0.28515625,401
292,I,Q,-0.287109375,402
93,T,S,-0.2890625,403
271,D,S,-0.29296875,404
161,V,I,-0.29296875,405
37,D,E,-0.296875,406
239,L,I,-0.30078125,407
210,L,F,-0.30859375,408
58,T,P,-0.30859375,409
87,S,G,-0.310546875,410
298,S,A,-0.3125,411
46,S,A,-0.3125,412
25,P,L,-0.3125,413
269,G,D,-0.326171875,414
278,G,A,-0.3271484375,415
81,D,Y,-0.328125,416
14,S,V,-0.328125,417
38,N,T,-0.3359375,418
273,T,L,-0.34375,419
144,E,T,-0.353515625,420
27,Q,V,-0.359375,421
186,T,A,-0.36328125,422
272,S,D,-0.36328125,423
85,D,G,-0.3642578125,424
68,N,S,-0.365234375,425
77,A,V,-0.365234375,426
221,S,G,-0.369140625,427
118,W,L,-0.375,428
61,T,S,-0.376953125,429
144,E,K,-0.376953125,430
277,D,G,-0.376953125,431
80,I,L,-0.37890625,432
221,S,A,-0.384765625,433
277,D,A,-0.390625,434
112,S,T,-0.39453125,435
65,D,G,-0.400390625,436
238,E,L,-0.4033203125,437
262,S,D,-0.4072265625,438
84,D,E,-0.408203125,439
215,T,A,-0.412109375,440
120,A,V,-0.416015625,441
243,H,S,-0.423828125,442
183,V,F,-0.42578125,443
281,L,I,-0.427734375,444
120,A,S,-0.435546875,445
234,K,Q,-0.4375,446
88,S,L,-0.4375,447
88,S,D,-0.439453125,448
12,A,L,-0.45654296875,449
254,G,P,-0.4609375,450
74,A,G,-0.466796875,451
285,T,E,-0.466796875,452
89,Y,V,-0.46875,453
10,V,I,-0.4697265625,454
282,D,S,-0.4765625,455
265,T,V,-0.4765625,456
3,L,I,-0.478515625,457
43,A,V,-0.48828125,458
80,I,V,-0.4921875,459
161,V,K,-0.4931640625,460
164,Y,H,-0.49609375,461
118,W,F,-0.49609375,462
14,S,G,-0.501953125,463
149,I,T,-0.505859375,464
284,T,F,-0.505859375,465
33,S,Q,-0.5078125,466
262,S,A,-0.5166015625,467
218,N,P,-0.517578125,468
272,S,T,-0.517578125,469
88,S,A,-0.517578125,470
116,S,T,-0.51953125,471
25,P,V,-0.521484375,472
71,L,T,-0.5341796875,473
266,E,L,-0.53515625,474
61,T,P,-0.5380859375,475
71,L,A,-0.5419921875,476
151,D,P,-0.5498046875,477
223,Y,F,-0.55029296875,478
134,D,T,-0.552734375,479
60,T,D,-0.5556640625,480
9,A,V,-0.560546875,481
243,H,A,-0.572265625,482
267,V,I,-0.576171875,483
190,N,G,-0.576171875,484
159,A,D,-0.578125,485
156,K,E,-0.580078125,486
278,G,D,-0.5810546875,487
17,A,V,-0.58251953125,488
286,A,S,-0.58447265625,489
137,E,L,-0.60546875,490
187,V,E,-0.611328125,491
114,D,G,-0.6171875,492
155,S,P,-0.625,493
243,H,V,-0.625,494
96,I,V,-0.62548828125,495
87,S,T,-0.6279296875,496
16,L,A,-0.630859375,497
275,G,V,-0.63671875,498
147,E,K,-0.638671875,499
114,D,T,-0.65234375,500
208,L,P,-0.65234375,501
44,Q,E,-0.65234375,502
231,I,P,-0.65283203125,503
266,E,Y,-0.65625,504
283,S,N,-0.66015625,505
187,V,D,-0.662109375,506
257,V,T,-0.666015625,507
158,E,S,-0.6728515625,508
128,S,E,-0.677734375,509
101,T,A,-0.6796875,510
228,T,V,-0.6796875,511
36,L,I,-0.689453125,512
205,I,A,-0.69140625,513
281,L,F,-0.69140625,514
289,W,Y,-0.6962890625,515
98,V,I,-0.69970703125,516
274,A,E,-0.701171875,517
123,N,S,-0.701171875,518
68,N,A,-0.708984375,519
78,T,S,-0.7138671875,520
239,L,A,-0.71484375,521
190,N,T,-0.724609375,522
118,W,A,-0.7265625,523
152,T,Q,-0.736328125,524
238,E,T,-0.7373046875,525
33,S,A,-0.73828125,526
45,Y,W,-0.73828125,527
295,S,T,-0.740234375,528
90,G,N,-0.74609375,529
53,S,A,-0.7587890625,530
202,Q,A,-0.765625,531
166,D,N,-0.765625,532
147,E,L,-0.771484375,533
131,S,T,-0.7734375,534
279,T,A,-0.7744140625,535
239,L,S,-0.779296875,536
259,V,L,-0.7802734375,537
32,S,D,-0.78125,538
153,I,L,-0.7861328125,539
35,V,T,-0.787109375,540
41,L,R,-0.794921875,541
253,S,D,-0.798828125,542
132,I,A,-0.8076171875,543
159,A,E,-0.8125,544
90,G,A,-0.8125,545
95,F,Y,-0.812744140625,546
71,L,D,-0.8134765625,547
77,A,T,-0.818359375,548
180,L,I,-0.82421875,549
152,T,A,-0.826171875,550
89,Y,I,-0.837890625,551
72,V,L,-0.837890625,552
71,L,S,-0.8388671875,553
87,S,D,-0.8408203125,554
66,V,K,-0.849609375,555
23,P,A,-0.85498046875,556
77,A,S,-0.859375,557
257,V,A,-0.86328125,558
76,G,S,-0.8671875,559
28,R,S,-0.8671875,560
76,G,N,-0.873046875,561
268,V,Q,-0.873046875,562
114,D,N,-0.890625,563
197,L,V,-0.89404296875,564
279,T,G,-0.8955078125,565
156,K,T,-0.904296875,566
220,G,N,-0.9140625,567
128,S,N,-0.91796875,568
168,T,Q,-0.919921875,569
291,T,A,-0.923828125,570
31,I,L,-0.92578125,571
260,T,A,-0.927734375,572
5,R,G,-0.935546875,573
91,D,G,-0.9375,574
132,I,T,-0.9384765625,575
199,N,S,-0.939453125,576
16,L,V,-0.939453125,577
166,D,S,-0.94140625,578
229,D,N,-0.94140625,579
10,V,F,-0.9443359375,580
283,S,D,-0.96484375,581
235,L,V,-0.96533203125,582
87,S,A,-0.9658203125,583
282,D,T,-0.96875,584
14,S,T,-0.96875,585
57,S,V,-0.9697265625,586
214,I,V,-0.97705078125,587
58,T,V,-0.984375,588
196,D,E,-0.986328125,589
140,K,R,-0.98828125,590
130,S,T,-0.990234375,591
68,N,T,-0.9921875,592
134,D,E,-0.9951171875,593
103,E,R,-0.99609375,594
26,M,S,-0.99609375,595
265,T,K,-0.998046875,596
72,V,I,-1.00390625,597
277,D,E,-1.009765625,598
33,S,T,-1.009765625,599
162,S,T,-1.009765625,600
24,A,S,-1.0107421875,601
264,V,L,-1.01953125,602
126,L,Q,-1.03515625,603
270,V,I,-1.046875,604
227,H,N,-1.050537109375,605
53,S,D,-1.0595703125,606
82,E,A,-1.068359375,607
169,L,V,-1.06982421875,608
61,T,D,-1.0751953125,609
269,G,S,-1.0810546875,610
102,N,K,-1.08251953125,611
127,T,S,-1.087890625,612
86,T,P,-1.1015625,613
272,S,N,-1.107421875,614
202,Q,E,-1.115234375,615
128,S,P,-1.1171875,616
265,T,E,-1.119140625,617
169,L,I,-1.12060546875,618
91,D,E,-1.123046875,619
265,T,Q,-1.125,620
260,T,Q,-1.126953125,621
36,L,F,-1.1435546875,622
213,Y,F,-1.148193359375,623
118,W,I,-1.1484375,624
132,I,L,-1.1533203125,625
146,W,Y,-1.15625,626
234,K,N,-1.15625,627
77,A,I,-1.169921875,628
275,G,I,-1.18359375,629
81,D,K,-1.1875,630
279,T,E,-1.1943359375,631
106,V,I,-1.195068359375,632
262,S,E,-1.2001953125,633
104,L,A,-1.20458984375,634
27,Q,D,-1.2109375,635
28,R,T,-1.21484375,636
242,Y,F,-1.215087890625,637
262,S,N,-1.2197265625,638
155,S,T,-1.22265625,639
271,D,A,-1.2236328125,640
131,S,E,-1.244140625,641
53,S,G,-1.2470703125,642
22,A,T,-1.25341796875,643
9,A,I,-1.2548828125,644
25,P,R,-1.265625,645
126,L,F,-1.2734375,646
238,E,A,-1.2763671875,647
180,L,V,-1.28515625,648
123,N,E,-1.2890625,649
283,S,Q,-1.296875,650
83,F,Y,-1.30078125,651
298,S,L,-1.30078125,652
291,T,I,-1.306640625,653
57,S,P,-1.3076171875,654
53,S,N,-1.3076171875,655
271,D,E,-1.3115234375,656
63,T,S,-1.314453125,657
11,A,V,-1.3154296875,658
168,T,E,-1.31640625,659
54,N,V,-1.3203125,660
272,S,E,-1.3203125,661
184,A,S,-1.32080078125,662
269,G,T,-1.3271484375,663
67,G,S,-1.330078125,664
52,S,E,-1.341796875,665
154,T,M,-1.345703125,666
39,I,V,-1.35546875,667
298,S,V,-1.35546875,668
121,D,N,-1.3555908203125,669
266,E,H,-1.357421875,670
85,D,N,-1.3623046875,671
181,A,S,-1.363525390625,672
104,L,T,-1.37646484375,673
131,S,G,-1.384765625,674
271,D,N,-1.3916015625,675
82,E,Q,-1.400390625,676
116,S,R,-1.404296875,677
78,T,V,-1.4072265625,678
294,I,V,-1.41259765625,679
153,I,A,-1.4189453125,680
258,T,A,-1.421875,681
113,S,A,-1.421875,682
156,K,A,-1.427734375,683
57,S,L,-1.4326171875,684
253,S,T,-1.4345703125,685
128,S,A,-1.435546875,686
131,S,N,-1.4375,687
98,V,L,-1.44189453125,688
118,W,T,-1.443359375,689
151,D,A,-1.4443359375,690
85,D,E,-1.4560546875,691
252,T,D,-1.46875,692
151,D,E,-1.4716796875,693
123,N,Q,-1.482421875,694
256,D,S,-1.48388671875,695
184,A,G,-1.49462890625,696
134,D,A,-1.4951171875,697
186,T,V,-1.49609375,698
