Position,WT,Mut,Delta_logP,Rank
176,Y,L,8.620511054992676,1
138,M,V,7.381479740142822,2
6,E,L,5.616456031799316,3
92,P,T,5.015178680419922,4
219,M,S,3.491039276123047,5
199,N,T,3.39420747756958,6
195,L,V,3.341585874557495,7
26,M,L,3.1503167152404785,8
284,T,I,3.100081205368042,9
103,E,K,3.006260395050049,10
100,P,S,2.6610326766967773,11
39,I,L,2.514395236968994,12
285,T,D,2.510671854019165,13
205,I,V,2.2896366119384766,14
148,V,S,2.227917194366455,15
182,A,T,2.091610908508301,16
291,T,F,2.0200300216674805,17
66,V,A,1.9079896211624146,18
159,A,S,1.7139335870742798,19
14,S,A,1.5764062404632568,20
128,S,D,1.5130102634429932,21
296,E,A,1.4262675046920776,22
129,V,A,1.4041674137115479,23
38,N,Q,1.3443790674209595,24
266,E,V,1.2682414054870605,25
149,I,V,1.2497310638427734,26
178,A,G,1.1634502410888672,27
183,V,L,1.1160316467285156,28
218,N,S,1.042626976966858,29
114,D,S,1.0335478782653809,30
293,Y,N,0.9517853260040283,31
34,T,D,0.919441819190979,32
123,N,D,0.8642613291740417,33
145,A,S,0.7535991072654724,34
268,V,E,0.7457659244537354,35
208,L,T,0.7250633239746094,36
281,L,A,0.6676936149597168,37
200,F,Y,0.6525282859802246,38
65,D,S,0.6329333782196045,39
143,Y,W,0.5775883197784424,40
62,L,V,0.5630044937133789,41
216,G,N,0.5005550384521484,42
56,E,N,0.48219823837280273,43
35,V,L,0.42964720726013184,44
163,S,A,0.4224739074707031,45
194,T,N,0.2653040885925293,46
27,Q,E,0.21072626113891602,47
58,T,A,0.13821959495544434,48
168,T,S,0.04097461700439453,49
31,I,V,-0.012348175048828125,50
280,L,A,-0.05826878547668457,51
147,E,N,-0.18674850463867188,52
264,V,I,-0.20862382650375366,53
231,I,V,-0.2338966727256775,54
116,S,E,-0.2747354507446289,55
55,I,L,-0.28505420684814453,56
81,D,Y,-0.3291149139404297,57
80,I,L,-0.37229204177856445,58
277,D,A,-0.3988351821899414,59
243,H,S,-0.43527865409851074,60
9,A,V,-0.5582635402679443,61
267,V,I,-0.5828113555908203,62
153,I,L,-0.7800183296203613,63
77,A,T,-0.8194220066070557,64
76,G,N,-0.870736837387085,65
265,T,E,-1.1156516075134277,66
282,D,A,-1.1233623027801514,67
184,A,G,-1.4800831079483032,68
245,F,P,-1.489861011505127,69
157,V,I,-1.5672492980957031,70
134,D,N,-1.818925142288208,71
96,I,L,-1.9630694389343262,72
238,E,R,-2.0790820121765137,73
162,S,N,-2.4510951042175293,74
127,T,V,-2.5601072311401367,75
21,P,A,-2.7681851387023926,76
202,Q,C,-2.978269100189209,77
244,H,Q,-5.521795272827148,78
