Position,WT,Mut,Delta_logP,Rank,Alignment_Pos,Entropy,Top_mutations
176,Y,L,8.620511054992676,1,6554,0.8218260463833537,"['L', 'F', 'M', 'I', 'V']"
138,M,V,7.381479740142822,2,6187,1.65467948404399,"['V', 'A', 'I', 'L', 'S']"
6,E,L,5.616456031799316,3,2793,2.4825775963629573,"['S', 'R', 'L', 'K', 'Q']"
92,P,T,5.015178680419922,4,5216,2.413331879939802,"['S', 'T', 'V', 'I', 'A']"
219,M,S,3.491039276123047,5,7050,1.0243731912199805,"['Q', 'K', 'S', 'A', 'P']"
199,N,T,3.39420747756958,6,6934,1.3851166066270442,"['T', 'A', 'S', 'G', 'V']"
195,L,V,3.341585874557495,7,6725,1.7953760244928605,"['V', 'I', 'A', 'T', 'C']"
26,M,L,3.1503167152404785,8,4113,1.0432598577953416,"['L', 'I', 'P', 'S', 'V']"
284,T,I,3.100081205368042,9,8659,2.4341787978785483,"['L', 'I', 'V', 'F', 'A']"
103,E,K,3.006260395050049,10,5422,2.535733958680264,"['K', 'R', 'Q', 'P', 'N']"
100,P,S,2.6610326766967773,11,5371,2.621078251359486,"['H', 'D', 'T', 'S', 'N']"
39,I,L,2.514395236968994,12,4566,1.5724183948811497,"['L', 'F', 'M', 'V', 'A']"
285,T,D,2.510671854019165,13,8695,1.9481533132964215,"['D', 'E', 'A', 'S', 'L']"
205,I,V,2.289636611938477,14,6961,2.085698648347099,"['V', 'L', 'T', 'A', 'S']"
148,V,S,2.227917194366455,15,6412,3.3218303747520648,"['N', 'E', 'S', 'A', 'T']"
182,A,T,2.091610908508301,16,6578,2.82084970927078,"['T', 'S', 'C', 'L', 'V']"
291,T,F,2.0200300216674805,17,9219,1.4512578712553927,"['F', 'L', 'I', 'A', 'Y']"
66,V,A,1.9079896211624143,18,4867,1.832986667862203,"['A', 'S', 'G', 'E', 'K']"
159,A,S,1.7139335870742798,19,6443,3.427627974941293,"['S', 'E', 'Q', 'K', 'D']"
14,S,A,1.5764062404632568,20,3068,2.432276330848844,"['A', 'T', 'V', 'G', 'L']"
128,S,D,1.5130102634429932,21,5840,2.048844889618509,"['P', 'D', 'N', 'A', 'E']"
296,E,A,1.4262675046920776,22,9885,2.278088406894545,"['G', 'A', 'S', 'T', 'V']"
129,V,A,1.404167413711548,23,5841,2.8763412277647453,"['Y', 'F', 'T', 'L', 'A']"
38,N,Q,1.3443790674209597,24,4533,3.237268395429366,"['S', 'E', 'D', 'Q', 'T']"
266,E,V,1.2682414054870603,25,7771,2.9525940329774616,"['V', 'L', 'H', 'I', 'Y']"
149,I,V,1.2497310638427734,26,6413,2.627196320212974,"['V', 'A', 'T', 'L', 'S']"
178,A,G,1.1634502410888672,27,6574,0.8782507792178,"['G', 'S', 'V', 'E', 'K']"
183,V,L,1.1160316467285156,28,6579,1.311470524624901,"['L', 'I', 'F', 'M', 'Y']"
218,N,S,1.042626976966858,29,7049,1.3720561560357811,"['P', 'A', 'T', 'S', 'G']"
114,D,S,1.0335478782653809,30,5531,1.6772670529061762,"['S', 'T', 'N', 'G', 'E']"
293,Y,N,0.9517853260040284,31,9400,2.7400048251343683,"['R', 'N', 'S', 'D', 'K']"
34,T,D,0.919441819190979,32,4507,3.265945371574024,"['E', 'D', 'S', 'A', 'P']"
123,N,D,0.8642613291740417,33,5700,3.0947385056302856,"['S', 'D', 'T', 'Q', 'E']"
145,A,S,0.7535991072654724,34,6373,2.186028630379932,"['S', 'G', 'F', 'P', 'T']"
268,V,E,0.7457659244537354,35,7774,3.445834130886309,"['E', 'T', 'D', 'Q', 'S']"
208,L,T,0.7250633239746094,36,6976,3.641429586641756,"['Q', 'E', 'A', 'K', 'P']"
281,L,A,0.6676936149597168,37,8429,2.4626004217670627,"['I', 'V', 'F', 'T', 'G']"
200,F,Y,0.6525282859802246,38,6938,1.5087672288201128,"['Y', 'M', 'L', 'A', 'S']"
65,D,S,0.6329333782196045,39,4851,2.8275437245914823,"['S', 'P', 'G', 'A', 'T']"
143,Y,W,0.5775883197784424,40,6267,3.018271975284029,"['L', 'W', 'M', 'Q', 'A']"
62,L,V,0.5630044937133789,41,4834,2.3417969459659957,"['F', 'V', 'I', 'W', 'G']"
216,G,N,0.5005550384521484,42,7019,2.40385360624916,"['D', 'N', 'A', 'S', 'E']"
56,E,N,0.4821982383728027,43,4724,2.790953205124864,"['T', 'N', 'S', 'D', 'A']"
35,V,L,0.4296472072601318,44,4521,2.739213397419228,"['L', 'E', 'T', 'D', 'F']"
163,S,A,0.4224739074707031,45,6491,3.204713614848623,"['Q', 'A', 'K', 'E', 'T']"
194,T,N,0.2653040885925293,46,6699,1.874457277678552,"['P', 'A', 'S', 'N', 'D']"
27,Q,E,0.210726261138916,47,4114,1.2035672953128005,"['D', 'A', 'S', 'V', 'T']"
58,T,A,0.1382195949554443,48,4747,1.2537009932011025,"['P', 'A', 'V', 'S', 'D']"
168,T,S,0.0409746170043945,49,6525,3.269912924873608,"['K', 'R', 'S', 'E', 'Q']"
31,I,V,-0.0123481750488281,50,4381,1.675885645757017,"['V', 'L', 'A', 'T', 'F']"
280,L,A,-0.0582687854766845,51,7986,1.436170750166916,"['G', 'D', 'S', 'A', 'T']"
147,E,N,-0.1867485046386718,52,6411,3.537181639273708,"['K', 'L', 'R', 'N', 'S']"
264,V,I,-0.2086238265037536,53,7729,2.184016834283607,"['I', 'L', 'T', 'M', 'F']"
231,I,V,-0.2338966727256775,54,7239,2.1371533746854587,"['P', 'G', 'L', 'V', 'Y']"
116,S,E,-0.2747354507446289,55,5547,3.2792014167133074,"['A', 'R', 'T', 'Q', 'E']"
55,I,L,-0.2850542068481445,56,4710,1.2392368510765364,"['Y', 'L', 'H', 'F', 'T']"
81,D,Y,-0.3291149139404297,57,5022,3.496468645791255,"['T', 'K', 'S', 'A', 'Y']"
80,I,L,-0.3722920417785644,58,5009,2.572334015811428,"['V', 'L', 'T', 'A', 'E']"
277,D,A,-0.3988351821899414,59,7930,2.755928225656832,"['A', 'S', 'T', 'G', 'E']"
243,H,S,-0.4352786540985107,60,7411,3.2874890144191924,"['R', 'S', 'V', 'A', 'K']"
9,A,V,-0.5582635402679443,61,2906,2.898986464846561,"['S', 'L', 'T', 'V', 'I']"
267,V,I,-0.5828113555908203,62,7773,1.8920016230560692,"['C', 'I', 'L', 'Y', 'R']"
153,I,L,-0.7800183296203613,63,6437,2.092471705789576,"['V', 'L', 'A', 'T', 'F']"
77,A,T,-0.8194220066070557,64,4989,1.9147147451841005,"['T', 'V', 'S', 'I', 'G']"
76,G,N,-0.870736837387085,65,4988,1.943676564554885,"['D', 'N', 'S', 'T', 'K']"
265,T,E,-1.1156516075134275,66,7730,3.528619404204856,"['K', 'R', 'Q', 'V', 'E']"
282,D,A,-1.1233623027801514,67,8444,1.479815619108869,"['P', 'L', 'T', 'S', 'V']"
184,A,G,-1.4800831079483032,68,6580,1.7787442130952156,"['G', 'S', 'T', 'L', 'F']"
245,F,P,-1.489861011505127,69,7425,2.958651743074983,"['H', 'T', 'I', 'V', 'S']"
157,V,I,-1.5672492980957031,70,6441,1.846712538840194,"['L', 'I', 'M', 'F', 'A']"
134,D,N,-1.818925142288208,71,6134,3.29500365274738,"['S', 'T', 'E', 'P', 'A']"
96,I,L,-1.9630694389343264,72,5359,1.739344923765601,"['V', 'L', 'F', 'Y', 'M']"
238,E,R,-2.0790820121765137,73,7295,2.213142861727751,"['L', 'I', 'T', 'R', 'A']"
162,S,N,-2.4510951042175293,74,6484,3.309373757605708,"['A', 'E', 'K', 'Q', 'T']"
127,T,V,-2.5601072311401367,75,5726,2.712856363053387,"['V', 'I', 'E', 'A', 'S']"
21,P,A,-2.7681851387023926,76,3948,0.6547093954333858,"['S', 'A', 'I', 'T', 'L']"
202,Q,C,-2.978269100189209,77,6954,2.3677549004535785,"['E', 'S', 'A', 'G', 'C']"
244,H,Q,-5.521795272827148,78,7412,2.0984483121159947,"['S', 'M', 'Q', 'P', 'A']"
