Mutation,Count
39I>L,200
219M>S,200
5R>S,199
268V>D,199
205I>V,198
92P>T,198
18H>S,198
273T>V,198
284T>V,198
266E>V,198
6E>L,197
138M>V,197
100P>H,197
178A>G,197
103E>K,197
56E>S,196
199N>T,196
137E>T,196
176Y>L,196
171F>A,193
201G>S,2
295S>N,1
148V>T,1
296E>S,1
82E>A,1
285T>E,1
37D>N,1
81D>A,1
294I>L,1
298S>L,1
74A>S,1
41L>K,1
162S>K,1
48A>S,1
11A>V,1
72V>L,1
298S>V,1
79T>I,1
283S>N,1
265T>V,1
42F>W,1
260T>Q,1
195L>A,1
96I>M,1
161V>K,1
22A>L,1
28R>P,1
102N>A,1
235L>M,1
139H>E,1
272S>Y,1
223Y>H,1
246S>G,1
249Y>I,1
264V>F,1
250W>F,1
31I>T,1
97A>F,1
197L>M,1
203P>L,1
145A>G,1
145A>F,1
129V>L,1
67G>Q,1
43A>I,1
75A>N,1
185A>Y,1
77A>S,1
1M>L,1
71L>R,1
201G>L,1
