Generation,Fitness,Elite_Fitness,Proxy_MPNN,Proxy_MPNN_norm,ThermoMPNN_norm,ESM,ESM_norm,Mutations
0,0.48260447936732676,0.46581330008345184,0.5302221582546497,0.7481362830551597,0.6013316797075948,-0.3381347477436066,0.30515543768803277,8G>V;15V>S;26M>I;29R>A;30D>P;37D>S;62L>V;85D>E;104L>A;115L>I;118W>F;125G>L;137E>T;171F>I;188L>M;193Y>L;195L>I;212D>E;215T>A;228T>L;229D>E;243H>S;253S>E;262S>A;269G>D;275G>V;276N>I;289W>F;295S>T;297C>T
1,0.4922583027623372,0.47939726378147896,0.5267720583833961,0.742372033257009,0.6015364636176715,-0.08024903138478597,0.3266459140512678,13L>F;14S>G;16L>A;29R>N;54N>D;62L>I;88S>D;92P>V;98V>T;128S>P;129V>Y;144E>R;148V>A;150A>Q;153I>V;154T>L;155S>P;163S>K;171F>I;181A>S;182A>L;187V>S;188L>F;201G>A;225V>A;237P>L;261T>V;284T>L;292I>G;298S>V
2,0.5031743747526235,0.4917848787203811,0.5535469411941418,0.7871061333111252,0.6261159647114503,-0.20995939175287884,0.31583671735392677,5R>K;8G>S;11A>T;28R>S;45Y>F;48A>T;56E>D;61T>S;68N>S;79T>S;80I>V;84D>Y;89Y>F;92P>I;100P>S;113S>T;128S>D;144E>S;151D>A;215T>D;216G>S;219M>S;221S>G;252T>N;268V>D;269G>E;273T>V;274A>D;276N>C;294I>V
3,0.5313017068401678,0.5104922767185059,0.5511654490815908,0.7831272585129061,0.6632243795004065,0.21701459089914957,0.3514178825749292,3L>F;4R>L;7F>T;8G>L;13L>T;34T>A;39I>L;56E>S;57S>V;64C>F;68N>T;73E>T;79T>I;89Y>F;92P>V;93T>A;98V>T;115L>P;116S>Q;127T>I;148V>A;151D>A;158E>K;161V>K;163S>Q;166D>T;205I>T;208L>Q;219M>S;260T>S
4,0.5357341518169972,0.522386683494659,0.558249540299552,0.7949629945486798,0.6252696262179691,0.539855961004893,0.3783213300837411,12A>V;26M>I;40D>T;52S>D;60T>A;73E>Q;80I>L;85D>E;88S>G;92P>S;100P>H;106V>I;118W>A;138M>A;161V>L;176Y>L;182A>L;185A>T;186T>L;208L>Q;215T>S;221S>T;233P>T;250W>Y;268V>E;277D>E;285T>S;292I>E;295S>T;298S>G
5,0.5530581457243811,0.534704637069952,0.5724880655337997,0.8187519917575217,0.644515158419999,0.7028767963250478,0.39190639969375396,3L>F;8G>S;14S>A;34T>D;42F>Y;52S>E;58T>S;68N>T;74A>G;93T>A;103E>R;119I>L;120A>T;148V>A;158E>K;161V>K;163S>K;166D>T;176Y>L;199N>T;205I>V;208L>K;215T>D;219M>P;234K>Q;254G>P;255N>D;257V>A;261T>A;268V>E
6,0.5537784969487434,0.544549840535735,0.5754286098450562,0.8236649022775452,0.6515516065082505,0.6459208289782207,0.3871600690815184,6E>S;26M>I;27Q>T;28R>K;42F>Y;53S>A;60T>A;65D>P;75A>D;92P>A;103E>R;114D>T;118W>I;128S>N;137E>L;138M>A;145A>S;147E>K;148V>A;154T>V;159A>E;161V>L;168T>K;169L>M;176Y>L;193Y>F;218N>S;238E>I;253S>A;268V>E
7,0.5805511730336778,0.5554773743982596,0.5795555707964094,0.830560016830322,0.6731045724146406,1.1001871506373087,0.4250155958864424,3L>F;12A>V;14S>A;34T>D;40D>T;58T>S;65D>P;73E>T;74A>G;84D>N;87S>G;92P>V;93T>A;103E>R;128S>P;131S>N;138M>A;158E>K;163S>K;166D>T;176Y>L;182A>T;199N>T;205I>V;219M>S;254G>P;255N>D;262S>E;268V>E;284T>L
8,0.5925265127512717,0.5645552476536154,0.5918984002047689,0.8511817827445632,0.6855842838138664,1.1987569053967795,0.43322974211639825,6E>S;8G>S;14S>A;28R>K;39I>L;40D>T;42F>Y;53S>A;65D>A;73E>T;75A>S;77A>V;92P>I;93T>A;119I>L;138M>L;148V>A;150A>R;153I>V;171F>I;176Y>L;193Y>F;216G>E;218N>S;254G>A;261T>V;266E>L;284T>L;295S>A;298S>G
9,0.5925265127512717,0.575664770736288,0.5918984002047689,0.8511817827445632,0.6855842838138664,1.1987569053967795,0.43322974211639825,6E>S;8G>S;14S>A;28R>K;39I>L;40D>T;42F>Y;53S>A;65D>A;73E>T;75A>S;77A>V;92P>I;93T>A;119I>L;138M>L;148V>A;150A>R;153I>V;171F>I;176Y>L;193Y>F;216G>E;218N>S;254G>A;261T>V;266E>L;284T>L;295S>A;298S>G
10,0.6020508860181052,0.5837981867911561,0.5868965867258222,0.8428250094880458,0.6644201131896793,1.6198364039262136,0.46831970032718445,4R>L;6E>Q;7F>T;26M>I;34T>D;37D>S;40D>T;42F>Y;52S>E;65D>P;66V>A;73E>T;85D>N;92P>I;119I>L;120A>T;137E>K;138M>A;148V>A;158E>K;164Y>F;176Y>L;199N>T;205I>V;208L>Q;219M>S;234K>Q;243H>R;254G>P;281L>T
11,0.6052963856649266,0.5904298360684089,0.5946699841876374,0.855812403019333,0.6857819536923494,1.4815836548805237,0.4567986379067103,6E>L;8G>S;34T>D;39I>L;40D>T;56E>A;66V>A;73E>T;75A>S;89Y>F;92P>A;93T>A;100P>H;103E>R;113S>V;140K>A;147E>R;158E>K;161V>L;162S>K;176Y>L;182A>L;199N>T;208L>Q;215T>S;243H>R;255N>D;266E>I;273T>V;284T>V
12,0.615574454385585,0.596948789813425,0.5981673925895591,0.8616556934825459,0.6871673857911059,1.690234398841858,0.47418619990348815,6E>S;14S>A;18H>V;28R>K;39I>L;40D>T;42F>Y;45Y>F;58T>S;65D>A;66V>S;92P>I;103E>R;137E>T;138M>L;153I>V;158E>K;176Y>L;193Y>F;208L>Q;216G>A;218N>S;219M>S;223Y>F;254G>A;261T>V;266E>I;284T>L;285T>A;296E>T
13,0.615574454385585,0.6020793184077385,0.5981673925895591,0.8616556934825459,0.6871673857911059,1.690234398841858,0.47418619990348815,6E>S;14S>A;18H>V;28R>K;39I>L;40D>T;42F>Y;45Y>F;58T>S;65D>A;66V>S;92P>I;103E>R;137E>T;138M>L;153I>V;158E>K;176Y>L;193Y>F;208L>Q;216G>A;218N>S;219M>S;223Y>F;254G>A;261T>V;266E>I;284T>L;285T>A;296E>T
14,0.6197717961838589,0.6057111285270226,0.5932156092330473,0.8533825079869364,0.6731757125754662,1.931421939531962,0.4942851616276635,6E>S;8G>S;16L>V;34T>D;39I>L;40D>T;42F>Y;56E>S;77A>V;92P>I;100P>D;103E>R;125G>P;134D>E;138M>A;140K>A;147E>R;153I>V;161V>K;163S>K;176Y>L;182A>L;199N>T;218N>S;219M>S;255N>D;257V>A;261T>V;268V>T;284T>L
15,0.6217865872329613,0.6113566318740997,0.6006273236250214,0.8657656200075065,0.690812476137399,1.7933532893657684,0.4827794407804807,6E>S;8G>L;16L>V;33S>T;34T>D;37D>S;39I>L;40D>T;42F>Y;66V>A;92P>I;93T>A;119I>L;125G>P;137E>T;147E>R;163S>K;171F>I;176Y>L;182A>T;199N>T;205I>V;208L>Q;216G>E;218N>S;223Y>F;260T>S;261T>V;284T>L;296E>T
16,0.6243256417791161,0.6161032645071834,0.5905449781087798,0.8489205545671936,0.6687930292274604,2.0936869303385417,0.5078072441948785,3L>S;6E>S;8G>S;14S>A;39I>L;56E>S;66V>A;77A>V;92P>I;100P>D;119I>L;125G>P;134D>E;137E>K;148V>A;151D>A;161V>K;176Y>L;182A>T;205I>V;208L>Q;218N>S;219M>S;257V>A;261T>V;266E>L;268V>T;284T>L;285T>A;298S>G
17,0.6243256417791161,0.6188444935642193,0.5905449781087798,0.8489205545671936,0.6687930292274604,2.0936869303385417,0.5078072441948785,3L>S;6E>S;8G>S;14S>A;39I>L;56E>S;66V>A;77A>V;92P>I;100P>D;119I>L;125G>P;134D>E;137E>K;148V>A;151D>A;161V>K;176Y>L;182A>T;205I>V;208L>Q;218N>S;219M>S;257V>A;261T>V;266E>L;268V>T;284T>L;285T>A;298S>G
18,0.6283278363795746,0.6215587163422167,0.6002949784012725,0.8652103546643574,0.6812000773046207,2.0222178141276044,0.5018514845106337,6E>S;16L>V;18H>L;35V>L;37D>S;39I>L;40D>T;42F>Y;92P>V;100P>H;103E>R;116S>A;125G>P;138M>A;148V>A;153I>V;154T>L;158E>K;161V>K;163S>K;171F>I;176Y>L;199N>T;208L>Q;216G>E;218N>S;261T>V;266E>I;268V>T;284T>L
19,0.6336476564003299,0.6241525956003874,0.592919607979369,0.8528879642837284,0.6768142528631057,2.240618904431661,0.5200515753693051,8G>S;14S>A;15V>G;18H>V;37D>S;39I>L;53S>A;56E>S;92P>V;100P>H;119I>L;120A>T;137E>T;138M>A;145A>S;147E>R;158E>K;163S>K;176Y>L;199N>T;208L>Q;215T>S;218N>S;219M>S;223Y>F;255N>D;266E>L;285T>A;296E>T;298S>G
20,0.6362492014712273,0.626290058781412,0.6086973278472618,0.8792485688915987,0.675696291290373,2.1845744073390962,0.5153812006115913,6E>S;15V>T;34T>D;39I>L;40D>T;56E>A;82E>Q;92P>V;100P>H;120A>T;134D>E;137E>K;138M>V;148V>A;149I>V;151D>A;171F>I;176Y>L;182A>T;199N>T;205I>V;208L>Q;216G>A;218N>S;228T>K;245F>V;254G>A;255N>D;259V>I;266E>I
21,0.6362492014712273,0.6294904869349303,0.6086973278472618,0.8792485688915987,0.675696291290373,2.1845744073390962,0.5153812006115913,6E>S;15V>T;34T>D;39I>L;40D>T;56E>A;82E>Q;92P>V;100P>H;120A>T;134D>E;137E>K;138M>V;148V>A;149I>V;151D>A;171F>I;176Y>L;182A>T;199N>T;205I>V;208L>Q;216G>A;218N>S;228T>K;245F>V;254G>A;255N>D;259V>I;266E>I
22,0.6423379371024323,0.6318652532645392,0.6078119308712443,0.8777692930645956,0.6783327298388577,2.3188222289085387,0.5265685190757116,3L>F;6E>L;8G>S;26M>I;34T>D;37D>S;39I>L;40D>T;42F>Y;53S>A;56E>S;58T>S;66V>A;92P>A;100P>H;137E>T;138M>V;140K>R;148V>T;151D>A;153I>V;171F>I;176Y>L;182A>T;205I>V;208L>Q;216G>A;255N>D;284T>L;285T>D
23,0.6423379371024323,0.635109460756703,0.6078119308712443,0.8777692930645956,0.6783327298388577,2.3188222289085387,0.5265685190757116,3L>F;6E>L;8G>S;26M>I;34T>D;37D>S;39I>L;40D>T;42F>Y;53S>A;56E>S;58T>S;66V>A;92P>A;100P>H;137E>T;138M>V;140K>R;148V>T;151D>A;153I>V;171F>I;176Y>L;182A>T;205I>V;208L>Q;216G>A;255N>D;284T>L;285T>D
24,0.643320796683193,0.6371104605271588,0.6053804728799724,0.8737069378405689,0.679526897246848,2.3533121585845946,0.5294426798820496,4R>I;6E>S;8G>L;14S>A;15V>T;28R>K;37D>S;39I>L;40D>T;42F>Y;56E>S;66V>S;92P>I;100P>H;116S>A;125G>P;134D>E;137E>T;138M>A;140K>R;171F>I;176Y>L;182A>T;199N>T;205I>V;208L>Q;219M>S;254G>A;261T>V;268V>T
25,0.643415243359508,0.6386371856774823,0.6094463373514178,0.8804999755303219,0.6972930263672675,2.195056168238322,0.5162546806865268,14S>A;37D>S;39I>L;40D>T;42F>Y;56E>A;65D>A;66V>A;73E>T;82E>Q;92P>V;100P>H;103E>R;120A>T;134D>E;137E>K;138M>V;147E>K;162S>K;176Y>L;182A>T;199N>T;205I>V;208L>Q;216G>A;228T>K;245F>V;254G>A;268V>E;285T>D
26,0.6506755133606243,0.6402701211929295,0.6089405399768864,0.8796549152355921,0.6707174125422841,2.5647033572196962,0.5470586131016414,3L>S;6E>S;18H>L;26M>I;28R>K;37D>S;39I>L;42F>Y;56E>A;66V>S;79T>L;92P>V;103E>R;119I>L;137E>T;138M>V;144E>S;148V>A;153I>V;163S>K;176Y>L;205I>V;208L>Q;216G>A;219M>S;255N>D;261T>V;273T>V;284T>V;285T>A
27,0.6506755133606243,0.641644762392127,0.6089405399768864,0.8796549152355921,0.6707174125422841,2.5647033572196962,0.5470586131016414,3L>S;6E>S;18H>L;26M>I;28R>K;37D>S;39I>L;42F>Y;56E>A;66V>S;79T>L;92P>V;103E>R;119I>L;137E>T;138M>V;144E>S;148V>A;153I>V;163S>K;176Y>L;205I>V;208L>Q;216G>A;219M>S;255N>D;261T>V;273T>V;284T>V;285T>A
28,0.6506755133606243,0.642891116622495,0.6089405399768864,0.8796549152355921,0.6707174125422841,2.5647033572196962,0.5470586131016414,3L>S;6E>S;18H>L;26M>I;28R>K;37D>S;39I>L;42F>Y;56E>A;66V>S;79T>L;92P>V;103E>R;119I>L;137E>T;138M>V;144E>S;148V>A;153I>V;163S>K;176Y>L;205I>V;208L>Q;216G>A;219M>S;255N>D;261T>V;273T>V;284T>V;285T>A
29,0.6549918402111221,0.6450646449869682,0.6052090175334519,0.8734204790470691,0.6803606380180576,2.628789271910985,0.5523991059925821,6E>L;8G>S;15V>T;18H>L;26M>I;39I>L;40D>T;42F>Y;53S>A;56E>A;81D>S;92P>V;116S>A;137E>T;138M>V;144E>S;145A>S;148V>T;158E>K;176Y>L;182A>T;199N>T;205I>V;208L>Q;218N>S;219M>S;254G>A;266E>L;268V>T;284T>V
30,0.6570088790372378,0.6467247606245522,0.603725581553172,0.870942030344426,0.6860413877590922,2.648193359375,0.55401611328125,3L>S;6E>L;8G>S;14S>A;16L>V;18H>S;28R>K;37D>S;65D>A;66V>S;73E>T;92P>V;100P>H;103E>K;119I>L;137E>T;138M>A;147E>R;148V>T;176Y>L;199N>T;205I>V;208L>Q;216G>A;218N>S;254G>A;255N>D;284T>V;285T>D;298S>G
31,0.6570088790372378,0.649131760549927,0.603725581553172,0.870942030344426,0.6860413877590922,2.648193359375,0.55401611328125,3L>S;6E>L;8G>S;14S>A;16L>V;18H>S;28R>K;37D>S;65D>A;66V>S;73E>T;92P>V;100P>H;103E>K;119I>L;137E>T;138M>A;147E>R;148V>T;176Y>L;199N>T;205I>V;208L>Q;216G>A;218N>S;254G>A;255N>D;284T>V;285T>D;298S>G
32,0.6570088790372378,0.6498524864191635,0.603725581553172,0.870942030344426,0.6860413877590922,2.648193359375,0.55401611328125,3L>S;6E>L;8G>S;14S>A;16L>V;18H>S;28R>K;37D>S;65D>A;66V>S;73E>T;92P>V;100P>H;103E>K;119I>L;137E>T;138M>A;147E>R;148V>T;176Y>L;199N>T;205I>V;208L>Q;216G>A;218N>S;254G>A;255N>D;284T>V;285T>D;298S>G
33,0.6589979588963653,0.6512977819420904,0.608198282472679,0.8784147894918559,0.6912112017484081,2.622839371363322,0.5519032809469434,6E>L;8G>S;18H>S;39I>L;40D>T;56E>S;65D>A;66V>A;89Y>F;92P>V;119I>L;137E>T;138M>V;144E>S;148V>T;151D>S;163S>K;176Y>L;182A>T;199N>T;205I>V;208L>Q;216G>A;218N>S;219M>S;228T>K;239L>A;261T>V;268V>E;285T>A
34,0.6632048413539814,0.6532135543310651,0.6128005344129189,0.886103995835882,0.6937932702653996,2.6683054665724435,0.5556921222143703,6E>S;8G>S;18H>S;26M>I;37D>S;42F>Y;56E>S;65D>A;66V>S;92P>V;100P>H;103E>R;119I>L;138M>V;147E>K;148V>A;153I>V;162S>A;163S>K;176Y>L;182A>T;199N>T;208L>Q;219M>S;228T>K;254G>A;255N>D;261T>V;284T>V;285T>D
35,0.6633775454470657,0.6550439871471417,0.6105255343900559,0.8823030425557045,0.6896294578974225,2.7206743896007537,0.5600561991333962,6E>S;8G>S;18H>S;26M>I;37D>S;42F>Y;56E>S;65D>A;66V>S;73E>T;92P>V;100P>H;103E>R;138M>V;147E>K;148V>A;153I>V;162S>A;163S>K;176Y>L;199N>T;205I>V;208L>Q;219M>S;254G>A;255N>D;261T>V;265T>K;284T>V;285T>D
36,0.663898507990353,0.6562248319117757,0.6088554597552737,0.8795127675678265,0.681786575658434,2.803039562702179,0.5669199635585149,6E>L;8G>S;16L>V;37D>S;42F>Y;56E>A;65D>A;66V>A;79T>L;81D>S;92P>V;100P>S;103E>K;120A>T;137E>T;138M>V;144E>S;148V>T;149I>V;151D>S;158E>K;176Y>L;182A>T;199N>T;208L>Q;216G>A;254G>A;255N>D;266E>L;296E>T
37,0.6661732031890377,0.6580442660089466,0.6098431393164396,0.8811629318887276,0.6973087704567226,2.737951656182607,0.5614959713485507,3L>S;6E>L;18H>S;37D>S;40D>T;56E>S;65D>A;66V>S;73E>T;79T>L;92P>V;100P>H;103E>R;137E>T;138M>V;147E>K;153I>V;162S>A;163S>K;171F>I;176Y>L;182A>T;199N>T;205I>V;208L>Q;254G>A;261T>V;273T>V;284T>V;298S>G
38,0.6661732031890377,0.6598955216051231,0.6098431393164396,0.8811629318887276,0.6973087704567226,2.737951656182607,0.5614959713485507,3L>S;6E>L;18H>S;37D>S;40D>T;56E>S;65D>A;66V>S;73E>T;79T>L;92P>V;100P>H;103E>R;137E>T;138M>V;147E>K;153I>V;162S>A;163S>K;171F>I;176Y>L;182A>T;199N>T;205I>V;208L>Q;254G>A;261T>V;273T>V;284T>V;298S>G
39,0.6661732031890377,0.6616315366762723,0.6098431393164396,0.8811629318887276,0.6973087704567226,2.737951656182607,0.5614959713485507,3L>S;6E>L;18H>S;37D>S;40D>T;56E>S;65D>A;66V>S;73E>T;79T>L;92P>V;100P>H;103E>R;137E>T;138M>V;147E>K;153I>V;162S>A;163S>K;171F>I;176Y>L;182A>T;199N>T;205I>V;208L>Q;254G>A;261T>V;273T>V;284T>V;298S>G
40,0.6719903501192317,0.6626501874906195,0.6045162086336128,0.8722629694936996,0.6932763554078298,2.949316390355428,0.5791096991962856,3L>S;6E>S;14S>A;15V>T;39I>L;40D>T;56E>S;65D>A;66V>S;73E>T;92P>V;100P>H;103E>K;137E>T;138M>V;147E>K;148V>A;149I>V;158E>K;176Y>L;182A>T;205I>V;216G>A;218N>S;219M>S;261T>V;265T>K;284T>V;285T>D;296E>T
41,0.6719903501192317,0.6643690434798625,0.6045162086336128,0.8722629694936996,0.6932763554078298,2.949316390355428,0.5791096991962856,3L>S;6E>S;14S>A;15V>T;39I>L;40D>T;56E>S;65D>A;66V>S;73E>T;92P>V;100P>H;103E>K;137E>T;138M>V;147E>K;148V>A;149I>V;158E>K;176Y>L;182A>T;205I>V;216G>A;218N>S;219M>S;261T>V;265T>K;284T>V;285T>D;296E>T
42,0.6719903501192317,0.6656384413247591,0.6045162086336128,0.8722629694936996,0.6932763554078298,2.949316390355428,0.5791096991962856,3L>S;6E>S;14S>A;15V>T;39I>L;40D>T;56E>S;65D>A;66V>S;73E>T;92P>V;100P>H;103E>K;137E>T;138M>V;147E>K;148V>A;149I>V;158E>K;176Y>L;182A>T;205I>V;216G>A;218N>S;219M>S;261T>V;265T>K;284T>V;285T>D;296E>T
43,0.6719903501192317,0.666241554247035,0.6045162086336128,0.8722629694936996,0.6932763554078298,2.949316390355428,0.5791096991962856,3L>S;6E>S;14S>A;15V>T;39I>L;40D>T;56E>S;65D>A;66V>S;73E>T;92P>V;100P>H;103E>K;137E>T;138M>V;147E>K;148V>A;149I>V;158E>K;176Y>L;182A>T;205I>V;216G>A;218N>S;219M>S;261T>V;265T>K;284T>V;285T>D;296E>T
44,0.6732313939423703,0.6675116187822122,0.6066312869464189,0.8757967337882492,0.688269844157215,2.9981862545013427,0.5831821878751119,4R>S;6E>S;8G>S;18H>S;28R>K;39I>L;40D>T;56E>S;65D>A;66V>S;73E>T;79T>L;92P>V;100P>N;103E>R;138M>V;147E>K;148V>A;153I>V;158E>K;162S>A;163S>K;176Y>L;178A>G;199N>T;205I>V;208L>Q;219M>S;254G>A;284T>V
45,0.6758304892762781,0.6687708279600472,0.6100424475967366,0.8814959259345071,0.6933398881382941,2.9967041035493214,0.5830586752957768,6E>L;15V>T;39I>L;40D>T;56E>S;65D>A;66V>A;79T>L;92P>V;100P>H;103E>K;119I>L;137E>T;138M>V;144E>S;147E>K;148V>A;149I>V;176Y>L;182A>T;199N>T;208L>Q;219M>S;254G>A;261T>V;266E>L;268V>T;284T>V;285T>D;298S>G
46,0.6758304892762781,0.6701351174265812,0.6100424475967366,0.8814959259345071,0.6933398881382941,2.9967041035493214,0.5830586752957768,6E>L;15V>T;39I>L;40D>T;56E>S;65D>A;66V>A;79T>L;92P>V;100P>H;103E>K;119I>L;137E>T;138M>V;144E>S;147E>K;148V>A;149I>V;176Y>L;182A>T;199N>T;208L>Q;219M>S;254G>A;261T>V;266E>L;268V>T;284T>V;285T>D;298S>G
47,0.6758304892762781,0.670804877071438,0.6100424475967366,0.8814959259345071,0.6933398881382941,2.9967041035493214,0.5830586752957768,6E>L;15V>T;39I>L;40D>T;56E>S;65D>A;66V>A;79T>L;92P>V;100P>H;103E>K;119I>L;137E>T;138M>V;144E>S;147E>K;148V>A;149I>V;176Y>L;182A>T;199N>T;208L>Q;219M>S;254G>A;261T>V;266E>L;268V>T;284T>V;285T>D;298S>G
48,0.6823953777942293,0.6714684886246451,0.5996007806504006,0.8640505246899611,0.6832627121641071,3.310555020968119,0.6092129184140099,4R>S;6E>L;40D>T;42F>Y;65D>A;66V>S;73E>T;79T>L;92P>V;100P>H;103E>K;137E>T;138M>V;147E>K;148V>A;158E>K;163S>K;176Y>L;178A>G;182A>T;199N>T;205I>V;208L>Q;216G>A;218N>S;219M>S;258T>S;265T>K;285T>A;296E>T
49,0.6823953777942293,0.6720975685887882,0.5996007806504006,0.8640505246899611,0.6832627121641071,3.310555020968119,0.6092129184140099,4R>S;6E>L;40D>T;42F>Y;65D>A;66V>S;73E>T;79T>L;92P>V;100P>H;103E>K;137E>T;138M>V;147E>K;148V>A;158E>K;163S>K;176Y>L;178A>G;182A>T;199N>T;205I>V;208L>Q;216G>A;218N>S;219M>S;258T>S;265T>K;285T>A;296E>T
50,0.6823953777942293,0.6725054767292683,0.5996007806504006,0.8640505246899611,0.6832627121641071,3.310555020968119,0.6092129184140099,4R>S;6E>L;40D>T;42F>Y;65D>A;66V>S;73E>T;79T>L;92P>V;100P>H;103E>K;137E>T;138M>V;147E>K;148V>A;158E>K;163S>K;176Y>L;178A>G;182A>T;199N>T;205I>V;208L>Q;216G>A;218N>S;219M>S;258T>S;265T>K;285T>A;296E>T
51,0.6823953777942293,0.6734808910068925,0.5996007806504006,0.8640505246899611,0.6832627121641071,3.310555020968119,0.6092129184140099,4R>S;6E>L;40D>T;42F>Y;65D>A;66V>S;73E>T;79T>L;92P>V;100P>H;103E>K;137E>T;138M>V;147E>K;148V>A;158E>K;163S>K;176Y>L;178A>G;182A>T;199N>T;205I>V;208L>Q;216G>A;218N>S;219M>S;258T>S;265T>K;285T>A;296E>T
52,0.6845707707958739,0.6743436102231548,0.6067310430050922,0.8759634010913794,0.7016369758180192,3.1732879479726157,0.5977739956643847,5R>S;6E>L;15V>T;37D>S;39I>L;40D>T;42F>Y;65D>A;66V>A;73E>T;79T>L;92P>V;103E>K;125G>T;137E>T;138M>V;147E>K;148V>A;153I>V;158E>K;176Y>L;199N>T;208L>Q;218N>S;219M>S;261T>V;266E>L;268V>T;284T>V;296E>A
53,0.6845707707958739,0.6747730898455032,0.6067310430050922,0.8759634010913794,0.7016369758180192,3.1732879479726157,0.5977739956643847,5R>S;6E>L;15V>T;37D>S;39I>L;40D>T;42F>Y;65D>A;66V>A;73E>T;79T>L;92P>V;103E>K;125G>T;137E>T;138M>V;147E>K;148V>A;153I>V;158E>K;176Y>L;199N>T;208L>Q;218N>S;219M>S;261T>V;266E>L;268V>T;284T>V;296E>A
54,0.6845707707958739,0.6757729856026811,0.6067310430050922,0.8759634010913794,0.7016369758180192,3.1732879479726157,0.5977739956643847,5R>S;6E>L;15V>T;37D>S;39I>L;40D>T;42F>Y;65D>A;66V>A;73E>T;79T>L;92P>V;103E>K;125G>T;137E>T;138M>V;147E>K;148V>A;153I>V;158E>K;176Y>L;199N>T;208L>Q;218N>S;219M>S;261T>V;266E>L;268V>T;284T>V;296E>A
55,0.6845707707958739,0.6768219251794868,0.6067310430050922,0.8759634010913794,0.7016369758180192,3.1732879479726157,0.5977739956643847,5R>S;6E>L;15V>T;37D>S;39I>L;40D>T;42F>Y;65D>A;66V>A;73E>T;79T>L;92P>V;103E>K;125G>T;137E>T;138M>V;147E>K;148V>A;153I>V;158E>K;176Y>L;199N>T;208L>Q;218N>S;219M>S;261T>V;266E>L;268V>T;284T>V;296E>A
56,0.6866518631437932,0.6779464679616567,0.608518883153715,0.8789504326557963,0.711704316544647,3.1364115595817568,0.5947009632984798,3L>S;4R>S;6E>L;8G>S;37D>S;40D>T;56E>S;65D>A;66V>A;73E>T;92P>V;103E>K;137E>T;138M>V;147E>K;148V>T;158E>K;163S>K;176Y>L;182A>T;199N>T;205I>V;208L>Q;218N>S;219M>S;228T>K;254G>A;261T>V;296E>A;298S>G
57,0.6866518631437932,0.6784423303097781,0.608518883153715,0.8789504326557963,0.711704316544647,3.1364115595817568,0.5947009632984798,3L>S;4R>S;6E>L;8G>S;37D>S;40D>T;56E>S;65D>A;66V>A;73E>T;92P>V;103E>K;137E>T;138M>V;147E>K;148V>T;158E>K;163S>K;176Y>L;182A>T;199N>T;205I>V;208L>Q;218N>S;219M>S;228T>K;254G>A;261T>V;296E>A;298S>G
58,0.6866518631437932,0.679014841822014,0.608518883153715,0.8789504326557963,0.711704316544647,3.1364115595817568,0.5947009632984798,3L>S;4R>S;6E>L;8G>S;37D>S;40D>T;56E>S;65D>A;66V>A;73E>T;92P>V;103E>K;137E>T;138M>V;147E>K;148V>T;158E>K;163S>K;176Y>L;182A>T;199N>T;205I>V;208L>Q;218N>S;219M>S;228T>K;254G>A;261T>V;296E>A;298S>G
59,0.6866518631437932,0.679426468669392,0.608518883153715,0.8789504326557963,0.711704316544647,3.1364115595817568,0.5947009632984798,3L>S;4R>S;6E>L;8G>S;37D>S;40D>T;56E>S;65D>A;66V>A;73E>T;92P>V;103E>K;137E>T;138M>V;147E>K;148V>T;158E>K;163S>K;176Y>L;182A>T;199N>T;205I>V;208L>Q;218N>S;219M>S;228T>K;254G>A;261T>V;296E>A;298S>G
60,0.6866518631437932,0.679435168164598,0.608518883153715,0.8789504326557963,0.711704316544647,3.1364115595817568,0.5947009632984798,3L>S;4R>S;6E>L;8G>S;37D>S;40D>T;56E>S;65D>A;66V>A;73E>T;92P>V;103E>K;137E>T;138M>V;147E>K;148V>T;158E>K;163S>K;176Y>L;182A>T;199N>T;205I>V;208L>Q;218N>S;219M>S;228T>K;254G>A;261T>V;296E>A;298S>G
61,0.6866518631437932,0.6797721827544433,0.608518883153715,0.8789504326557963,0.711704316544647,3.1364115595817568,0.5947009632984798,3L>S;4R>S;6E>L;8G>S;37D>S;40D>T;56E>S;65D>A;66V>A;73E>T;92P>V;103E>K;137E>T;138M>V;147E>K;148V>T;158E>K;163S>K;176Y>L;182A>T;199N>T;205I>V;208L>Q;218N>S;219M>S;228T>K;254G>A;261T>V;296E>A;298S>G
62,0.6866518631437932,0.6800217318326988,0.608518883153715,0.8789504326557963,0.711704316544647,3.1364115595817568,0.5947009632984798,3L>S;4R>S;6E>L;8G>S;37D>S;40D>T;56E>S;65D>A;66V>A;73E>T;92P>V;103E>K;137E>T;138M>V;147E>K;148V>T;158E>K;163S>K;176Y>L;182A>T;199N>T;205I>V;208L>Q;218N>S;219M>S;228T>K;254G>A;261T>V;296E>A;298S>G
63,0.6866518631437932,0.6806880700283935,0.608518883153715,0.8789504326557963,0.711704316544647,3.1364115595817568,0.5947009632984798,3L>S;4R>S;6E>L;8G>S;37D>S;40D>T;56E>S;65D>A;66V>A;73E>T;92P>V;103E>K;137E>T;138M>V;147E>K;148V>T;158E>K;163S>K;176Y>L;182A>T;199N>T;205I>V;208L>Q;218N>S;219M>S;228T>K;254G>A;261T>V;296E>A;298S>G
64,0.6892619614037471,0.6814680443311769,0.6103859137541099,0.8820697715628051,0.6802835119266254,3.4103108843167624,0.6175259070263969,5R>S;6E>L;8G>S;18H>S;26M>L;37D>S;39I>L;42F>Y;65D>A;66V>S;92P>V;100P>H;103E>K;119I>L;137E>T;138M>V;147E>K;148V>A;149I>V;158E>K;163S>K;176Y>L;178A>G;199N>T;208L>Q;219M>S;254G>A;268V>T;284T>V;298S>G
65,0.6892619614037471,0.6823571360550142,0.6103859137541099,0.8820697715628051,0.6802835119266254,3.4103108843167624,0.6175259070263969,5R>S;6E>L;8G>S;18H>S;26M>L;37D>S;39I>L;42F>Y;65D>A;66V>S;92P>V;100P>H;103E>K;119I>L;137E>T;138M>V;147E>K;148V>A;149I>V;158E>K;163S>K;176Y>L;178A>G;199N>T;208L>Q;219M>S;254G>A;268V>T;284T>V;298S>G
66,0.6892619614037471,0.6826072091853287,0.6103859137541099,0.8820697715628051,0.6802835119266254,3.4103108843167624,0.6175259070263969,5R>S;6E>L;8G>S;18H>S;26M>L;37D>S;39I>L;42F>Y;65D>A;66V>S;92P>V;100P>H;103E>K;119I>L;137E>T;138M>V;147E>K;148V>A;149I>V;158E>K;163S>K;176Y>L;178A>G;199N>T;208L>Q;219M>S;254G>A;268V>T;284T>V;298S>G
67,0.6898407181755141,0.6837763267939158,0.6099716560498396,0.88137765105113,0.7045762709372163,3.2526153604189556,0.6043846133682463,5R>S;6E>L;26M>L;37D>S;40D>T;42F>Y;56E>S;65D>A;66V>S;73E>T;79T>L;92P>V;103E>K;137E>T;138M>V;147E>K;149I>V;158E>K;163S>K;176Y>L;205I>V;208L>Q;216G>A;218N>S;219M>S;261T>V;266E>L;268V>T;285T>D;296E>A
68,0.6898407181755141,0.6842868228767347,0.6099716560498396,0.88137765105113,0.7045762709372163,3.2526153604189556,0.6043846133682463,5R>S;6E>L;26M>L;37D>S;40D>T;42F>Y;56E>S;65D>A;66V>S;73E>T;79T>L;92P>V;103E>K;137E>T;138M>V;147E>K;149I>V;158E>K;163S>K;176Y>L;205I>V;208L>Q;216G>A;218N>S;219M>S;261T>V;266E>L;268V>T;285T>D;296E>A
69,0.6898407181755141,0.6844470966369018,0.6099716560498396,0.88137765105113,0.7045762709372163,3.2526153604189556,0.6043846133682463,5R>S;6E>L;26M>L;37D>S;40D>T;42F>Y;56E>S;65D>A;66V>S;73E>T;79T>L;92P>V;103E>K;137E>T;138M>V;147E>K;149I>V;158E>K;163S>K;176Y>L;205I>V;208L>Q;216G>A;218N>S;219M>S;261T>V;266E>L;268V>T;285T>D;296E>A
70,0.6898407181755141,0.6844473773307735,0.6099716560498396,0.88137765105113,0.7045762709372163,3.2526153604189556,0.6043846133682463,5R>S;6E>L;26M>L;37D>S;40D>T;42F>Y;56E>S;65D>A;66V>S;73E>T;79T>L;92P>V;103E>K;137E>T;138M>V;147E>K;149I>V;158E>K;163S>K;176Y>L;205I>V;208L>Q;216G>A;218N>S;219M>S;261T>V;266E>L;268V>T;285T>D;296E>A
71,0.6898407181755141,0.6849269407929004,0.6099716560498396,0.88137765105113,0.7045762709372163,3.2526153604189556,0.6043846133682463,5R>S;6E>L;26M>L;37D>S;40D>T;42F>Y;56E>S;65D>A;66V>S;73E>T;79T>L;92P>V;103E>K;137E>T;138M>V;147E>K;149I>V;158E>K;163S>K;176Y>L;205I>V;208L>Q;216G>A;218N>S;219M>S;261T>V;266E>L;268V>T;285T>D;296E>A
72,0.6898407181755141,0.6853705346228184,0.6099716560498396,0.88137765105113,0.7045762709372163,3.2526153604189556,0.6043846133682463,5R>S;6E>L;26M>L;37D>S;40D>T;42F>Y;56E>S;65D>A;66V>S;73E>T;79T>L;92P>V;103E>K;137E>T;138M>V;147E>K;149I>V;158E>K;163S>K;176Y>L;205I>V;208L>Q;216G>A;218N>S;219M>S;261T>V;266E>L;268V>T;285T>D;296E>A
73,0.6898407181755141,0.6859162679013228,0.6099716560498396,0.88137765105113,0.7045762709372163,3.2526153604189556,0.6043846133682463,5R>S;6E>L;26M>L;37D>S;40D>T;42F>Y;56E>S;65D>A;66V>S;73E>T;79T>L;92P>V;103E>K;137E>T;138M>V;147E>K;149I>V;158E>K;163S>K;176Y>L;205I>V;208L>Q;216G>A;218N>S;219M>S;261T>V;266E>L;268V>T;285T>D;296E>A
74,0.6898407181755141,0.6860497399209127,0.6099716560498396,0.88137765105113,0.7045762709372163,3.2526153604189556,0.6043846133682463,5R>S;6E>L;26M>L;37D>S;40D>T;42F>Y;56E>S;65D>A;66V>S;73E>T;79T>L;92P>V;103E>K;137E>T;138M>V;147E>K;149I>V;158E>K;163S>K;176Y>L;205I>V;208L>Q;216G>A;218N>S;219M>S;261T>V;266E>L;268V>T;285T>D;296E>A
75,0.6898407181755141,0.6863365201346279,0.6099716560498396,0.88137765105113,0.7045762709372163,3.2526153604189556,0.6043846133682463,5R>S;6E>L;26M>L;37D>S;40D>T;42F>Y;56E>S;65D>A;66V>S;73E>T;79T>L;92P>V;103E>K;137E>T;138M>V;147E>K;149I>V;158E>K;163S>K;176Y>L;205I>V;208L>Q;216G>A;218N>S;219M>S;261T>V;266E>L;268V>T;285T>D;296E>A
76,0.6911306207746056,0.6866840462280266,0.6073918128229744,0.8770673813909317,0.6946713395268109,3.3755778233210245,0.614631485276752,5R>S;6E>L;39I>L;40D>T;56E>S;66V>A;73E>T;79T>L;92P>V;100P>H;103E>K;125G>T;137E>T;138M>V;147E>K;148V>A;149I>V;158E>K;163S>K;171F>I;176Y>L;178A>G;199N>T;208L>Q;219M>S;254G>A;268V>T;281L>T;284T>V;285T>A
77,0.6911306207746056,0.6867584761372104,0.6073918128229744,0.8770673813909317,0.6946713395268109,3.3755778233210245,0.614631485276752,5R>S;6E>L;39I>L;40D>T;56E>S;66V>A;73E>T;79T>L;92P>V;100P>H;103E>K;125G>T;137E>T;138M>V;147E>K;148V>A;149I>V;158E>K;163S>K;171F>I;176Y>L;178A>G;199N>T;208L>Q;219M>S;254G>A;268V>T;281L>T;284T>V;285T>A
78,0.6911306207746056,0.6871251266262378,0.6073918128229744,0.8770673813909317,0.6946713395268109,3.3755778233210245,0.614631485276752,5R>S;6E>L;39I>L;40D>T;56E>S;66V>A;73E>T;79T>L;92P>V;100P>H;103E>K;125G>T;137E>T;138M>V;147E>K;148V>A;149I>V;158E>K;163S>K;171F>I;176Y>L;178A>G;199N>T;208L>Q;219M>S;254G>A;268V>T;281L>T;284T>V;285T>A
79,0.6911306207746056,0.6872624024046811,0.6073918128229744,0.8770673813909317,0.6946713395268109,3.3755778233210245,0.614631485276752,5R>S;6E>L;39I>L;40D>T;56E>S;66V>A;73E>T;79T>L;92P>V;100P>H;103E>K;125G>T;137E>T;138M>V;147E>K;148V>A;149I>V;158E>K;163S>K;171F>I;176Y>L;178A>G;199N>T;208L>Q;219M>S;254G>A;268V>T;281L>T;284T>V;285T>A
80,0.6911306207746056,0.6873700936841671,0.6073918128229744,0.8770673813909317,0.6946713395268109,3.3755778233210245,0.614631485276752,5R>S;6E>L;39I>L;40D>T;56E>S;66V>A;73E>T;79T>L;92P>V;100P>H;103E>K;125G>T;137E>T;138M>V;147E>K;148V>A;149I>V;158E>K;163S>K;171F>I;176Y>L;178A>G;199N>T;208L>Q;219M>S;254G>A;268V>T;281L>T;284T>V;285T>A
81,0.6911306207746056,0.6874847840604991,0.6073918128229744,0.8770673813909317,0.6946713395268109,3.3755778233210245,0.614631485276752,5R>S;6E>L;39I>L;40D>T;56E>S;66V>A;73E>T;79T>L;92P>V;100P>H;103E>K;125G>T;137E>T;138M>V;147E>K;148V>A;149I>V;158E>K;163S>K;171F>I;176Y>L;178A>G;199N>T;208L>Q;219M>S;254G>A;268V>T;281L>T;284T>V;285T>A
82,0.6911306207746056,0.6876575358592315,0.6073918128229744,0.8770673813909317,0.6946713395268109,3.3755778233210245,0.614631485276752,5R>S;6E>L;39I>L;40D>T;56E>S;66V>A;73E>T;79T>L;92P>V;100P>H;103E>K;125G>T;137E>T;138M>V;147E>K;148V>A;149I>V;158E>K;163S>K;171F>I;176Y>L;178A>G;199N>T;208L>Q;219M>S;254G>A;268V>T;281L>T;284T>V;285T>A
83,0.6911306207746056,0.6879588128201273,0.6073918128229744,0.8770673813909317,0.6946713395268109,3.3755778233210245,0.614631485276752,5R>S;6E>L;39I>L;40D>T;56E>S;66V>A;73E>T;79T>L;92P>V;100P>H;103E>K;125G>T;137E>T;138M>V;147E>K;148V>A;149I>V;158E>K;163S>K;171F>I;176Y>L;178A>G;199N>T;208L>Q;219M>S;254G>A;268V>T;281L>T;284T>V;285T>A
84,0.6911306207746056,0.6880257693581602,0.6073918128229744,0.8770673813909317,0.6946713395268109,3.3755778233210245,0.614631485276752,5R>S;6E>L;39I>L;40D>T;56E>S;66V>A;73E>T;79T>L;92P>V;100P>H;103E>K;125G>T;137E>T;138M>V;147E>K;148V>A;149I>V;158E>K;163S>K;171F>I;176Y>L;178A>G;199N>T;208L>Q;219M>S;254G>A;268V>T;281L>T;284T>V;285T>A
85,0.6911306207746056,0.6880257693581602,0.6073918128229744,0.8770673813909317,0.6946713395268109,3.3755778233210245,0.614631485276752,5R>S;6E>L;39I>L;40D>T;56E>S;66V>A;73E>T;79T>L;92P>V;100P>H;103E>K;125G>T;137E>T;138M>V;147E>K;148V>A;149I>V;158E>K;163S>K;171F>I;176Y>L;178A>G;199N>T;208L>Q;219M>S;254G>A;268V>T;281L>T;284T>V;285T>A
86,0.6911306207746056,0.688123290033446,0.6073918128229744,0.8770673813909317,0.6946713395268109,3.3755778233210245,0.614631485276752,5R>S;6E>L;39I>L;40D>T;56E>S;66V>A;73E>T;79T>L;92P>V;100P>H;103E>K;125G>T;137E>T;138M>V;147E>K;148V>A;149I>V;158E>K;163S>K;171F>I;176Y>L;178A>G;199N>T;208L>Q;219M>S;254G>A;268V>T;281L>T;284T>V;285T>A
87,0.6925703282213362,0.6885497273970294,0.6084204767261886,0.8787860202471202,0.7089116671086005,3.2993509769439697,0.6082792480786642,5R>S;6E>L;18H>S;37D>S;40D>T;56E>S;65D>A;66V>A;73E>T;79T>L;92P>V;100P>H;103E>K;137E>T;138M>V;147E>K;148V>A;149I>V;158E>K;176Y>L;182A>T;199N>T;208L>Q;218N>S;219M>S;261T>V;266E>L;284T>V;285T>D;296E>A
88,0.6925703282213362,0.6886623498019399,0.6084204767261886,0.8787860202471202,0.7089116671086005,3.2993509769439697,0.6082792480786642,5R>S;6E>L;18H>S;37D>S;40D>T;56E>S;65D>A;66V>A;73E>T;79T>L;92P>V;100P>H;103E>K;137E>T;138M>V;147E>K;148V>A;149I>V;158E>K;176Y>L;182A>T;199N>T;208L>Q;218N>S;219M>S;261T>V;266E>L;284T>V;285T>D;296E>A
89,0.6938396415802772,0.6893842583665568,0.6056657699694118,0.8741835975755279,0.6971033155491384,3.4369262576103212,0.6197438548008601,5R>S;6E>L;14S>A;18H>S;26M>L;28R>K;39I>L;40D>T;56E>S;65D>A;66V>S;73E>T;92P>V;100P>H;103E>K;137E>T;138M>V;144E>S;147E>K;148V>A;163S>K;176Y>L;178A>G;199N>T;208L>Q;219M>S;281L>T;284T>V;285T>D;296E>A
90,0.6938396415802772,0.6893999606193664,0.6056657699694118,0.8741835975755279,0.6971033155491384,3.4369262576103212,0.6197438548008601,5R>S;6E>L;14S>A;18H>S;26M>L;28R>K;39I>L;40D>T;56E>S;65D>A;66V>S;73E>T;92P>V;100P>H;103E>K;137E>T;138M>V;144E>S;147E>K;148V>A;163S>K;176Y>L;178A>G;199N>T;208L>Q;219M>S;281L>T;284T>V;285T>D;296E>A
91,0.6938396415802772,0.6895981634740947,0.6056657699694118,0.8741835975755279,0.6971033155491384,3.4369262576103212,0.6197438548008601,5R>S;6E>L;14S>A;18H>S;26M>L;28R>K;39I>L;40D>T;56E>S;65D>A;66V>S;73E>T;92P>V;100P>H;103E>K;137E>T;138M>V;144E>S;147E>K;148V>A;163S>K;176Y>L;178A>G;199N>T;208L>Q;219M>S;281L>T;284T>V;285T>D;296E>A
92,0.6938396415802772,0.6897090391192059,0.6056657699694118,0.8741835975755279,0.6971033155491384,3.4369262576103212,0.6197438548008601,5R>S;6E>L;14S>A;18H>S;26M>L;28R>K;39I>L;40D>T;56E>S;65D>A;66V>S;73E>T;92P>V;100P>H;103E>K;137E>T;138M>V;144E>S;147E>K;148V>A;163S>K;176Y>L;178A>G;199N>T;208L>Q;219M>S;281L>T;284T>V;285T>D;296E>A
93,0.6938396415802772,0.6898828182741796,0.6056657699694118,0.8741835975755279,0.6971033155491384,3.4369262576103212,0.6197438548008601,5R>S;6E>L;14S>A;18H>S;26M>L;28R>K;39I>L;40D>T;56E>S;65D>A;66V>S;73E>T;92P>V;100P>H;103E>K;137E>T;138M>V;144E>S;147E>K;148V>A;163S>K;176Y>L;178A>G;199N>T;208L>Q;219M>S;281L>T;284T>V;285T>D;296E>A
94,0.6938396415802772,0.6898951224343223,0.6056657699694118,0.8741835975755279,0.6971033155491384,3.4369262576103212,0.6197438548008601,5R>S;6E>L;14S>A;18H>S;26M>L;28R>K;39I>L;40D>T;56E>S;65D>A;66V>S;73E>T;92P>V;100P>H;103E>K;137E>T;138M>V;144E>S;147E>K;148V>A;163S>K;176Y>L;178A>G;199N>T;208L>Q;219M>S;281L>T;284T>V;285T>D;296E>A
95,0.6946468678473501,0.6901053469439636,0.6080833521471971,0.8782227698025186,0.6887273169494292,3.4972188512484235,0.6247682376040352,5R>S;6E>L;8G>S;18H>S;26M>L;37D>S;39I>L;42F>Y;56E>S;66V>A;79T>L;92P>V;100P>H;103E>K;125G>T;137E>T;138M>V;147E>K;158E>K;163S>K;176Y>L;178A>G;182A>T;199N>T;208L>Q;218N>S;219M>S;254G>A;284T>V;285T>A
96,0.6946468678473501,0.6903253766382847,0.6080833521471971,0.8782227698025186,0.6887273169494292,3.4972188512484235,0.6247682376040352,5R>S;6E>L;8G>S;18H>S;26M>L;37D>S;39I>L;42F>Y;56E>S;66V>A;79T>L;92P>V;100P>H;103E>K;125G>T;137E>T;138M>V;147E>K;158E>K;163S>K;176Y>L;178A>G;182A>T;199N>T;208L>Q;218N>S;219M>S;254G>A;284T>V;285T>A
97,0.6946468678473501,0.6906278768837661,0.6080833521471971,0.8782227698025186,0.6887273169494292,3.4972188512484235,0.6247682376040352,5R>S;6E>L;8G>S;18H>S;26M>L;37D>S;39I>L;42F>Y;56E>S;66V>A;79T>L;92P>V;100P>H;103E>K;125G>T;137E>T;138M>V;147E>K;158E>K;163S>K;176Y>L;178A>G;182A>T;199N>T;208L>Q;218N>S;219M>S;254G>A;284T>V;285T>A
98,0.6946468678473501,0.6908730801706752,0.6080833521471971,0.8782227698025186,0.6887273169494292,3.4972188512484235,0.6247682376040352,5R>S;6E>L;8G>S;18H>S;26M>L;37D>S;39I>L;42F>Y;56E>S;66V>A;79T>L;92P>V;100P>H;103E>K;125G>T;137E>T;138M>V;147E>K;158E>K;163S>K;176Y>L;178A>G;182A>T;199N>T;208L>Q;218N>S;219M>S;254G>A;284T>V;285T>A
99,0.6946468678473501,0.6913919118211899,0.6080833521471971,0.8782227698025186,0.6887273169494292,3.4972188512484235,0.6247682376040352,5R>S;6E>L;8G>S;18H>S;26M>L;37D>S;39I>L;42F>Y;56E>S;66V>A;79T>L;92P>V;100P>H;103E>K;125G>T;137E>T;138M>V;147E>K;158E>K;163S>K;176Y>L;178A>G;182A>T;199N>T;208L>Q;218N>S;219M>S;254G>A;284T>V;285T>A
100,0.6957525425269395,0.6918476361147281,0.6080892012554344,0.8782325421923723,0.6930216857956485,3.4927886803944905,0.6243990566995409,5R>S;6E>L;18H>S;39I>L;56E>S;65D>A;66V>A;92P>V;100P>H;103E>K;125G>T;137E>T;138M>V;147E>K;148V>A;149I>V;158E>K;162S>A;163S>K;171F>I;176Y>L;178A>G;199N>T;205I>V;208L>Q;218N>S;219M>S;281L>T;284T>V;296E>A
101,0.6957525425269395,0.6921619303993379,0.6080892012554344,0.8782325421923723,0.6930216857956485,3.4927886803944905,0.6243990566995409,5R>S;6E>L;18H>S;39I>L;56E>S;65D>A;66V>A;92P>V;100P>H;103E>K;125G>T;137E>T;138M>V;147E>K;148V>A;149I>V;158E>K;162S>A;163S>K;171F>I;176Y>L;178A>G;199N>T;205I>V;208L>Q;218N>S;219M>S;281L>T;284T>V;296E>A
102,0.6957525425269395,0.6922696053059361,0.6080892012554344,0.8782325421923723,0.6930216857956485,3.4927886803944905,0.6243990566995409,5R>S;6E>L;18H>S;39I>L;56E>S;65D>A;66V>A;92P>V;100P>H;103E>K;125G>T;137E>T;138M>V;147E>K;148V>A;149I>V;158E>K;162S>A;163S>K;171F>I;176Y>L;178A>G;199N>T;205I>V;208L>Q;218N>S;219M>S;281L>T;284T>V;296E>A
103,0.6957525425269395,0.6924724527976006,0.6080892012554344,0.8782325421923723,0.6930216857956485,3.4927886803944905,0.6243990566995409,5R>S;6E>L;18H>S;39I>L;56E>S;65D>A;66V>A;92P>V;100P>H;103E>K;125G>T;137E>T;138M>V;147E>K;148V>A;149I>V;158E>K;162S>A;163S>K;171F>I;176Y>L;178A>G;199N>T;205I>V;208L>Q;218N>S;219M>S;281L>T;284T>V;296E>A
104,0.6957525425269395,0.6925645856526016,0.6080892012554344,0.8782325421923723,0.6930216857956485,3.4927886803944905,0.6243990566995409,5R>S;6E>L;18H>S;39I>L;56E>S;65D>A;66V>A;92P>V;100P>H;103E>K;125G>T;137E>T;138M>V;147E>K;148V>A;149I>V;158E>K;162S>A;163S>K;171F>I;176Y>L;178A>G;199N>T;205I>V;208L>Q;218N>S;219M>S;281L>T;284T>V;296E>A
105,0.6957525425269395,0.6926586035843711,0.6080892012554344,0.8782325421923723,0.6930216857956485,3.4927886803944905,0.6243990566995409,5R>S;6E>L;18H>S;39I>L;56E>S;65D>A;66V>A;92P>V;100P>H;103E>K;125G>T;137E>T;138M>V;147E>K;148V>A;149I>V;158E>K;162S>A;163S>K;171F>I;176Y>L;178A>G;199N>T;205I>V;208L>Q;218N>S;219M>S;281L>T;284T>V;296E>A
106,0.6957525425269395,0.6927496046709494,0.6080892012554344,0.8782325421923723,0.6930216857956485,3.4927886803944905,0.6243990566995409,5R>S;6E>L;18H>S;39I>L;56E>S;65D>A;66V>A;92P>V;100P>H;103E>K;125G>T;137E>T;138M>V;147E>K;148V>A;149I>V;158E>K;162S>A;163S>K;171F>I;176Y>L;178A>G;199N>T;205I>V;208L>Q;218N>S;219M>S;281L>T;284T>V;296E>A
107,0.6957558476100045,0.693062591350136,0.6119892676001292,0.8847485728810761,0.699636153695618,3.4139668862024943,0.6178305738502079,5R>S;6E>L;18H>S;26M>L;39I>L;40D>T;42F>Y;56E>S;65D>A;66V>S;100P>H;103E>K;137E>T;138M>V;147E>K;148V>A;149I>V;158E>K;163S>K;171F>I;176Y>L;199N>T;208L>Q;216G>A;218N>S;219M>S;228T>K;254G>A;284T>V;296E>A
108,0.6957558476100045,0.6931420370887076,0.6119892676001292,0.8847485728810761,0.699636153695618,3.4139668862024943,0.6178305738502079,5R>S;6E>L;18H>S;26M>L;39I>L;40D>T;42F>Y;56E>S;65D>A;66V>S;100P>H;103E>K;137E>T;138M>V;147E>K;148V>A;149I>V;158E>K;163S>K;171F>I;176Y>L;199N>T;208L>Q;216G>A;218N>S;219M>S;228T>K;254G>A;284T>V;296E>A
109,0.6957558476100045,0.6931625093781745,0.6119892676001292,0.8847485728810761,0.699636153695618,3.4139668862024943,0.6178305738502079,5R>S;6E>L;18H>S;26M>L;39I>L;40D>T;42F>Y;56E>S;65D>A;66V>S;100P>H;103E>K;137E>T;138M>V;147E>K;148V>A;149I>V;158E>K;163S>K;171F>I;176Y>L;199N>T;208L>Q;216G>A;218N>S;219M>S;228T>K;254G>A;284T>V;296E>A
110,0.696000936756791,0.6933668626949218,0.6098607207278864,0.8811923060086562,0.7063399821461924,3.3886515418688457,0.6157209618224039,5R>S;6E>L;18H>S;37D>S;40D>T;56E>S;66V>A;79T>L;92P>V;100P>H;103E>K;137E>T;138M>V;147E>K;148V>A;158E>K;163S>K;176Y>L;178A>G;182A>T;199N>T;208L>Q;216G>A;218N>S;219M>S;254G>A;261T>V;284T>V;285T>A;296E>A
111,0.696000936756791,0.6934421674438195,0.6098607207278864,0.8811923060086562,0.7063399821461924,3.3886515418688457,0.6157209618224039,5R>S;6E>L;18H>S;37D>S;40D>T;56E>S;66V>A;79T>L;92P>V;100P>H;103E>K;137E>T;138M>V;147E>K;148V>A;158E>K;163S>K;176Y>L;178A>G;182A>T;199N>T;208L>Q;216G>A;218N>S;219M>S;254G>A;261T>V;284T>V;285T>A;296E>A
112,0.696000936756791,0.6934421674438195,0.6098607207278864,0.8811923060086562,0.7063399821461924,3.3886515418688457,0.6157209618224039,5R>S;6E>L;18H>S;37D>S;40D>T;56E>S;66V>A;79T>L;92P>V;100P>H;103E>K;137E>T;138M>V;147E>K;148V>A;158E>K;163S>K;176Y>L;178A>G;182A>T;199N>T;208L>Q;216G>A;218N>S;219M>S;254G>A;261T>V;284T>V;285T>A;296E>A
113,0.696000936756791,0.6935714519163291,0.6098607207278864,0.8811923060086562,0.7063399821461924,3.3886515418688457,0.6157209618224039,5R>S;6E>L;18H>S;37D>S;40D>T;56E>S;66V>A;79T>L;92P>V;100P>H;103E>K;137E>T;138M>V;147E>K;148V>A;158E>K;163S>K;176Y>L;178A>G;182A>T;199N>T;208L>Q;216G>A;218N>S;219M>S;254G>A;261T>V;284T>V;285T>A;296E>A
114,0.696000936756791,0.6936576950359644,0.6098607207278864,0.8811923060086562,0.7063399821461924,3.3886515418688457,0.6157209618224039,5R>S;6E>L;18H>S;37D>S;40D>T;56E>S;66V>A;79T>L;92P>V;100P>H;103E>K;137E>T;138M>V;147E>K;148V>A;158E>K;163S>K;176Y>L;178A>G;182A>T;199N>T;208L>Q;216G>A;218N>S;219M>S;254G>A;261T>V;284T>V;285T>A;296E>A
115,0.696000936756791,0.6936924000056376,0.6098607207278864,0.8811923060086562,0.7063399821461924,3.3886515418688457,0.6157209618224039,5R>S;6E>L;18H>S;37D>S;40D>T;56E>S;66V>A;79T>L;92P>V;100P>H;103E>K;137E>T;138M>V;147E>K;148V>A;158E>K;163S>K;176Y>L;178A>G;182A>T;199N>T;208L>Q;216G>A;218N>S;219M>S;254G>A;261T>V;284T>V;285T>A;296E>A
116,0.696000936756791,0.6937055306327642,0.6098607207278864,0.8811923060086562,0.7063399821461924,3.3886515418688457,0.6157209618224039,5R>S;6E>L;18H>S;37D>S;40D>T;56E>S;66V>A;79T>L;92P>V;100P>H;103E>K;137E>T;138M>V;147E>K;148V>A;158E>K;163S>K;176Y>L;178A>G;182A>T;199N>T;208L>Q;216G>A;218N>S;219M>S;254G>A;261T>V;284T>V;285T>A;296E>A
117,0.6992808746122504,0.6941702863972448,0.6054167948750616,0.8737676227658389,0.6969570290962761,3.5705657919247944,0.6308804826603995,5R>S;6E>L;18H>S;26M>L;37D>S;42F>Y;56E>S;66V>A;73E>T;79T>L;84D>T;92P>V;103E>K;137E>T;138M>V;147E>K;148V>A;158E>K;163S>K;176Y>L;178A>G;199N>T;208L>Q;218N>S;219M>S;266E>L;268V>T;281L>T;284T>V;296E>A
118,0.6992808746122504,0.6941702863972448,0.6054167948750616,0.8737676227658389,0.6969570290962761,3.5705657919247944,0.6308804826603995,5R>S;6E>L;18H>S;26M>L;37D>S;42F>Y;56E>S;66V>A;73E>T;79T>L;84D>T;92P>V;103E>K;137E>T;138M>V;147E>K;148V>A;158E>K;163S>K;176Y>L;178A>G;199N>T;208L>Q;218N>S;219M>S;266E>L;268V>T;281L>T;284T>V;296E>A
119,0.7005826585916588,0.6946739961826491,0.6094870180494995,0.8805679427528534,0.6901209533343972,3.6183868169784548,0.6348655680815379,5R>S;6E>L;26M>L;37D>S;39I>L;42F>Y;56E>S;65D>A;66V>A;79T>L;92P>V;100P>H;103E>K;137E>T;138M>V;147E>K;148V>A;149I>V;158E>K;163S>K;171F>I;176Y>L;178A>G;199N>T;208L>Q;218N>S;219M>S;228T>K;284T>V;296E>A
120,0.7005826585916588,0.6948229859554763,0.6094870180494995,0.8805679427528534,0.6901209533343972,3.6183868169784548,0.6348655680815379,5R>S;6E>L;26M>L;37D>S;39I>L;42F>Y;56E>S;65D>A;66V>A;79T>L;92P>V;100P>H;103E>K;137E>T;138M>V;147E>K;148V>A;149I>V;158E>K;163S>K;171F>I;176Y>L;178A>G;199N>T;208L>Q;218N>S;219M>S;228T>K;284T>V;296E>A
121,0.7005826585916588,0.6950733900596917,0.6094870180494995,0.8805679427528534,0.6901209533343972,3.6183868169784548,0.6348655680815379,5R>S;6E>L;26M>L;37D>S;39I>L;42F>Y;56E>S;65D>A;66V>A;79T>L;92P>V;100P>H;103E>K;137E>T;138M>V;147E>K;148V>A;149I>V;158E>K;163S>K;171F>I;176Y>L;178A>G;199N>T;208L>Q;218N>S;219M>S;228T>K;284T>V;296E>A
122,0.7005826585916588,0.6951921629826976,0.6094870180494995,0.8805679427528534,0.6901209533343972,3.6183868169784548,0.6348655680815379,5R>S;6E>L;26M>L;37D>S;39I>L;42F>Y;56E>S;65D>A;66V>A;79T>L;92P>V;100P>H;103E>K;137E>T;138M>V;147E>K;148V>A;149I>V;158E>K;163S>K;171F>I;176Y>L;178A>G;199N>T;208L>Q;218N>S;219M>S;228T>K;284T>V;296E>A
123,0.7005826585916588,0.695405686616953,0.6094870180494995,0.8805679427528534,0.6901209533343972,3.6183868169784548,0.6348655680815379,5R>S;6E>L;26M>L;37D>S;39I>L;42F>Y;56E>S;65D>A;66V>A;79T>L;92P>V;100P>H;103E>K;137E>T;138M>V;147E>K;148V>A;149I>V;158E>K;163S>K;171F>I;176Y>L;178A>G;199N>T;208L>Q;218N>S;219M>S;228T>K;284T>V;296E>A
124,0.7005826585916588,0.6957673473053952,0.6094870180494995,0.8805679427528534,0.6901209533343972,3.6183868169784548,0.6348655680815379,5R>S;6E>L;26M>L;37D>S;39I>L;42F>Y;56E>S;65D>A;66V>A;79T>L;92P>V;100P>H;103E>K;137E>T;138M>V;147E>K;148V>A;149I>V;158E>K;163S>K;171F>I;176Y>L;178A>G;199N>T;208L>Q;218N>S;219M>S;228T>K;284T>V;296E>A
125,0.7005826585916588,0.6960663748825937,0.6094870180494995,0.8805679427528534,0.6901209533343972,3.6183868169784548,0.6348655680815379,5R>S;6E>L;26M>L;37D>S;39I>L;42F>Y;56E>S;65D>A;66V>A;79T>L;92P>V;100P>H;103E>K;137E>T;138M>V;147E>K;148V>A;149I>V;158E>K;163S>K;171F>I;176Y>L;178A>G;199N>T;208L>Q;218N>S;219M>S;228T>K;284T>V;296E>A
126,0.7005826585916588,0.6960732785929948,0.6094870180494995,0.8805679427528534,0.6901209533343972,3.6183868169784548,0.6348655680815379,5R>S;6E>L;26M>L;37D>S;39I>L;42F>Y;56E>S;65D>A;66V>A;79T>L;92P>V;100P>H;103E>K;137E>T;138M>V;147E>K;148V>A;149I>V;158E>K;163S>K;171F>I;176Y>L;178A>G;199N>T;208L>Q;218N>S;219M>S;228T>K;284T>V;296E>A
127,0.7005826585916588,0.6963116517295961,0.6094870180494995,0.8805679427528534,0.6901209533343972,3.6183868169784548,0.6348655680815379,5R>S;6E>L;26M>L;37D>S;39I>L;42F>Y;56E>S;65D>A;66V>A;79T>L;92P>V;100P>H;103E>K;137E>T;138M>V;147E>K;148V>A;149I>V;158E>K;163S>K;171F>I;176Y>L;178A>G;199N>T;208L>Q;218N>S;219M>S;228T>K;284T>V;296E>A
128,0.7005826585916588,0.696440414669001,0.6094870180494995,0.8805679427528534,0.6901209533343972,3.6183868169784548,0.6348655680815379,5R>S;6E>L;26M>L;37D>S;39I>L;42F>Y;56E>S;65D>A;66V>A;79T>L;92P>V;100P>H;103E>K;137E>T;138M>V;147E>K;148V>A;149I>V;158E>K;163S>K;171F>I;176Y>L;178A>G;199N>T;208L>Q;218N>S;219M>S;228T>K;284T>V;296E>A
129,0.7010162361095367,0.6968041715903047,0.6119468454530067,0.8846776961348621,0.703328986460716,3.513968022664388,0.626164001888699,5R>S;6E>L;26M>L;37D>S;39I>L;40D>T;42F>Y;56E>S;65D>A;66V>A;92P>V;100P>H;103E>K;137E>T;138M>V;147E>K;148V>A;149I>V;158E>K;163S>K;171F>I;176Y>L;178A>G;199N>T;208L>Q;216G>A;218N>S;219M>S;284T>V;296E>A
130,0.7010162361095367,0.6970306387916982,0.6119468454530067,0.8846776961348621,0.703328986460716,3.513968022664388,0.626164001888699,5R>S;6E>L;26M>L;37D>S;39I>L;40D>T;42F>Y;56E>S;65D>A;66V>A;92P>V;100P>H;103E>K;137E>T;138M>V;147E>K;148V>A;149I>V;158E>K;163S>K;171F>I;176Y>L;178A>G;199N>T;208L>Q;216G>A;218N>S;219M>S;284T>V;296E>A
131,0.7010162361095367,0.6970719625247146,0.6119468454530067,0.8846776961348621,0.703328986460716,3.513968022664388,0.626164001888699,5R>S;6E>L;26M>L;37D>S;39I>L;40D>T;42F>Y;56E>S;65D>A;66V>A;92P>V;100P>H;103E>K;137E>T;138M>V;147E>K;148V>A;149I>V;158E>K;163S>K;171F>I;176Y>L;178A>G;199N>T;208L>Q;216G>A;218N>S;219M>S;284T>V;296E>A
132,0.7010162361095367,0.6970719625247146,0.6119468454530067,0.8846776961348621,0.703328986460716,3.513968022664388,0.626164001888699,5R>S;6E>L;26M>L;37D>S;39I>L;40D>T;42F>Y;56E>S;65D>A;66V>A;92P>V;100P>H;103E>K;137E>T;138M>V;147E>K;148V>A;149I>V;158E>K;163S>K;171F>I;176Y>L;178A>G;199N>T;208L>Q;216G>A;218N>S;219M>S;284T>V;296E>A
133,0.7010162361095367,0.6972360568955615,0.6119468454530067,0.8846776961348621,0.703328986460716,3.513968022664388,0.626164001888699,5R>S;6E>L;26M>L;37D>S;39I>L;40D>T;42F>Y;56E>S;65D>A;66V>A;92P>V;100P>H;103E>K;137E>T;138M>V;147E>K;148V>A;149I>V;158E>K;163S>K;171F>I;176Y>L;178A>G;199N>T;208L>Q;216G>A;218N>S;219M>S;284T>V;296E>A
134,0.7010162361095367,0.6972569562472923,0.6119468454530067,0.8846776961348621,0.703328986460716,3.513968022664388,0.626164001888699,5R>S;6E>L;26M>L;37D>S;39I>L;40D>T;42F>Y;56E>S;65D>A;66V>A;92P>V;100P>H;103E>K;137E>T;138M>V;147E>K;148V>A;149I>V;158E>K;163S>K;171F>I;176Y>L;178A>G;199N>T;208L>Q;216G>A;218N>S;219M>S;284T>V;296E>A
135,0.7010162361095367,0.6973400825200907,0.6119468454530067,0.8846776961348621,0.703328986460716,3.513968022664388,0.626164001888699,5R>S;6E>L;26M>L;37D>S;39I>L;40D>T;42F>Y;56E>S;65D>A;66V>A;92P>V;100P>H;103E>K;137E>T;138M>V;147E>K;148V>A;149I>V;158E>K;163S>K;171F>I;176Y>L;178A>G;199N>T;208L>Q;216G>A;218N>S;219M>S;284T>V;296E>A
136,0.7010162361095367,0.6975178803666952,0.6119468454530067,0.8846776961348621,0.703328986460716,3.513968022664388,0.626164001888699,5R>S;6E>L;26M>L;37D>S;39I>L;40D>T;42F>Y;56E>S;65D>A;66V>A;92P>V;100P>H;103E>K;137E>T;138M>V;147E>K;148V>A;149I>V;158E>K;163S>K;171F>I;176Y>L;178A>G;199N>T;208L>Q;216G>A;218N>S;219M>S;284T>V;296E>A
137,0.7010162361095367,0.6978341945662476,0.6119468454530067,0.8846776961348621,0.703328986460716,3.513968022664388,0.626164001888699,5R>S;6E>L;26M>L;37D>S;39I>L;40D>T;42F>Y;56E>S;65D>A;66V>A;92P>V;100P>H;103E>K;137E>T;138M>V;147E>K;148V>A;149I>V;158E>K;163S>K;171F>I;176Y>L;178A>G;199N>T;208L>Q;216G>A;218N>S;219M>S;284T>V;296E>A
138,0.7010162361095367,0.6980314946733944,0.6119468454530067,0.8846776961348621,0.703328986460716,3.513968022664388,0.626164001888699,5R>S;6E>L;26M>L;37D>S;39I>L;40D>T;42F>Y;56E>S;65D>A;66V>A;92P>V;100P>H;103E>K;137E>T;138M>V;147E>K;148V>A;149I>V;158E>K;163S>K;171F>I;176Y>L;178A>G;199N>T;208L>Q;216G>A;218N>S;219M>S;284T>V;296E>A
139,0.7010162361095367,0.6982808488773874,0.6119468454530067,0.8846776961348621,0.703328986460716,3.513968022664388,0.626164001888699,5R>S;6E>L;26M>L;37D>S;39I>L;40D>T;42F>Y;56E>S;65D>A;66V>A;92P>V;100P>H;103E>K;137E>T;138M>V;147E>K;148V>A;149I>V;158E>K;163S>K;171F>I;176Y>L;178A>G;199N>T;208L>Q;216G>A;218N>S;219M>S;284T>V;296E>A
140,0.7010162361095367,0.698344475529712,0.6119468454530067,0.8846776961348621,0.703328986460716,3.513968022664388,0.626164001888699,5R>S;6E>L;26M>L;37D>S;39I>L;40D>T;42F>Y;56E>S;65D>A;66V>A;92P>V;100P>H;103E>K;137E>T;138M>V;147E>K;148V>A;149I>V;158E>K;163S>K;171F>I;176Y>L;178A>G;199N>T;208L>Q;216G>A;218N>S;219M>S;284T>V;296E>A
141,0.7010162361095367,0.6983877538415003,0.6119468454530067,0.8846776961348621,0.703328986460716,3.513968022664388,0.626164001888699,5R>S;6E>L;26M>L;37D>S;39I>L;40D>T;42F>Y;56E>S;65D>A;66V>A;92P>V;100P>H;103E>K;137E>T;138M>V;147E>K;148V>A;149I>V;158E>K;163S>K;171F>I;176Y>L;178A>G;199N>T;208L>Q;216G>A;218N>S;219M>S;284T>V;296E>A
142,0.7010162361095367,0.6984113580069115,0.6119468454530067,0.8846776961348621,0.703328986460716,3.513968022664388,0.626164001888699,5R>S;6E>L;26M>L;37D>S;39I>L;40D>T;42F>Y;56E>S;65D>A;66V>A;92P>V;100P>H;103E>K;137E>T;138M>V;147E>K;148V>A;149I>V;158E>K;163S>K;171F>I;176Y>L;178A>G;199N>T;208L>Q;216G>A;218N>S;219M>S;284T>V;296E>A
143,0.7010162361095367,0.698558745157579,0.6119468454530067,0.8846776961348621,0.703328986460716,3.513968022664388,0.626164001888699,5R>S;6E>L;26M>L;37D>S;39I>L;40D>T;42F>Y;56E>S;65D>A;66V>A;92P>V;100P>H;103E>K;137E>T;138M>V;147E>K;148V>A;149I>V;158E>K;163S>K;171F>I;176Y>L;178A>G;199N>T;208L>Q;216G>A;218N>S;219M>S;284T>V;296E>A
144,0.7010162361095367,0.6986900661550489,0.6119468454530067,0.8846776961348621,0.703328986460716,3.513968022664388,0.626164001888699,5R>S;6E>L;26M>L;37D>S;39I>L;40D>T;42F>Y;56E>S;65D>A;66V>A;92P>V;100P>H;103E>K;137E>T;138M>V;147E>K;148V>A;149I>V;158E>K;163S>K;171F>I;176Y>L;178A>G;199N>T;208L>Q;216G>A;218N>S;219M>S;284T>V;296E>A
145,0.7010162361095367,0.6987193574687659,0.6119468454530067,0.8846776961348621,0.703328986460716,3.513968022664388,0.626164001888699,5R>S;6E>L;26M>L;37D>S;39I>L;40D>T;42F>Y;56E>S;65D>A;66V>A;92P>V;100P>H;103E>K;137E>T;138M>V;147E>K;148V>A;149I>V;158E>K;163S>K;171F>I;176Y>L;178A>G;199N>T;208L>Q;216G>A;218N>S;219M>S;284T>V;296E>A
146,0.7010162361095367,0.6988394374292602,0.6119468454530067,0.8846776961348621,0.703328986460716,3.513968022664388,0.626164001888699,5R>S;6E>L;26M>L;37D>S;39I>L;40D>T;42F>Y;56E>S;65D>A;66V>A;92P>V;100P>H;103E>K;137E>T;138M>V;147E>K;148V>A;149I>V;158E>K;163S>K;171F>I;176Y>L;178A>G;199N>T;208L>Q;216G>A;218N>S;219M>S;284T>V;296E>A
147,0.7010162361095367,0.6990164032625976,0.6119468454530067,0.8846776961348621,0.703328986460716,3.513968022664388,0.626164001888699,5R>S;6E>L;26M>L;37D>S;39I>L;40D>T;42F>Y;56E>S;65D>A;66V>A;92P>V;100P>H;103E>K;137E>T;138M>V;147E>K;148V>A;149I>V;158E>K;163S>K;171F>I;176Y>L;178A>G;199N>T;208L>Q;216G>A;218N>S;219M>S;284T>V;296E>A
148,0.7041240140766745,0.6996639226838384,0.6096405775198989,0.8808245020349857,0.701290021402804,3.621730573972066,0.6351442144976721,5R>S;6E>L;18H>S;26M>L;37D>S;39I>L;40D>T;42F>Y;56E>S;65D>A;66V>A;92P>V;100P>H;103E>K;137E>T;138M>V;147E>K;148V>A;158E>K;163S>K;171F>V;176Y>L;178A>G;199N>T;208L>Q;216G>A;218N>S;219M>S;228T>K;296E>A
149,0.7041240140766745,0.6998181431537775,0.6096405775198989,0.8808245020349857,0.701290021402804,3.621730573972066,0.6351442144976721,5R>S;6E>L;18H>S;26M>L;37D>S;39I>L;40D>T;42F>Y;56E>S;65D>A;66V>A;92P>V;100P>H;103E>K;137E>T;138M>V;147E>K;148V>A;158E>K;163S>K;171F>V;176Y>L;178A>G;199N>T;208L>Q;216G>A;218N>S;219M>S;228T>K;296E>A
150,0.7041240140766745,0.7000578767200254,0.6096405775198989,0.8808245020349857,0.701290021402804,3.621730573972066,0.6351442144976721,5R>S;6E>L;18H>S;26M>L;37D>S;39I>L;40D>T;42F>Y;56E>S;65D>A;66V>A;92P>V;100P>H;103E>K;137E>T;138M>V;147E>K;148V>A;158E>K;163S>K;171F>V;176Y>L;178A>G;199N>T;208L>Q;216G>A;218N>S;219M>S;228T>K;296E>A
151,0.7041240140766745,0.7002896282694472,0.6096405775198989,0.8808245020349857,0.701290021402804,3.621730573972066,0.6351442144976721,5R>S;6E>L;18H>S;26M>L;37D>S;39I>L;40D>T;42F>Y;56E>S;65D>A;66V>A;92P>V;100P>H;103E>K;137E>T;138M>V;147E>K;148V>A;158E>K;163S>K;171F>V;176Y>L;178A>G;199N>T;208L>Q;216G>A;218N>S;219M>S;228T>K;296E>A
152,0.7041240140766745,0.7004132054014548,0.6096405775198989,0.8808245020349857,0.701290021402804,3.621730573972066,0.6351442144976721,5R>S;6E>L;18H>S;26M>L;37D>S;39I>L;40D>T;42F>Y;56E>S;65D>A;66V>A;92P>V;100P>H;103E>K;137E>T;138M>V;147E>K;148V>A;158E>K;163S>K;171F>V;176Y>L;178A>G;199N>T;208L>Q;216G>A;218N>S;219M>S;228T>K;296E>A
153,0.7041240140766745,0.7004376990696625,0.6096405775198989,0.8808245020349857,0.701290021402804,3.621730573972066,0.6351442144976721,5R>S;6E>L;18H>S;26M>L;37D>S;39I>L;40D>T;42F>Y;56E>S;65D>A;66V>A;92P>V;100P>H;103E>K;137E>T;138M>V;147E>K;148V>A;158E>K;163S>K;171F>V;176Y>L;178A>G;199N>T;208L>Q;216G>A;218N>S;219M>S;228T>K;296E>A
154,0.7046454725357933,0.7008285176680593,0.608367537106001,0.8786975714466889,0.7018120404016066,3.6406963070233664,0.6367246922519473,5R>S;6E>L;18H>S;26M>L;39I>L;40D>T;56E>S;66V>A;84D>T;92P>V;100P>H;103E>K;137E>T;138M>V;147E>K;148V>A;149I>V;158E>K;163S>K;171F>V;176Y>L;178A>G;199N>T;208L>Q;219M>S;228T>K;281L>T;284T>V;285T>D;296E>A
155,0.7046454725357933,0.7009788995035255,0.608367537106001,0.8786975714466889,0.7018120404016066,3.6406963070233664,0.6367246922519473,5R>S;6E>L;18H>S;26M>L;39I>L;40D>T;56E>S;66V>A;84D>T;92P>V;100P>H;103E>K;137E>T;138M>V;147E>K;148V>A;149I>V;158E>K;163S>K;171F>V;176Y>L;178A>G;199N>T;208L>Q;219M>S;228T>K;281L>T;284T>V;285T>D;296E>A
156,0.7046454725357933,0.701036318420577,0.608367537106001,0.8786975714466889,0.7018120404016066,3.6406963070233664,0.6367246922519473,5R>S;6E>L;18H>S;26M>L;39I>L;40D>T;56E>S;66V>A;84D>T;92P>V;100P>H;103E>K;137E>T;138M>V;147E>K;148V>A;149I>V;158E>K;163S>K;171F>V;176Y>L;178A>G;199N>T;208L>Q;219M>S;228T>K;281L>T;284T>V;285T>D;296E>A
157,0.7046454725357933,0.7012632342653481,0.608367537106001,0.8786975714466889,0.7018120404016066,3.6406963070233664,0.6367246922519473,5R>S;6E>L;18H>S;26M>L;39I>L;40D>T;56E>S;66V>A;84D>T;92P>V;100P>H;103E>K;137E>T;138M>V;147E>K;148V>A;149I>V;158E>K;163S>K;171F>V;176Y>L;178A>G;199N>T;208L>Q;219M>S;228T>K;281L>T;284T>V;285T>D;296E>A
158,0.7046454725357933,0.7018148513689071,0.608367537106001,0.8786975714466889,0.7018120404016066,3.6406963070233664,0.6367246922519473,5R>S;6E>L;18H>S;26M>L;39I>L;40D>T;56E>S;66V>A;84D>T;92P>V;100P>H;103E>K;137E>T;138M>V;147E>K;148V>A;149I>V;158E>K;163S>K;171F>V;176Y>L;178A>G;199N>T;208L>Q;219M>S;228T>K;281L>T;284T>V;285T>D;296E>A
159,0.7046454725357933,0.7021312160025388,0.608367537106001,0.8786975714466889,0.7018120404016066,3.6406963070233664,0.6367246922519473,5R>S;6E>L;18H>S;26M>L;39I>L;40D>T;56E>S;66V>A;84D>T;92P>V;100P>H;103E>K;137E>T;138M>V;147E>K;148V>A;149I>V;158E>K;163S>K;171F>V;176Y>L;178A>G;199N>T;208L>Q;219M>S;228T>K;281L>T;284T>V;285T>D;296E>A
160,0.7046454725357933,0.7023217649394965,0.608367537106001,0.8786975714466889,0.7018120404016066,3.6406963070233664,0.6367246922519473,5R>S;6E>L;18H>S;26M>L;39I>L;40D>T;56E>S;66V>A;84D>T;92P>V;100P>H;103E>K;137E>T;138M>V;147E>K;148V>A;149I>V;158E>K;163S>K;171F>V;176Y>L;178A>G;199N>T;208L>Q;219M>S;228T>K;281L>T;284T>V;285T>D;296E>A
161,0.7046454725357933,0.7023749478509499,0.608367537106001,0.8786975714466889,0.7018120404016066,3.6406963070233664,0.6367246922519473,5R>S;6E>L;18H>S;26M>L;39I>L;40D>T;56E>S;66V>A;84D>T;92P>V;100P>H;103E>K;137E>T;138M>V;147E>K;148V>A;149I>V;158E>K;163S>K;171F>V;176Y>L;178A>G;199N>T;208L>Q;219M>S;228T>K;281L>T;284T>V;285T>D;296E>A
162,0.7046454725357933,0.7024024396264146,0.608367537106001,0.8786975714466889,0.7018120404016066,3.6406963070233664,0.6367246922519473,5R>S;6E>L;18H>S;26M>L;39I>L;40D>T;56E>S;66V>A;84D>T;92P>V;100P>H;103E>K;137E>T;138M>V;147E>K;148V>A;149I>V;158E>K;163S>K;171F>V;176Y>L;178A>G;199N>T;208L>Q;219M>S;228T>K;281L>T;284T>V;285T>D;296E>A
163,0.7046454725357933,0.7024493592391298,0.608367537106001,0.8786975714466889,0.7018120404016066,3.6406963070233664,0.6367246922519473,5R>S;6E>L;18H>S;26M>L;39I>L;40D>T;56E>S;66V>A;84D>T;92P>V;100P>H;103E>K;137E>T;138M>V;147E>K;148V>A;149I>V;158E>K;163S>K;171F>V;176Y>L;178A>G;199N>T;208L>Q;219M>S;228T>K;281L>T;284T>V;285T>D;296E>A
164,0.7046454725357933,0.7025912352958003,0.608367537106001,0.8786975714466889,0.7018120404016066,3.6406963070233664,0.6367246922519473,5R>S;6E>L;18H>S;26M>L;39I>L;40D>T;56E>S;66V>A;84D>T;92P>V;100P>H;103E>K;137E>T;138M>V;147E>K;148V>A;149I>V;158E>K;163S>K;171F>V;176Y>L;178A>G;199N>T;208L>Q;219M>S;228T>K;281L>T;284T>V;285T>D;296E>A
165,0.7046454725357933,0.70265331225475,0.608367537106001,0.8786975714466889,0.7018120404016066,3.6406963070233664,0.6367246922519473,5R>S;6E>L;18H>S;26M>L;39I>L;40D>T;56E>S;66V>A;84D>T;92P>V;100P>H;103E>K;137E>T;138M>V;147E>K;148V>A;149I>V;158E>K;163S>K;171F>V;176Y>L;178A>G;199N>T;208L>Q;219M>S;228T>K;281L>T;284T>V;285T>D;296E>A
166,0.7046454725357933,0.7026865907286537,0.608367537106001,0.8786975714466889,0.7018120404016066,3.6406963070233664,0.6367246922519473,5R>S;6E>L;18H>S;26M>L;39I>L;40D>T;56E>S;66V>A;84D>T;92P>V;100P>H;103E>K;137E>T;138M>V;147E>K;148V>A;149I>V;158E>K;163S>K;171F>V;176Y>L;178A>G;199N>T;208L>Q;219M>S;228T>K;281L>T;284T>V;285T>D;296E>A
167,0.7049749537507146,0.7029000262678835,0.6074127242679265,0.8771023191599361,0.694138404952747,3.7115112423896788,0.6426259368658066,5R>S;6E>L;18H>S;26M>L;37D>S;39I>L;42F>Y;56E>S;65D>A;66V>A;92P>V;103E>K;137E>T;138M>V;147E>K;148V>A;158E>K;163S>K;171F>V;176Y>L;178A>G;199N>T;208L>Q;218N>S;219M>S;228T>K;281L>T;284T>V;285T>A;296E>A
168,0.7049749537507146,0.7030015472626906,0.6074127242679265,0.8771023191599361,0.694138404952747,3.7115112423896788,0.6426259368658066,5R>S;6E>L;18H>S;26M>L;37D>S;39I>L;42F>Y;56E>S;65D>A;66V>A;92P>V;103E>K;137E>T;138M>V;147E>K;148V>A;158E>K;163S>K;171F>V;176Y>L;178A>G;199N>T;208L>Q;218N>S;219M>S;228T>K;281L>T;284T>V;285T>A;296E>A
169,0.7049749537507146,0.7030015472626906,0.6074127242679265,0.8771023191599361,0.694138404952747,3.7115112423896788,0.6426259368658066,5R>S;6E>L;18H>S;26M>L;37D>S;39I>L;42F>Y;56E>S;65D>A;66V>A;92P>V;103E>K;137E>T;138M>V;147E>K;148V>A;158E>K;163S>K;171F>V;176Y>L;178A>G;199N>T;208L>Q;218N>S;219M>S;228T>K;281L>T;284T>V;285T>A;296E>A
170,0.7049749537507146,0.703162199574127,0.6074127242679265,0.8771023191599361,0.694138404952747,3.7115112423896788,0.6426259368658066,5R>S;6E>L;18H>S;26M>L;37D>S;39I>L;42F>Y;56E>S;65D>A;66V>A;92P>V;103E>K;137E>T;138M>V;147E>K;148V>A;158E>K;163S>K;171F>V;176Y>L;178A>G;199N>T;208L>Q;218N>S;219M>S;228T>K;281L>T;284T>V;285T>A;296E>A
171,0.7049749537507146,0.7031964922744351,0.6074127242679265,0.8771023191599361,0.694138404952747,3.7115112423896788,0.6426259368658066,5R>S;6E>L;18H>S;26M>L;37D>S;39I>L;42F>Y;56E>S;65D>A;66V>A;92P>V;103E>K;137E>T;138M>V;147E>K;148V>A;158E>K;163S>K;171F>V;176Y>L;178A>G;199N>T;208L>Q;218N>S;219M>S;228T>K;281L>T;284T>V;285T>A;296E>A
172,0.7049749537507146,0.7034023171939862,0.6074127242679265,0.8771023191599361,0.694138404952747,3.7115112423896788,0.6426259368658066,5R>S;6E>L;18H>S;26M>L;37D>S;39I>L;42F>Y;56E>S;65D>A;66V>A;92P>V;103E>K;137E>T;138M>V;147E>K;148V>A;158E>K;163S>K;171F>V;176Y>L;178A>G;199N>T;208L>Q;218N>S;219M>S;228T>K;281L>T;284T>V;285T>A;296E>A
173,0.7070538217117107,0.7036553457637275,0.6065973566573296,0.8757400448026161,0.7038753062407185,3.6978373010953267,0.6414864417579439,5R>S;6E>L;18H>S;26M>L;39I>L;40D>T;56E>S;65D>A;66V>A;84D>T;92P>V;100P>H;103E>K;137E>T;138M>V;147E>K;148V>A;149I>V;158E>K;163S>K;176Y>L;178A>G;199N>T;208L>Q;218N>T;219M>S;228T>K;281L>T;284T>V;296E>A
174,0.7070538217117107,0.7039411156450972,0.6065973566573296,0.8757400448026161,0.7038753062407185,3.6978373010953267,0.6414864417579439,5R>S;6E>L;18H>S;26M>L;39I>L;40D>T;56E>S;65D>A;66V>A;84D>T;92P>V;100P>H;103E>K;137E>T;138M>V;147E>K;148V>A;149I>V;158E>K;163S>K;176Y>L;178A>G;199N>T;208L>Q;218N>T;219M>S;228T>K;281L>T;284T>V;296E>A
175,0.7070538217117107,0.7039429148962201,0.6065973566573296,0.8757400448026161,0.7038753062407185,3.6978373010953267,0.6414864417579439,5R>S;6E>L;18H>S;26M>L;39I>L;40D>T;56E>S;65D>A;66V>A;84D>T;92P>V;100P>H;103E>K;137E>T;138M>V;147E>K;148V>A;149I>V;158E>K;163S>K;176Y>L;178A>G;199N>T;208L>Q;218N>T;219M>S;228T>K;281L>T;284T>V;296E>A
176,0.7070538217117107,0.704119146918305,0.6065973566573296,0.8757400448026161,0.7038753062407185,3.6978373010953267,0.6414864417579439,5R>S;6E>L;18H>S;26M>L;39I>L;40D>T;56E>S;65D>A;66V>A;84D>T;92P>V;100P>H;103E>K;137E>T;138M>V;147E>K;148V>A;149I>V;158E>K;163S>K;176Y>L;178A>G;199N>T;208L>Q;218N>T;219M>S;228T>K;281L>T;284T>V;296E>A
177,0.7070538217117107,0.7042575987956996,0.6065973566573296,0.8757400448026161,0.7038753062407185,3.6978373010953267,0.6414864417579439,5R>S;6E>L;18H>S;26M>L;39I>L;40D>T;56E>S;65D>A;66V>A;84D>T;92P>V;100P>H;103E>K;137E>T;138M>V;147E>K;148V>A;149I>V;158E>K;163S>K;176Y>L;178A>G;199N>T;208L>Q;218N>T;219M>S;228T>K;281L>T;284T>V;296E>A
178,0.7070538217117107,0.7044414482359838,0.6065973566573296,0.8757400448026161,0.7038753062407185,3.6978373010953267,0.6414864417579439,5R>S;6E>L;18H>S;26M>L;39I>L;40D>T;56E>S;65D>A;66V>A;84D>T;92P>V;100P>H;103E>K;137E>T;138M>V;147E>K;148V>A;149I>V;158E>K;163S>K;176Y>L;178A>G;199N>T;208L>Q;218N>T;219M>S;228T>K;281L>T;284T>V;296E>A
179,0.7070538217117107,0.7045308061150072,0.6065973566573296,0.8757400448026161,0.7038753062407185,3.6978373010953267,0.6414864417579439,5R>S;6E>L;18H>S;26M>L;39I>L;40D>T;56E>S;65D>A;66V>A;84D>T;92P>V;100P>H;103E>K;137E>T;138M>V;147E>K;148V>A;149I>V;158E>K;163S>K;176Y>L;178A>G;199N>T;208L>Q;218N>T;219M>S;228T>K;281L>T;284T>V;296E>A
180,0.707772260764873,0.7048781654420767,0.6060449352243069,0.8748170874238089,0.6951779597067207,3.7821309288342793,0.6485109107361899,5R>S;6E>L;18H>S;37D>S;39I>L;42F>Y;56E>S;65D>A;66V>A;84D>T;92P>V;100P>H;103E>K;137E>T;138M>V;147E>K;149I>V;158E>K;163S>K;171F>V;176Y>L;178A>G;199N>T;208L>Q;218N>T;219M>S;281L>T;284T>V;285T>A;296E>A
181,0.707772260764873,0.7049786415563947,0.6060449352243069,0.8748170874238089,0.6951779597067207,3.7821309288342793,0.6485109107361899,5R>S;6E>L;18H>S;37D>S;39I>L;42F>Y;56E>S;65D>A;66V>A;84D>T;92P>V;100P>H;103E>K;137E>T;138M>V;147E>K;149I>V;158E>K;163S>K;171F>V;176Y>L;178A>G;199N>T;208L>Q;218N>T;219M>S;281L>T;284T>V;285T>A;296E>A
182,0.707772260764873,0.7050403190378085,0.6060449352243069,0.8748170874238089,0.6951779597067207,3.7821309288342793,0.6485109107361899,5R>S;6E>L;18H>S;37D>S;39I>L;42F>Y;56E>S;65D>A;66V>A;84D>T;92P>V;100P>H;103E>K;137E>T;138M>V;147E>K;149I>V;158E>K;163S>K;171F>V;176Y>L;178A>G;199N>T;208L>Q;218N>T;219M>S;281L>T;284T>V;285T>A;296E>A
183,0.707772260764873,0.7052210809002517,0.6060449352243069,0.8748170874238089,0.6951779597067207,3.7821309288342793,0.6485109107361899,5R>S;6E>L;18H>S;37D>S;39I>L;42F>Y;56E>S;65D>A;66V>A;84D>T;92P>V;100P>H;103E>K;137E>T;138M>V;147E>K;149I>V;158E>K;163S>K;171F>V;176Y>L;178A>G;199N>T;208L>Q;218N>T;219M>S;281L>T;284T>V;285T>A;296E>A
184,0.707772260764873,0.7054789834459807,0.6060449352243069,0.8748170874238089,0.6951779597067207,3.7821309288342793,0.6485109107361899,5R>S;6E>L;18H>S;37D>S;39I>L;42F>Y;56E>S;65D>A;66V>A;84D>T;92P>V;100P>H;103E>K;137E>T;138M>V;147E>K;149I>V;158E>K;163S>K;171F>V;176Y>L;178A>G;199N>T;208L>Q;218N>T;219M>S;281L>T;284T>V;285T>A;296E>A
185,0.707772260764873,0.7058074352517371,0.6060449352243069,0.8748170874238089,0.6951779597067207,3.7821309288342793,0.6485109107361899,5R>S;6E>L;18H>S;37D>S;39I>L;42F>Y;56E>S;65D>A;66V>A;84D>T;92P>V;100P>H;103E>K;137E>T;138M>V;147E>K;149I>V;158E>K;163S>K;171F>V;176Y>L;178A>G;199N>T;208L>Q;218N>T;219M>S;281L>T;284T>V;285T>A;296E>A
186,0.707772260764873,0.7060500276023326,0.6060449352243069,0.8748170874238089,0.6951779597067207,3.7821309288342793,0.6485109107361899,5R>S;6E>L;18H>S;37D>S;39I>L;42F>Y;56E>S;65D>A;66V>A;84D>T;92P>V;100P>H;103E>K;137E>T;138M>V;147E>K;149I>V;158E>K;163S>K;171F>V;176Y>L;178A>G;199N>T;208L>Q;218N>T;219M>S;281L>T;284T>V;285T>A;296E>A
187,0.707772260764873,0.706206853911834,0.6060449352243069,0.8748170874238089,0.6951779597067207,3.7821309288342793,0.6485109107361899,5R>S;6E>L;18H>S;37D>S;39I>L;42F>Y;56E>S;65D>A;66V>A;84D>T;92P>V;100P>H;103E>K;137E>T;138M>V;147E>K;149I>V;158E>K;163S>K;171F>V;176Y>L;178A>G;199N>T;208L>Q;218N>T;219M>S;281L>T;284T>V;285T>A;296E>A
188,0.7088040589386483,0.7065317940046285,0.6073165463921119,0.8769416301010858,0.6922240168019016,3.817964669068654,0.6514970557557213,5R>S;6E>L;18H>S;26M>L;37D>S;39I>L;42F>Y;56E>S;65D>A;66V>A;92P>V;100P>H;103E>K;137E>T;138M>V;147E>K;149I>V;158E>K;163S>K;171F>V;176Y>L;178A>G;199N>T;208L>Q;218N>T;219M>S;281L>T;284T>V;285T>A;296E>A
189,0.7088040589386483,0.7066220370526766,0.6073165463921119,0.8769416301010858,0.6922240168019016,3.817964669068654,0.6514970557557213,5R>S;6E>L;18H>S;26M>L;37D>S;39I>L;42F>Y;56E>S;65D>A;66V>A;92P>V;100P>H;103E>K;137E>T;138M>V;147E>K;149I>V;158E>K;163S>K;171F>V;176Y>L;178A>G;199N>T;208L>Q;218N>T;219M>S;281L>T;284T>V;285T>A;296E>A
190,0.7088040589386483,0.7067733743777064,0.6073165463921119,0.8769416301010858,0.6922240168019016,3.817964669068654,0.6514970557557213,5R>S;6E>L;18H>S;26M>L;37D>S;39I>L;42F>Y;56E>S;65D>A;66V>A;92P>V;100P>H;103E>K;137E>T;138M>V;147E>K;149I>V;158E>K;163S>K;171F>V;176Y>L;178A>G;199N>T;208L>Q;218N>T;219M>S;281L>T;284T>V;285T>A;296E>A
191,0.7094342321053868,0.7069511087978415,0.6014672781483037,0.8671689729166867,0.699031815432119,3.830981429417928,0.6525817857848274,5R>S;6E>L;18H>S;26M>L;37D>S;39I>L;56E>S;65D>A;66V>S;84D>T;92P>V;100P>H;103E>K;137E>T;138M>V;147E>K;158E>K;163S>K;171F>V;176Y>L;178A>G;199N>T;208L>Q;216G>A;218N>T;219M>S;281L>T;284T>V;285T>A;296E>A
192,0.7094342321053868,0.7070175852585243,0.6014672781483037,0.8671689729166867,0.699031815432119,3.830981429417928,0.6525817857848274,5R>S;6E>L;18H>S;26M>L;37D>S;39I>L;56E>S;65D>A;66V>S;84D>T;92P>V;100P>H;103E>K;137E>T;138M>V;147E>K;158E>K;163S>K;171F>V;176Y>L;178A>G;199N>T;208L>Q;216G>A;218N>T;219M>S;281L>T;284T>V;285T>A;296E>A
193,0.7094342321053868,0.7071998689467659,0.6014672781483037,0.8671689729166867,0.699031815432119,3.830981429417928,0.6525817857848274,5R>S;6E>L;18H>S;26M>L;37D>S;39I>L;56E>S;65D>A;66V>S;84D>T;92P>V;100P>H;103E>K;137E>T;138M>V;147E>K;158E>K;163S>K;171F>V;176Y>L;178A>G;199N>T;208L>Q;216G>A;218N>T;219M>S;281L>T;284T>V;285T>A;296E>A
194,0.7094342321053868,0.7074175123398447,0.6014672781483037,0.8671689729166867,0.699031815432119,3.830981429417928,0.6525817857848274,5R>S;6E>L;18H>S;26M>L;37D>S;39I>L;56E>S;65D>A;66V>S;84D>T;92P>V;100P>H;103E>K;137E>T;138M>V;147E>K;158E>K;163S>K;171F>V;176Y>L;178A>G;199N>T;208L>Q;216G>A;218N>T;219M>S;281L>T;284T>V;285T>A;296E>A
195,0.7094946453252626,0.7077801183878792,0.6046279300766754,0.8724496279469777,0.6966299750463378,3.824377453327179,0.6520314544439315,5R>S;6E>L;18H>S;26M>L;37D>S;39I>L;42F>Y;56E>S;65D>A;66V>A;84D>T;92P>V;100P>H;103E>K;137E>T;138M>V;147E>K;158E>K;163S>K;171F>V;176Y>L;178A>G;199N>T;208L>Q;218N>T;219M>S;281L>T;284T>V;285T>A;296E>A
196,0.7094946453252626,0.7078571395147011,0.6046279300766754,0.8724496279469777,0.6966299750463378,3.824377453327179,0.6520314544439315,5R>S;6E>L;18H>S;26M>L;37D>S;39I>L;42F>Y;56E>S;65D>A;66V>A;84D>T;92P>V;100P>H;103E>K;137E>T;138M>V;147E>K;158E>K;163S>K;171F>V;176Y>L;178A>G;199N>T;208L>Q;218N>T;219M>S;281L>T;284T>V;285T>A;296E>A
197,0.7094946453252626,0.7079042682062557,0.6046279300766754,0.8724496279469777,0.6966299750463378,3.824377453327179,0.6520314544439315,5R>S;6E>L;18H>S;26M>L;37D>S;39I>L;42F>Y;56E>S;65D>A;66V>A;84D>T;92P>V;100P>H;103E>K;137E>T;138M>V;147E>K;158E>K;163S>K;171F>V;176Y>L;178A>G;199N>T;208L>Q;218N>T;219M>S;281L>T;284T>V;285T>A;296E>A
198,0.7094946453252626,0.707963062195719,0.6046279300766754,0.8724496279469777,0.6966299750463378,3.824377453327179,0.6520314544439315,5R>S;6E>L;18H>S;26M>L;37D>S;39I>L;42F>Y;56E>S;65D>A;66V>A;84D>T;92P>V;100P>H;103E>K;137E>T;138M>V;147E>K;158E>K;163S>K;171F>V;176Y>L;178A>G;199N>T;208L>Q;218N>T;219M>S;281L>T;284T>V;285T>A;296E>A
199,0.7097759911190142,0.7081363011531642,0.6029466053399546,0.8696405568661607,0.6954219378748009,3.8533111612002053,0.6544425967666837,5R>S;6E>L;18H>S;26M>L;37D>S;39I>L;56E>S;65D>A;66V>S;84D>T;92P>V;100P>H;103E>K;137E>T;138M>V;147E>K;158E>K;163S>K;171F>V;176Y>L;178A>G;199N>T;205I>V;208L>Q;218N>T;219M>S;281L>T;284T>V;285T>A;296E>A
