Generation,Seed,Elite_Fitness,Best_Fitness,Mean_Fitness,Best_Proxy_MPNN,Best_Proxy_MPNN_norm,Best_ESM,Best_ESM_norm,Best_ThermoMPNN_ddG,Best_ThermoMPNN_norm,ESM_cache
0,42,0.46581330008345184,0.48260447936732676,0.42566403701139144,0.5302221582546497,0.7481362830551597,-0.3381347477436066,0.30515543768803277,0.5218793153762817,0.6013316797075948,300
1,42,0.47939726378147896,0.4922583027623372,0.4498811762224551,0.5267720583833961,0.742372033257009,-0.08024903138478597,0.3266459140512678,0.5205677489439646,0.6015364636176715,570
2,42,0.4917848787203811,0.5031743747526235,0.4664683221900382,0.5535469411941418,0.7871061333111252,-0.20995939175287884,0.31583671735392677,0.363144987821579,0.6261159647114503,838
3,42,0.5104922767185059,0.5313017068401678,0.48051033197413556,0.5511654490815908,0.7831272585129061,0.21701459089914957,0.3514178825749292,0.12547909319400785,0.6632243795004065,1107
4,42,0.522386683494659,0.5357341518169972,0.4953232542322828,0.558249540299552,0.7949629945486798,0.539855961004893,0.3783213300837411,0.36856547792752586,0.6252696262179691,1376
5,42,0.534704637069952,0.5530581457243811,0.5084060664716586,0.5724880655337997,0.8187519917575217,0.7028767963250478,0.39190639969375396,0.24530484676361083,0.644515158419999,1645
6,42,0.544549840535735,0.5537784969487434,0.5212169054318793,0.5754286098450562,0.8236649022775452,0.6459208289782207,0.3871600690815184,0.20023895700772604,0.6515516065082505,1913
7,42,0.5554773743982596,0.5805511730336778,0.5316809065287845,0.5795555707964094,0.830560016830322,1.1001871506373087,0.4250155958864424,0.06220005253950755,0.6731045724146406,2183
8,42,0.5645552476536154,0.5925265127512717,0.5393561833033105,0.5918984002047689,0.8511817827445632,1.1987569053967795,0.43322974211639825,-0.017727958162625623,0.6855842838138664,2453
9,42,0.575664770736288,0.5925265127512717,0.5507364403806967,0.5918984002047689,0.8511817827445632,1.1987569053967795,0.43322974211639825,-0.017727958162625623,0.6855842838138664,2723
10,42,0.5837981867911561,0.6020508860181052,0.5586839773613803,0.5868965867258222,0.8428250094880458,1.6198364039262136,0.46831970032718445,0.11782085398832957,0.6644201131896793,2990
11,42,0.5904298360684089,0.6052963856649266,0.5658788665668479,0.5946699841876374,0.855812403019333,1.4815836548805237,0.4567986379067103,-0.018993961811065694,0.6857819536923494,3258
12,42,0.596948789813425,0.615574454385585,0.5725881736988541,0.5981673925895591,0.8616556934825459,1.690234398841858,0.47418619990348815,-0.02786715030670166,0.6871673857911059,3528
13,42,0.6020793184077385,0.615574454385585,0.5781671494019819,0.5981673925895591,0.8616556934825459,1.690234398841858,0.47418619990348815,-0.02786715030670166,0.6871673857911059,3796
14,42,0.6057111285270226,0.6197717961838589,0.5821551388231124,0.5932156092330473,0.8533825079869364,1.931421939531962,0.4942851616276635,0.061744425694147745,0.6731757125754662,4063
15,42,0.6113566318740997,0.6217865872329613,0.5853244161450474,0.6006273236250214,0.8657656200075065,1.7933532893657684,0.4827794407804807,-0.051212627689043694,0.690812476137399,4333
16,42,0.6161032645071834,0.6243256417791161,0.5913489105381766,0.5905449781087798,0.8489205545671936,2.0936869303385417,0.5078072441948785,0.0898139178752899,0.6687930292274604,4601
17,42,0.6188444935642193,0.6243256417791161,0.5953593904484196,0.5905449781087798,0.8489205545671936,2.0936869303385417,0.5078072441948785,0.0898139178752899,0.6687930292274604,4870
18,42,0.6215587163422167,0.6283278363795746,0.5984227021703136,0.6002949784012725,0.8652103546643574,2.0222178141276044,0.5018514845106337,0.01035128931204478,0.6812000773046207,5140
19,42,0.6241525956003874,0.6336476564003299,0.6024649867070123,0.592919607979369,0.8528879642837284,2.240618904431661,0.5200515753693051,0.038440899054209374,0.6768142528631057,5408
20,42,0.626290058781412,0.6362492014712273,0.6049289586967933,0.6086973278472618,0.8792485688915987,2.1845744073390962,0.5153812006115913,0.045601036151250204,0.675696291290373,5676
21,42,0.6294904869349303,0.6362492014712273,0.6087115289146262,0.6086973278472618,0.8792485688915987,2.1845744073390962,0.5153812006115913,0.045601036151250204,0.675696291290373,5945
22,42,0.6318652532645392,0.6423379371024323,0.6092014613417631,0.6078119308712443,0.8777692930645956,2.3188222289085387,0.5265685190757116,0.028715606530507407,0.6783327298388577,6215
23,42,0.635109460756703,0.6423379371024323,0.6133045926792889,0.6078119308712443,0.8777692930645956,2.3188222289085387,0.5265685190757116,0.028715606530507407,0.6783327298388577,6484
24,42,0.6371104605271588,0.643320796683193,0.6143792371486977,0.6053804728799724,0.8737069378405689,2.3533121585845946,0.5294426798820496,0.0210673987865448,0.679526897246848,6753
25,42,0.6386371856774823,0.643415243359508,0.6163622376825649,0.6094463373514178,0.8804999755303219,2.195056168238322,0.5162546806865268,-0.09271819392840068,0.6972930263672675,7023
26,42,0.6402701211929295,0.6506755133606243,0.6190493544373677,0.6089405399768864,0.8796549152355921,2.5647033572196962,0.5470586131016414,0.07748894294102987,0.6707174125422841,7288
27,42,0.641644762392127,0.6506755133606243,0.6200672780432829,0.6089405399768864,0.8796549152355921,2.5647033572196962,0.5470586131016414,0.07748894294102987,0.6707174125422841,7557
28,42,0.642891116622495,0.6506755133606243,0.6218535001405601,0.6089405399768864,0.8796549152355921,2.5647033572196962,0.5470586131016414,0.07748894294102987,0.6707174125422841,7826
29,42,0.6450646449869682,0.6549918402111221,0.623745121553862,0.6052090175334519,0.8734204790470691,2.628789271910985,0.5523991059925821,0.01572759250799815,0.6803606380180576,8096
30,42,0.6467247606245522,0.6570088790372378,0.6242639689611247,0.603725581553172,0.870942030344426,2.648193359375,0.55401611328125,-0.020655542612075813,0.6860413877590922,8365
31,42,0.649131760549927,0.6570088790372378,0.6258835361284483,0.603725581553172,0.870942030344426,2.648193359375,0.55401611328125,-0.020655542612075813,0.6860413877590922,8635
32,42,0.6498524864191635,0.6570088790372378,0.6264125738328514,0.603725581553172,0.870942030344426,2.648193359375,0.55401611328125,-0.020655542612075813,0.6860413877590922,8904
33,42,0.6512977819420904,0.6589979588963653,0.6292942281943322,0.608198282472679,0.8784147894918559,2.622839371363322,0.5519032809469434,-0.05376632014910381,0.6912112017484081,9173
34,42,0.6532135543310651,0.6632048413539814,0.6327904927800555,0.6128005344129189,0.886103995835882,2.6683054665724435,0.5556921222143703,-0.0703035295009613,0.6937932702653996,9442
35,42,0.6550439871471417,0.6633775454470657,0.6333121613304384,0.6105255343900559,0.8823030425557045,2.7206743896007537,0.5600561991333962,-0.043635826309521994,0.6896294578974225,9711
36,42,0.6562248319117757,0.663898507990353,0.6346153229823018,0.6088554597552737,0.8795127675678265,2.803039562702179,0.5669199635585149,0.006594980756441751,0.681786575658434,9977
37,42,0.6580442660089466,0.6661732031890377,0.6358545272801119,0.6098431393164396,0.8811629318887276,2.737951656182607,0.5614959713485507,-0.09281902909278868,0.6973087704567226,10246
38,42,0.6598955216051231,0.6661732031890377,0.6380205335658352,0.6098431393164396,0.8811629318887276,2.737951656182607,0.5614959713485507,-0.09281902909278868,0.6973087704567226,10515
39,42,0.6616315366762723,0.6661732031890377,0.6393646268593876,0.6098431393164396,0.8811629318887276,2.737951656182607,0.5614959713485507,-0.09281902909278868,0.6973087704567226,10782
40,42,0.6626501874906195,0.6719903501192317,0.6406181546066876,0.6045162086336128,0.8722629694936996,2.949316390355428,0.5791096991962856,-0.06699287792046865,0.6932763554078298,11051
41,42,0.6643690434798625,0.6719903501192317,0.6421672663205384,0.6045162086336128,0.8722629694936996,2.949316390355428,0.5791096991962856,-0.06699287792046865,0.6932763554078298,11319
42,42,0.6656384413247591,0.6719903501192317,0.642197452121109,0.6045162086336128,0.8722629694936996,2.949316390355428,0.5791096991962856,-0.06699287792046865,0.6932763554078298,11586
43,42,0.666241554247035,0.6719903501192317,0.6441795366032244,0.6045162086336128,0.8722629694936996,2.949316390355428,0.5791096991962856,-0.06699287792046865,0.6932763554078298,11855
44,42,0.6675116187822122,0.6732313939423703,0.6445953168755268,0.6066312869464189,0.8757967337882492,2.9981862545013427,0.5831821878751119,-0.034927995006243405,0.688269844157215,12124
45,42,0.6687708279600472,0.6758304892762781,0.6461698944407798,0.6100424475967366,0.8814959259345071,2.9967041035493214,0.5830586752957768,-0.06739978194236755,0.6933398881382941,12393
46,42,0.6701351174265812,0.6758304892762781,0.6474955124886163,0.6100424475967366,0.8814959259345071,2.9967041035493214,0.5830586752957768,-0.06739978194236755,0.6933398881382941,12662
47,42,0.670804877071438,0.6758304892762781,0.6481419314694262,0.6100424475967366,0.8814959259345071,2.9967041035493214,0.5830586752957768,-0.06739978194236755,0.6933398881382941,12931
48,42,0.6714684886246451,0.6823953777942293,0.6479809626720701,0.5996007806504006,0.8640505246899611,3.310555020968119,0.6092129184140099,-0.002859136462211609,0.6832627121641071,13200
49,42,0.6720975685887882,0.6823953777942293,0.6482820569676343,0.5996007806504006,0.8640505246899611,3.310555020968119,0.6092129184140099,-0.002859136462211609,0.6832627121641071,13469
50,42,0.6725054767292683,0.6823953777942293,0.6485787583804066,0.5996007806504006,0.8640505246899611,3.310555020968119,0.6092129184140099,-0.002859136462211609,0.6832627121641071,13737
51,42,0.6734808910068925,0.6823953777942293,0.6504425917279916,0.5996007806504006,0.8640505246899611,3.310555020968119,0.6092129184140099,-0.002859136462211609,0.6832627121641071,14006
52,42,0.6743436102231548,0.6845707707958739,0.6498476057228249,0.6067310430050922,0.8759634010913794,3.1732879479726157,0.5977739956643847,-0.12053960959116618,0.7016369758180192,14275
53,42,0.6747730898455032,0.6845707707958739,0.6501368587430687,0.6067310430050922,0.8759634010913794,3.1732879479726157,0.5977739956643847,-0.12053960959116618,0.7016369758180192,14545
54,42,0.6757729856026811,0.6845707707958739,0.6513575458889739,0.6067310430050922,0.8759634010913794,3.1732879479726157,0.5977739956643847,-0.12053960959116618,0.7016369758180192,14812
55,42,0.6768219251794868,0.6845707707958739,0.652328870693579,0.6067310430050922,0.8759634010913794,3.1732879479726157,0.5977739956643847,-0.12053960959116618,0.7016369758180192,15082
56,42,0.6779464679616567,0.6866518631437932,0.6541064495674337,0.608518883153715,0.8789504326557963,3.1364115595817568,0.5947009632984798,-0.18501726388931275,0.711704316544647,15351
57,42,0.6784423303097781,0.6866518631437932,0.65296651910515,0.608518883153715,0.8789504326557963,3.1364115595817568,0.5947009632984798,-0.18501726388931275,0.711704316544647,15621
58,42,0.679014841822014,0.6866518631437932,0.6542284416466476,0.608518883153715,0.8789504326557963,3.1364115595817568,0.5947009632984798,-0.18501726388931275,0.711704316544647,15890
59,42,0.679426468669392,0.6866518631437932,0.6552797267294359,0.608518883153715,0.8789504326557963,3.1364115595817568,0.5947009632984798,-0.18501726388931275,0.711704316544647,16160
60,42,0.679435168164598,0.6866518631437932,0.6536113395346961,0.608518883153715,0.8789504326557963,3.1364115595817568,0.5947009632984798,-0.18501726388931275,0.711704316544647,16427
61,42,0.6797721827544433,0.6866518631437932,0.6550862789671591,0.608518883153715,0.8789504326557963,3.1364115595817568,0.5947009632984798,-0.18501726388931275,0.711704316544647,16697
62,42,0.6800217318326988,0.6866518631437932,0.656392700498853,0.608518883153715,0.8789504326557963,3.1364115595817568,0.5947009632984798,-0.18501726388931275,0.711704316544647,16965
63,42,0.6806880700283935,0.6866518631437932,0.6574216673212351,0.608518883153715,0.8789504326557963,3.1364115595817568,0.5947009632984798,-0.18501726388931275,0.711704316544647,17234
64,42,0.6814680443311769,0.6892619614037471,0.6566191410450659,0.6103859137541099,0.8820697715628051,3.4103108843167624,0.6175259070263969,0.01622155706087748,0.6802835119266254,17503
65,42,0.6823571360550142,0.6892619614037471,0.6582378774474423,0.6103859137541099,0.8820697715628051,3.4103108843167624,0.6175259070263969,0.01622155706087748,0.6802835119266254,17772
66,42,0.6826072091853287,0.6892619614037471,0.6582204435726754,0.6103859137541099,0.8820697715628051,3.4103108843167624,0.6175259070263969,0.01622155706087748,0.6802835119266254,18040
67,42,0.6837763267939158,0.6898407181755141,0.6595591975288512,0.6099716560498396,0.88137765105113,3.2526153604189556,0.6043846133682463,-0.13936472535133362,0.7045762709372163,18308
68,42,0.6842868228767347,0.6898407181755141,0.6611419804773045,0.6099716560498396,0.88137765105113,3.2526153604189556,0.6043846133682463,-0.13936472535133362,0.7045762709372163,18577
69,42,0.6844470966369018,0.6898407181755141,0.660195906034426,0.6099716560498396,0.88137765105113,3.2526153604189556,0.6043846133682463,-0.13936472535133362,0.7045762709372163,18846
70,42,0.6844473773307735,0.6898407181755141,0.6612180784894228,0.6099716560498396,0.88137765105113,3.2526153604189556,0.6043846133682463,-0.13936472535133362,0.7045762709372163,19115
71,42,0.6849269407929004,0.6898407181755141,0.6602979400163997,0.6099716560498396,0.88137765105113,3.2526153604189556,0.6043846133682463,-0.13936472535133362,0.7045762709372163,19385
72,42,0.6853705346228184,0.6898407181755141,0.6618986597467078,0.6099716560498396,0.88137765105113,3.2526153604189556,0.6043846133682463,-0.13936472535133362,0.7045762709372163,19652
73,42,0.6859162679013228,0.6898407181755141,0.661541279832419,0.6099716560498396,0.88137765105113,3.2526153604189556,0.6043846133682463,-0.13936472535133362,0.7045762709372163,19922
74,42,0.6860497399209127,0.6898407181755141,0.6620504115822562,0.6099716560498396,0.88137765105113,3.2526153604189556,0.6043846133682463,-0.13936472535133362,0.7045762709372163,20192
75,42,0.6863365201346279,0.6898407181755141,0.6632291008535512,0.6099716560498396,0.88137765105113,3.2526153604189556,0.6043846133682463,-0.13936472535133362,0.7045762709372163,20460
76,42,0.6866840462280266,0.6911306207746056,0.6645226285736812,0.6073918128229744,0.8770673813909317,3.3755778233210245,0.614631485276752,-0.07592724363009135,0.6946713395268109,20728
77,42,0.6867584761372104,0.6911306207746056,0.6631460517421678,0.6073918128229744,0.8770673813909317,3.3755778233210245,0.614631485276752,-0.07592724363009135,0.6946713395268109,20997
78,42,0.6871251266262378,0.6911306207746056,0.6642229182823521,0.6073918128229744,0.8770673813909317,3.3755778233210245,0.614631485276752,-0.07592724363009135,0.6946713395268109,21266
79,42,0.6872624024046811,0.6911306207746056,0.6641440681756581,0.6073918128229744,0.8770673813909317,3.3755778233210245,0.614631485276752,-0.07592724363009135,0.6946713395268109,21536
80,42,0.6873700936841671,0.6911306207746056,0.6640815320337209,0.6073918128229744,0.8770673813909317,3.3755778233210245,0.614631485276752,-0.07592724363009135,0.6946713395268109,21805
81,42,0.6874847840604991,0.6911306207746056,0.664800460741162,0.6073918128229744,0.8770673813909317,3.3755778233210245,0.614631485276752,-0.07592724363009135,0.6946713395268109,22074
82,42,0.6876575358592315,0.6911306207746056,0.6648652693737861,0.6073918128229744,0.8770673813909317,3.3755778233210245,0.614631485276752,-0.07592724363009135,0.6946713395268109,22342
83,42,0.6879588128201273,0.6911306207746056,0.6637564614649368,0.6073918128229744,0.8770673813909317,3.3755778233210245,0.614631485276752,-0.07592724363009135,0.6946713395268109,22611
84,42,0.6880257693581602,0.6911306207746056,0.6633678723696764,0.6073918128229744,0.8770673813909317,3.3755778233210245,0.614631485276752,-0.07592724363009135,0.6946713395268109,22881
85,42,0.6880257693581602,0.6911306207746056,0.6636879293420889,0.6073918128229744,0.8770673813909317,3.3755778233210245,0.614631485276752,-0.07592724363009135,0.6946713395268109,23149
86,42,0.688123290033446,0.6911306207746056,0.6648662647255745,0.6073918128229744,0.8770673813909317,3.3755778233210245,0.614631485276752,-0.07592724363009135,0.6946713395268109,23418
87,42,0.6885497273970294,0.6925703282213362,0.6641647095636426,0.6084204767261886,0.8787860202471202,3.2993509769439697,0.6082792480786642,-0.16713136037190754,0.7089116671086005,23687
88,42,0.6886623498019399,0.6925703282213362,0.6639969098006044,0.6084204767261886,0.8787860202471202,3.2993509769439697,0.6082792480786642,-0.16713136037190754,0.7089116671086005,23955
89,42,0.6893842583665568,0.6938396415802772,0.6645544909437088,0.6056657699694118,0.8741835975755279,3.4369262576103212,0.6197438548008601,-0.0915031651655833,0.6971033155491384,24224
90,42,0.6893999606193664,0.6938396415802772,0.6653660808937141,0.6056657699694118,0.8741835975755279,3.4369262576103212,0.6197438548008601,-0.0915031651655833,0.6971033155491384,24492
91,42,0.6895981634740947,0.6938396415802772,0.6650524321215704,0.6056657699694118,0.8741835975755279,3.4369262576103212,0.6197438548008601,-0.0915031651655833,0.6971033155491384,24760
92,42,0.6897090391192059,0.6938396415802772,0.6657759781402326,0.6056657699694118,0.8741835975755279,3.4369262576103212,0.6197438548008601,-0.0915031651655833,0.6971033155491384,25028
93,42,0.6898828182741796,0.6938396415802772,0.6666514641947976,0.6056657699694118,0.8741835975755279,3.4369262576103212,0.6197438548008601,-0.0915031651655833,0.6971033155491384,25294
94,42,0.6898951224343223,0.6938396415802772,0.6668468388497295,0.6056657699694118,0.8741835975755279,3.4369262576103212,0.6197438548008601,-0.0915031651655833,0.6971033155491384,25564
95,42,0.6901053469439636,0.6946468678473501,0.6682000936574317,0.6080833521471971,0.8782227698025186,3.4972188512484235,0.6247682376040352,-0.03785794178644816,0.6887273169494292,25830
96,42,0.6903253766382847,0.6946468678473501,0.6678998546314662,0.6080833521471971,0.8782227698025186,3.4972188512484235,0.6247682376040352,-0.03785794178644816,0.6887273169494292,26099
97,42,0.6906278768837661,0.6946468678473501,0.6672262308707197,0.6080833521471971,0.8782227698025186,3.4972188512484235,0.6247682376040352,-0.03785794178644816,0.6887273169494292,26369
98,42,0.6908730801706752,0.6946468678473501,0.6684764946961355,0.6080833521471971,0.8782227698025186,3.4972188512484235,0.6247682376040352,-0.03785794178644816,0.6887273169494292,26638
99,42,0.6913919118211899,0.6946468678473501,0.6670442695664841,0.6080833521471971,0.8782227698025186,3.4972188512484235,0.6247682376040352,-0.03785794178644816,0.6887273169494292,26906
100,42,0.6918476361147281,0.6957525425269395,0.6681669358591641,0.6080892012554344,0.8782325421923723,3.4927886803944905,0.6243990566995409,-0.06536181171735128,0.6930216857956485,27175
101,42,0.6921619303993379,0.6957525425269395,0.66698509481167,0.6080892012554344,0.8782325421923723,3.4927886803944905,0.6243990566995409,-0.06536181171735128,0.6930216857956485,27443
102,42,0.6922696053059361,0.6957525425269395,0.6668577667223564,0.6080892012554344,0.8782325421923723,3.4927886803944905,0.6243990566995409,-0.06536181171735128,0.6930216857956485,27713
103,42,0.6924724527976006,0.6957525425269395,0.6688215520846522,0.6080892012554344,0.8782325421923723,3.4927886803944905,0.6243990566995409,-0.06536181171735128,0.6930216857956485,27981
104,42,0.6925645856526016,0.6957525425269395,0.6692475663663596,0.6080892012554344,0.8782325421923723,3.4927886803944905,0.6243990566995409,-0.06536181171735128,0.6930216857956485,28251
105,42,0.6926586035843711,0.6957525425269395,0.6704437960188276,0.6080892012554344,0.8782325421923723,3.4927886803944905,0.6243990566995409,-0.06536181171735128,0.6930216857956485,28520
106,42,0.6927496046709494,0.6957525425269395,0.670672841742402,0.6080892012554344,0.8782325421923723,3.4927886803944905,0.6243990566995409,-0.06536181171735128,0.6930216857956485,28787
107,42,0.693062591350136,0.6957558476100045,0.6696265769075539,0.6119892676001292,0.8847485728810761,3.4139668862024943,0.6178305738502079,-0.10772507190704346,0.699636153695618,29055
108,42,0.6931420370887076,0.6957558476100045,0.6685619928008495,0.6119892676001292,0.8847485728810761,3.4139668862024943,0.6178305738502079,-0.10772507190704346,0.699636153695618,29324
109,42,0.6931625093781745,0.6957558476100045,0.6695327937360852,0.6119892676001292,0.8847485728810761,3.4139668862024943,0.6178305738502079,-0.10772507190704346,0.699636153695618,29594
110,42,0.6933668626949218,0.696000936756791,0.6703423720685936,0.6098607207278864,0.8811923060086562,3.3886515418688457,0.6157209618224039,-0.15066065390904745,0.7063399821461924,29862
111,42,0.6934421674438195,0.696000936756791,0.6706850541766162,0.6098607207278864,0.8811923060086562,3.3886515418688457,0.6157209618224039,-0.15066065390904745,0.7063399821461924,30132
112,42,0.6934421674438195,0.696000936756791,0.671041741040128,0.6098607207278864,0.8811923060086562,3.3886515418688457,0.6157209618224039,-0.15066065390904745,0.7063399821461924,30401
113,42,0.6935714519163291,0.696000936756791,0.6699388602730111,0.6098607207278864,0.8811923060086562,3.3886515418688457,0.6157209618224039,-0.15066065390904745,0.7063399821461924,30670
114,42,0.6936576950359644,0.696000936756791,0.6705639186551535,0.6098607207278864,0.8811923060086562,3.3886515418688457,0.6157209618224039,-0.15066065390904745,0.7063399821461924,30939
115,42,0.6936924000056376,0.696000936756791,0.6709545980833238,0.6098607207278864,0.8811923060086562,3.3886515418688457,0.6157209618224039,-0.15066065390904745,0.7063399821461924,31208
116,42,0.6937055306327642,0.696000936756791,0.6722107603921763,0.6098607207278864,0.8811923060086562,3.3886515418688457,0.6157209618224039,-0.15066065390904745,0.7063399821461924,31476
117,42,0.6941702863972448,0.6992808746122504,0.6718849339020287,0.6054167948750616,0.8737676227658389,3.5705657919247944,0.6308804826603995,-0.09056625366210938,0.6969570290962761,31746
118,42,0.6941702863972448,0.6992808746122504,0.6729871326217055,0.6054167948750616,0.8737676227658389,3.5705657919247944,0.6308804826603995,-0.09056625366210938,0.6969570290962761,32014
119,42,0.6946739961826491,0.7005826585916588,0.6724099993758219,0.6094870180494995,0.8805679427528534,3.6183868169784548,0.6348655680815379,-0.04678367575009664,0.6901209533343972,32283
120,42,0.6948229859554763,0.7005826585916588,0.6718584866236309,0.6094870180494995,0.8805679427528534,3.6183868169784548,0.6348655680815379,-0.04678367575009664,0.6901209533343972,32552
121,42,0.6950733900596917,0.7005826585916588,0.6724828719136532,0.6094870180494995,0.8805679427528534,3.6183868169784548,0.6348655680815379,-0.04678367575009664,0.6901209533343972,32821
122,42,0.6951921629826976,0.7005826585916588,0.6711931246669981,0.6094870180494995,0.8805679427528534,3.6183868169784548,0.6348655680815379,-0.04678367575009664,0.6901209533343972,33091
123,42,0.695405686616953,0.7005826585916588,0.6745289439510951,0.6094870180494995,0.8805679427528534,3.6183868169784548,0.6348655680815379,-0.04678367575009664,0.6901209533343972,33360
124,42,0.6957673473053952,0.7005826585916588,0.6733467201861271,0.6094870180494995,0.8805679427528534,3.6183868169784548,0.6348655680815379,-0.04678367575009664,0.6901209533343972,33630
125,42,0.6960663748825937,0.7005826585916588,0.6735603179481527,0.6094870180494995,0.8805679427528534,3.6183868169784548,0.6348655680815379,-0.04678367575009664,0.6901209533343972,33900
126,42,0.6960732785929948,0.7005826585916588,0.6737689368397941,0.6094870180494995,0.8805679427528534,3.6183868169784548,0.6348655680815379,-0.04678367575009664,0.6901209533343972,34169
127,42,0.6963116517295961,0.7005826585916588,0.6749517624799961,0.6094870180494995,0.8805679427528534,3.6183868169784548,0.6348655680815379,-0.04678367575009664,0.6901209533343972,34436
128,42,0.696440414669001,0.7005826585916588,0.674033751894763,0.6094870180494995,0.8805679427528534,3.6183868169784548,0.6348655680815379,-0.04678367575009664,0.6901209533343972,34705
129,42,0.6968041715903047,0.7010162361095367,0.6757591983063994,0.6119468454530067,0.8846776961348621,3.513968022664388,0.626164001888699,-0.13137632211049396,0.703328986460716,34974
130,42,0.6970306387916982,0.7010162361095367,0.6751281461526402,0.6119468454530067,0.8846776961348621,3.513968022664388,0.626164001888699,-0.13137632211049396,0.703328986460716,35243
131,42,0.6970719625247146,0.7010162361095367,0.6765091236550491,0.6119468454530067,0.8846776961348621,3.513968022664388,0.626164001888699,-0.13137632211049396,0.703328986460716,35511
132,42,0.6970719625247146,0.7010162361095367,0.6750103660870728,0.6119468454530067,0.8846776961348621,3.513968022664388,0.626164001888699,-0.13137632211049396,0.703328986460716,35778
133,42,0.6972360568955615,0.7010162361095367,0.6748584731959711,0.6119468454530067,0.8846776961348621,3.513968022664388,0.626164001888699,-0.13137632211049396,0.703328986460716,36048
134,42,0.6972569562472923,0.7010162361095367,0.6768591138259846,0.6119468454530067,0.8846776961348621,3.513968022664388,0.626164001888699,-0.13137632211049396,0.703328986460716,36317
135,42,0.6973400825200907,0.7010162361095367,0.676409750348198,0.6119468454530067,0.8846776961348621,3.513968022664388,0.626164001888699,-0.13137632211049396,0.703328986460716,36586
136,42,0.6975178803666952,0.7010162361095367,0.6778737961300374,0.6119468454530067,0.8846776961348621,3.513968022664388,0.626164001888699,-0.13137632211049396,0.703328986460716,36855
137,42,0.6978341945662476,0.7010162361095367,0.6764752011876873,0.6119468454530067,0.8846776961348621,3.513968022664388,0.626164001888699,-0.13137632211049396,0.703328986460716,37125
138,42,0.6980314946733944,0.7010162361095367,0.6772721319131718,0.6119468454530067,0.8846776961348621,3.513968022664388,0.626164001888699,-0.13137632211049396,0.703328986460716,37391
139,42,0.6982808488773874,0.7010162361095367,0.6774542465290312,0.6119468454530067,0.8846776961348621,3.513968022664388,0.626164001888699,-0.13137632211049396,0.703328986460716,37659
140,42,0.698344475529712,0.7010162361095367,0.6769477892829437,0.6119468454530067,0.8846776961348621,3.513968022664388,0.626164001888699,-0.13137632211049396,0.703328986460716,37929
141,42,0.6983877538415003,0.7010162361095367,0.6771719577348811,0.6119468454530067,0.8846776961348621,3.513968022664388,0.626164001888699,-0.13137632211049396,0.703328986460716,38197
142,42,0.6984113580069115,0.7010162361095367,0.6779527970801337,0.6119468454530067,0.8846776961348621,3.513968022664388,0.626164001888699,-0.13137632211049396,0.703328986460716,38466
143,42,0.698558745157579,0.7010162361095367,0.6783793458310666,0.6119468454530067,0.8846776961348621,3.513968022664388,0.626164001888699,-0.13137632211049396,0.703328986460716,38731
144,42,0.6986900661550489,0.7010162361095367,0.6795402864074277,0.6119468454530067,0.8846776961348621,3.513968022664388,0.626164001888699,-0.13137632211049396,0.703328986460716,39001
145,42,0.6987193574687659,0.7010162361095367,0.6777739400485566,0.6119468454530067,0.8846776961348621,3.513968022664388,0.626164001888699,-0.13137632211049396,0.703328986460716,39270
146,42,0.6988394374292602,0.7010162361095367,0.6792426415257561,0.6119468454530067,0.8846776961348621,3.513968022664388,0.626164001888699,-0.13137632211049396,0.703328986460716,39540
147,42,0.6990164032625976,0.7010162361095367,0.6792333223783726,0.6119468454530067,0.8846776961348621,3.513968022664388,0.626164001888699,-0.13137632211049396,0.703328986460716,39808
148,42,0.6996639226838384,0.7041240140766745,0.6801716706886559,0.6096405775198989,0.8808245020349857,3.621730573972066,0.6351442144976721,-0.11831749280293782,0.701290021402804,40075
149,42,0.6998181431537775,0.7041240140766745,0.6799499614222189,0.6096405775198989,0.8808245020349857,3.621730573972066,0.6351442144976721,-0.11831749280293782,0.701290021402804,40343
150,42,0.7000578767200254,0.7041240140766745,0.6804771310100538,0.6096405775198989,0.8808245020349857,3.621730573972066,0.6351442144976721,-0.11831749280293782,0.701290021402804,40612
151,42,0.7002896282694472,0.7041240140766745,0.6813284780948184,0.6096405775198989,0.8808245020349857,3.621730573972066,0.6351442144976721,-0.11831749280293782,0.701290021402804,40881
152,42,0.7004132054014548,0.7041240140766745,0.6808850153233487,0.6096405775198989,0.8808245020349857,3.621730573972066,0.6351442144976721,-0.11831749280293782,0.701290021402804,41150
153,42,0.7004376990696625,0.7041240140766745,0.6807034544481458,0.6096405775198989,0.8808245020349857,3.621730573972066,0.6351442144976721,-0.11831749280293782,0.701290021402804,41419
154,42,0.7008285176680593,0.7046454725357933,0.6814928939843308,0.608367537106001,0.8786975714466889,3.6406963070233664,0.6367246922519473,-0.12166083455085755,0.7018120404016066,41687
155,42,0.7009788995035255,0.7046454725357933,0.6826227192743222,0.608367537106001,0.8786975714466889,3.6406963070233664,0.6367246922519473,-0.12166083455085755,0.7018120404016066,41956
156,42,0.701036318420577,0.7046454725357933,0.682671158758198,0.608367537106001,0.8786975714466889,3.6406963070233664,0.6367246922519473,-0.12166083455085755,0.7018120404016066,42225
157,42,0.7012632342653481,0.7046454725357933,0.6823247179884308,0.608367537106001,0.8786975714466889,3.6406963070233664,0.6367246922519473,-0.12166083455085755,0.7018120404016066,42492
158,42,0.7018148513689071,0.7046454725357933,0.6823822840064543,0.608367537106001,0.8786975714466889,3.6406963070233664,0.6367246922519473,-0.12166083455085755,0.7018120404016066,42762
159,42,0.7021312160025388,0.7046454725357933,0.6830846281443683,0.608367537106001,0.8786975714466889,3.6406963070233664,0.6367246922519473,-0.12166083455085755,0.7018120404016066,43030
160,42,0.7023217649394965,0.7046454725357933,0.683692287189128,0.608367537106001,0.8786975714466889,3.6406963070233664,0.6367246922519473,-0.12166083455085755,0.7018120404016066,43300
161,42,0.7023749478509499,0.7046454725357933,0.6847934470761547,0.608367537106001,0.8786975714466889,3.6406963070233664,0.6367246922519473,-0.12166083455085755,0.7018120404016066,43569
162,42,0.7024024396264146,0.7046454725357933,0.684583476993029,0.608367537106001,0.8786975714466889,3.6406963070233664,0.6367246922519473,-0.12166083455085755,0.7018120404016066,43839
163,42,0.7024493592391298,0.7046454725357933,0.6840895369355137,0.608367537106001,0.8786975714466889,3.6406963070233664,0.6367246922519473,-0.12166083455085755,0.7018120404016066,44108
164,42,0.7025912352958003,0.7046454725357933,0.6847950668703237,0.608367537106001,0.8786975714466889,3.6406963070233664,0.6367246922519473,-0.12166083455085755,0.7018120404016066,44378
165,42,0.70265331225475,0.7046454725357933,0.6847929121284182,0.608367537106001,0.8786975714466889,3.6406963070233664,0.6367246922519473,-0.12166083455085755,0.7018120404016066,44647
166,42,0.7026865907286537,0.7046454725357933,0.6856344365075683,0.608367537106001,0.8786975714466889,3.6406963070233664,0.6367246922519473,-0.12166083455085755,0.7018120404016066,44915
167,42,0.7029000262678835,0.7049749537507146,0.6851330238789548,0.6074127242679265,0.8771023191599361,3.7115112423896788,0.6426259368658066,-0.07251399159431457,0.694138404952747,45183
168,42,0.7030015472626906,0.7049749537507146,0.6852309602673563,0.6074127242679265,0.8771023191599361,3.7115112423896788,0.6426259368658066,-0.07251399159431457,0.694138404952747,45452
169,42,0.7030015472626906,0.7049749537507146,0.6842100836692558,0.6074127242679265,0.8771023191599361,3.7115112423896788,0.6426259368658066,-0.07251399159431457,0.694138404952747,45720
170,42,0.703162199574127,0.7049749537507146,0.6863827707179242,0.6074127242679265,0.8771023191599361,3.7115112423896788,0.6426259368658066,-0.07251399159431457,0.694138404952747,45990
171,42,0.7031964922744351,0.7049749537507146,0.6857676082841763,0.6074127242679265,0.8771023191599361,3.7115112423896788,0.6426259368658066,-0.07251399159431457,0.694138404952747,46259
172,42,0.7034023171939862,0.7049749537507146,0.6857623282487774,0.6074127242679265,0.8771023191599361,3.7115112423896788,0.6426259368658066,-0.07251399159431457,0.694138404952747,46529
173,42,0.7036553457637275,0.7070538217117107,0.6851739891069193,0.6065973566573296,0.8757400448026161,3.6978373010953267,0.6414864417579439,-0.13487530152002972,0.7038753062407185,46796
174,42,0.7039411156450972,0.7070538217117107,0.685842072442245,0.6065973566573296,0.8757400448026161,3.6978373010953267,0.6414864417579439,-0.13487530152002972,0.7038753062407185,47064
175,42,0.7039429148962201,0.7070538217117107,0.6847715144650337,0.6065973566573296,0.8757400448026161,3.6978373010953267,0.6414864417579439,-0.13487530152002972,0.7038753062407185,47334
176,42,0.704119146918305,0.7070538217117107,0.6871601694663667,0.6065973566573296,0.8757400448026161,3.6978373010953267,0.6414864417579439,-0.13487530152002972,0.7038753062407185,47602
177,42,0.7042575987956996,0.7070538217117107,0.68746870147591,0.6065973566573296,0.8757400448026161,3.6978373010953267,0.6414864417579439,-0.13487530152002972,0.7038753062407185,47871
178,42,0.7044414482359838,0.7070538217117107,0.6871064293371095,0.6065973566573296,0.8757400448026161,3.6978373010953267,0.6414864417579439,-0.13487530152002972,0.7038753062407185,48138
179,42,0.7045308061150072,0.7070538217117107,0.6875513806194704,0.6065973566573296,0.8757400448026161,3.6978373010953267,0.6414864417579439,-0.13487530152002972,0.7038753062407185,48407
180,42,0.7048781654420767,0.707772260764873,0.6881652533164705,0.6060449352243069,0.8748170874238089,3.7821309288342793,0.6485109107361899,-0.07917196154594422,0.6951779597067207,48676
181,42,0.7049786415563947,0.707772260764873,0.6873282875660022,0.6060449352243069,0.8748170874238089,3.7821309288342793,0.6485109107361899,-0.07917196154594422,0.6951779597067207,48942
182,42,0.7050403190378085,0.707772260764873,0.6878197758791753,0.6060449352243069,0.8748170874238089,3.7821309288342793,0.6485109107361899,-0.07917196154594422,0.6951779597067207,49212
183,42,0.7052210809002517,0.707772260764873,0.6879681662305908,0.6060449352243069,0.8748170874238089,3.7821309288342793,0.6485109107361899,-0.07917196154594422,0.6951779597067207,49480
184,42,0.7054789834459807,0.707772260764873,0.6891252434195448,0.6060449352243069,0.8748170874238089,3.7821309288342793,0.6485109107361899,-0.07917196154594422,0.6951779597067207,49750
185,42,0.7058074352517371,0.707772260764873,0.6903636704581866,0.6060449352243069,0.8748170874238089,3.7821309288342793,0.6485109107361899,-0.07917196154594422,0.6951779597067207,50019
186,42,0.7060500276023326,0.707772260764873,0.6902034669937819,0.6060449352243069,0.8748170874238089,3.7821309288342793,0.6485109107361899,-0.07917196154594422,0.6951779597067207,50287
187,42,0.706206853911834,0.707772260764873,0.6904854104292882,0.6060449352243069,0.8748170874238089,3.7821309288342793,0.6485109107361899,-0.07917196154594422,0.6951779597067207,50556
188,42,0.7065317940046285,0.7088040589386483,0.6914407394865122,0.6073165463921119,0.8769416301010858,3.817964669068654,0.6514970557557213,-0.06025303204854328,0.6922240168019016,50826
189,42,0.7066220370526766,0.7088040589386483,0.6913431487634225,0.6073165463921119,0.8769416301010858,3.817964669068654,0.6514970557557213,-0.06025303204854328,0.6922240168019016,51093
190,42,0.7067733743777064,0.7088040589386483,0.6907312814329866,0.6073165463921119,0.8769416301010858,3.817964669068654,0.6514970557557213,-0.06025303204854328,0.6922240168019016,51360
191,42,0.7069511087978415,0.7094342321053868,0.6884338092612425,0.6014672781483037,0.8671689729166867,3.830981429417928,0.6525817857848274,-0.10385450522104898,0.699031815432119,51628
192,42,0.7070175852585243,0.7094342321053868,0.6897228362900554,0.6014672781483037,0.8671689729166867,3.830981429417928,0.6525817857848274,-0.10385450522104898,0.699031815432119,51897
193,42,0.7071998689467659,0.7094342321053868,0.6916295394052967,0.6014672781483037,0.8671689729166867,3.830981429417928,0.6525817857848274,-0.10385450522104898,0.699031815432119,52167
194,42,0.7074175123398447,0.7094342321053868,0.6919919586240115,0.6014672781483037,0.8671689729166867,3.830981429417928,0.6525817857848274,-0.10385450522104898,0.699031815432119,52433
195,42,0.7077801183878792,0.7094946453252626,0.6923471428068323,0.6046279300766754,0.8724496279469777,3.824377453327179,0.6520314544439315,-0.08847159147262573,0.6966299750463378,52702
196,42,0.7078571395147011,0.7094946453252626,0.6927836556222543,0.6046279300766754,0.8724496279469777,3.824377453327179,0.6520314544439315,-0.08847159147262573,0.6966299750463378,52971
197,42,0.7079042682062557,0.7094946453252626,0.6922989374098973,0.6046279300766754,0.8724496279469777,3.824377453327179,0.6520314544439315,-0.08847159147262573,0.6966299750463378,53235
198,42,0.707963062195719,0.7094946453252626,0.6927786240509243,0.6046279300766754,0.8724496279469777,3.824377453327179,0.6520314544439315,-0.08847159147262573,0.6966299750463378,53502
199,42,0.7081363011531642,0.7097759911190142,0.6928055725081901,0.6029466053399546,0.8696405568661607,3.8533111612002053,0.6544425967666837,-0.08073455293973288,0.6954219378748009,53768
